model_config,model_label,family,archive_layout,condition,repeat_index,split_seed,nas_trial_id,best_epoch,train_acc,val_acc,test_acc,train_loss,val_loss,test_loss,train_accuracy_macro_levels,val_accuracy_macro_levels,test_accuracy_macro_levels,train_f1_macro_levels,val_f1_macro_levels,test_f1_macro_levels,train_precision_macro_levels,val_precision_macro_levels,test_precision_macro_levels,train_recall_macro_levels,val_recall_macro_levels,test_recall_macro_levels,train_accuracy_overall,val_accuracy_overall,test_accuracy_overall,train_f1_macro_overall,val_f1_macro_overall,test_f1_macro_overall,train_precision_macro_overall,val_precision_macro_overall,test_precision_macro_overall,train_recall_macro_overall,val_recall_macro_overall,test_recall_macro_overall,train_oa_overall,train_omae_overall,train_qwk_overall,train_ser_overall,val_oa_overall,val_omae_overall,val_qwk_overall,val_ser_overall,test_oa_overall,test_omae_overall,test_qwk_overall,test_ser_overall,run_dir
nas_best_vit_2d,ViT 2D,vit,2d,left_neural_foraminal_narrowing,1,42,2091,4,0.747139765722522,0.7749152787661149,0.7804053925179146,1.11513127562449,0.9853446734153618,0.9813558024329108,0.7781317885590152,0.7749152542372881,0.7804054054054055,0.2892373042865998,0.2887763879122616,0.2899925699161249,,,,,,,0.7781317885590152,0.7749152542372881,0.7804054054054054,0.2917413259488516,0.2910618792971734,0.2922201138519924,,,,,,,0.7781317885590152,0.2955829109341057,0.6678249538494951,0.07371469949312093,0.7749152542372881,0.26576271186440675,0.0,0.04067796610169491,0.7804054054054054,0.2918918918918919,0.6717468404843732,0.0722972972972973,nas_best_vit_2d/left_neural_foraminal_narrowing/repeat_01
nas_best_vit_2d,ViT 2D,vit,2d,left_neural_foraminal_narrowing,2,142,2091,4,0.7252715601599967,0.7640678176435374,0.7689189492045222,1.0007257188341914,0.940540363020816,0.9461327952307624,0.7829109341057204,0.7640677966101694,0.768918918918919,0.2903596036565186,0.2862960846192743,0.2871727263848972,,,,,,,0.7829109341057205,0.7640677966101694,0.768918918918919,0.2927463244253107,0.2887522418652319,0.2897886427298192,,,,,,,0.7829109341057205,0.28935553946415643,0.6747012580544829,0.07226647356987691,0.7640677966101694,0.27661016949152545,0.0,0.04067796610169491,0.768918918918919,0.30675675675675673,0.655488987691621,0.07567567567567568,nas_best_vit_2d/left_neural_foraminal_narrowing/repeat_02
nas_best_vit_2d,ViT 2D,vit,2d,left_neural_foraminal_narrowing,3,242,2091,4,0.7069565311722134,0.774324357509613,0.7628378344548715,1.5047990052596385,1.057479175361427,1.2035363171551678,0.7820289855072464,0.7743243243243242,0.7628378378378378,0.2902512378929732,0.288378724542299,0.2855347587404527,,,,,,,0.7820289855072464,0.7743243243243243,0.7628378378378379,0.2925612665365431,0.2909367859862909,0.2884885652229462,,,,,,,0.7820289855072464,0.29028985507246374,0.6737688879226003,0.07231884057971015,0.7743243243243243,0.2668918918918919,0.0,0.04121621621621622,0.7628378378378379,0.31486486486486487,0.6467017193657587,0.0777027027027027,nas_best_vit_2d/left_neural_foraminal_narrowing/repeat_03
nas_best_vit_2d,ViT 2D,vit,2d,left_neural_foraminal_narrowing,4,342,2091,2,0.6797972607232797,0.7735593569480766,0.766891878198933,2.5671525653249367,1.3958258935960672,1.5129464252575024,0.7813178855901521,0.7735593220338982,0.7668918918918919,0.2900970405230502,0.2875359896600857,0.2870900299448761,,,,,,,0.781317885590152,0.7735593220338983,0.7668918918918919,0.2924119241192411,0.2907747196738022,0.2893562778840025,,,,,,,0.781317885590152,0.29123823316437364,0.672820170231363,0.07255611875452571,0.7735593220338983,0.26372881355932204,0.0,0.03728813559322034,0.7668918918918919,0.30945945945945946,0.6524402176711929,0.07635135135135135,nas_best_vit_2d/left_neural_foraminal_narrowing/repeat_04
nas_best_vit_2d,ViT 2D,vit,2d,left_neural_foraminal_narrowing,5,442,2091,5,0.7137482051566437,0.7763513705214938,0.7809524065783234,0.7772489278085325,0.6608889360685606,0.6781078009378343,0.777713458755427,0.7763513513513514,0.780952380952381,0.2891980040426374,0.2886911730658931,0.2902470815541113,,,,,,,0.777713458755427,0.7763513513513514,0.780952380952381,0.2916530988820145,0.2913655382274629,0.2923351158645276,,,,,,,0.777713458755427,0.29609261939218523,0.6670287230526397,0.07380607814761216,0.7763513513513514,0.2662162162162162,0.0,0.04256756756756757,0.780952380952381,0.291156462585034,0.6731358529111338,0.07210884353741497,nas_best_vit_2d/left_neural_foraminal_narrowing/repeat_05
nas_best_vit_2d,ViT 2D,vit,2d,left_subarticular_stenosis,1,42,74,16,0.8465338788184512,0.8417582762983692,0.8466666998686614,0.3622937274169162,0.3718986498130547,0.3773801719700849,0.8538645418326694,0.8417582417582418,0.8466666666666667,0.6836299139489956,0.6749652026585156,0.6610488674312347,,,,,,,0.8538645418326694,0.8417582417582418,0.8466666666666667,0.7444558229103401,0.7236983929293498,0.749215309852819,,,,,,,0.8538645418326694,0.1945816733067729,0.7814031313493486,0.04844621513944223,0.8417582417582418,0.1619047619047619,0.7846628217867423,0.003663003663003663,0.8466666666666667,0.20222222222222222,0.7748749305169539,0.04888888888888889,nas_best_vit_2d/left_subarticular_stenosis/repeat_01
nas_best_vit_2d,ViT 2D,vit,2d,left_subarticular_stenosis,2,142,74,14,0.8431309990989514,0.8358974703502305,0.7978022212073916,0.3719180660506788,0.3836576617681063,0.4316367646713396,0.8471246006389777,0.8358974358974359,0.7978021978021979,0.6641209631921986,0.6562944100721342,0.6131202791334961,,,,,,,0.8471246006389777,0.8358974358974359,0.7978021978021979,0.731654982924379,0.7121452740258962,0.6760516300885753,,,,,,,0.8471246006389777,0.2035143769968051,0.7714423053555508,0.05063897763578275,0.8358974358974359,0.16923076923076924,0.764218620119306,0.005128205128205128,0.7978021978021979,0.2681318681318681,0.6996699669966997,0.06593406593406594,nas_best_vit_2d/left_subarticular_stenosis/repeat_02
nas_best_vit_2d,ViT 2D,vit,2d,left_subarticular_stenosis,3,242,74,1,0.6112787967356923,0.7246268676288092,0.7254612439232999,0.8858754806238285,0.6961718584174541,0.6993165086556185,0.7245432883240668,0.7246268656716419,0.7254612546125461,0.2769033435054829,0.2759908034753707,0.276657086521733,,,,,,,0.7245432883240667,0.7246268656716418,0.7254612546125462,0.2800908867600098,0.2801096206548392,0.2802965497576276,,,,,,,0.7245432883240667,0.36679904686258935,0.5876746477551702,0.09134233518665608,0.7246268656716418,,,,0.7254612546125462,0.3638376383763838,0.5937048059447585,0.08929889298892989,nas_best_vit_2d/left_subarticular_stenosis/repeat_03
nas_best_vit_2d,ViT 2D,vit,2d,left_subarticular_stenosis,4,342,74,1,0.6317208588454196,0.7205882475656622,0.7320755070110537,0.8433626395761731,0.6921154681374045,0.6855886778741512,0.7240285487708169,0.7205882352941175,0.7320754716981133,0.2766726937186893,0.2753182173649265,0.2785030059800079,,,,,,,0.7240285487708168,0.7205882352941176,0.7320754716981132,0.2799754676479607,0.2792022792022792,0.2817719680464778,,,,,,,0.7240285487708168,0.36780333068992865,0.5865142928276755,0.09183187946074545,0.7205882352941176,,,,0.7320754716981132,0.35547169811320756,0.6026037300363276,0.08754716981132075,nas_best_vit_2d/left_subarticular_stenosis/repeat_04
nas_best_vit_2d,ViT 2D,vit,2d,right_neural_foraminal_narrowing,1,42,132,30,0.8913328633287573,0.8486486576698922,0.8527027191342534,0.2774625275791429,0.3663460886156237,0.3390657047967653,0.8927895120174799,0.8486486486486486,0.8527027027027028,0.7352724726784525,0.6093514295598925,0.6120005246402775,,,,,,,0.89278951201748,0.8486486486486486,0.8527027027027027,0.7816926778184975,0.7039354004149704,0.6884951341061613,,,,,,,0.89278951201748,0.14275309541150766,0.8395277400793395,0.03554260742898762,0.8486486486486486,0.15405405405405406,0.7054979671197856,0.002702702702702703,0.8527027027027027,0.1945945945945946,0.7827433522086136,0.0472972972972973,nas_best_vit_2d/right_neural_foraminal_narrowing/repeat_01
nas_best_vit_2d,ViT 2D,vit,2d,right_neural_foraminal_narrowing,2,142,132,31,0.8897305328048933,0.8709459643106203,0.8385135434769295,0.2812462268045846,0.341905648643906,0.3831429884240434,0.8890021849963583,0.870945945945946,0.8385135135135136,0.7607097478289097,0.6283514980870634,0.5678449161263519,,,,,,,0.8890021849963583,0.870945945945946,0.8385135135135136,0.7780960579401782,0.6650803678001775,0.6337937314823171,,,,,,,0.8890021849963583,0.14785142024763293,0.8337159194883408,0.03685360524399126,0.870945945945946,0.13243243243243244,0.7069047728915756,0.0033783783783783786,0.8385135135135136,0.2141891891891892,0.7595322826639552,0.052702702702702706,nas_best_vit_2d/right_neural_foraminal_narrowing/repeat_02
nas_best_vit_2d,ViT 2D,vit,2d,right_neural_foraminal_narrowing,3,242,132,23,0.8647272897633639,0.841496636267422,0.8466216406306705,0.3215995854681188,0.3788861028191184,0.3646452861863213,0.8778181818181819,0.8414965986394558,0.8466216216216216,0.6199954679509607,0.5852557069365066,0.6147393159381477,,,,,,,0.8778181818181818,0.8414965986394558,0.8466216216216216,0.7309173882415756,0.6773060296090403,0.6786231480450039,,,,,,,0.8778181818181818,0.16261818181818183,0.8174084059323488,0.04043636363636364,0.8414965986394558,0.16394557823129252,0.6761476147614762,0.005442176870748299,0.8466216216216216,0.20405405405405405,0.7703228375924,0.05067567567567568,nas_best_vit_2d/right_neural_foraminal_narrowing/repeat_03
nas_best_vit_2d,ViT 2D,vit,2d,right_neural_foraminal_narrowing,4,342,132,17,0.8694829151566152,0.8493243536433658,0.838513512869139,0.3228971896949512,0.3939602890530148,0.3996080981718527,0.8739985433357612,0.8493243243243244,0.8385135135135136,0.7138023832862688,0.624707514573211,0.5720757497469033,,,,,,,0.8739985433357611,0.8493243243243244,0.8385135135135136,0.7261428713853731,0.6567735042735042,0.6651014523419237,,,,,,,0.8739985433357611,0.16766205389657685,0.8116734668987924,0.04166059723233795,0.8493243243243244,0.15743243243243243,0.652233676975945,0.006756756756756757,0.8385135135135136,0.2141891891891892,0.7597765363128491,0.052702702702702706,nas_best_vit_2d/right_neural_foraminal_narrowing/repeat_04
nas_best_vit_2d,ViT 2D,vit,2d,right_neural_foraminal_narrowing,5,442,132,22,0.8574128012324489,0.8386441012560311,0.842857136207373,0.3509555805561154,0.3808796583595922,0.3647876454859364,0.8614825581395349,0.8386440677966102,0.8428571428571429,0.5682764900986319,0.522470287916394,0.4962646348244467,,,,,,,0.8614825581395349,0.8386440677966102,0.8428571428571429,0.6751070331042678,0.628556131501374,0.6054920355657932,,,,,,,0.8614825581395349,0.18444767441860466,0.7926709564838041,0.045930232558139536,0.8386440677966102,0.1640677966101695,0.6399277414315009,0.002711864406779661,0.8428571428571429,0.20816326530612245,0.7671092951991828,0.05102040816326531,nas_best_vit_2d/right_neural_foraminal_narrowing/repeat_05
nas_best_vit_2d,ViT 2D,vit,2d,spinal_canal_stenosis,1,42,72,24,0.943180119757735,0.9216783542733092,0.9314685247161172,0.1828798127291161,0.2680779778874004,0.2472973695168128,0.9470987189148454,0.9216783216783216,0.9314685314685316,0.7496124763611205,0.640453601021284,0.6501363447355722,,,,,,,0.9470987189148456,0.9216783216783216,0.9314685314685316,0.8035447809763534,0.7166805037576288,0.7349462726099274,,,,,,,0.9470987189148456,0.07023360964581764,0.9213559455965079,0.01733232856066315,0.9216783216783216,0.08111888111888112,0.8114351220694921,0.002797202797202797,0.9314685314685316,0.09020979020979021,0.8999476165531692,0.021678321678321677,nas_best_vit_2d/spinal_canal_stenosis/repeat_01
nas_best_vit_2d,ViT 2D,vit,2d,spinal_canal_stenosis,2,142,72,20,0.94766918196714,0.9222222103012933,0.9259786501898036,0.1862064653097238,0.2442182567384508,0.2470592610352404,0.9505263157894736,0.9222222222222224,0.9259786476868326,0.7627489744907556,0.6011654142716167,0.6178277548580031,,,,,,,0.9505263157894736,0.9222222222222224,0.9259786476868328,0.8070343902368139,0.7030293846920955,0.7075852221050128,,,,,,,0.9505263157894736,0.06571428571428571,0.9263727590483707,0.0162406015037594,0.9222222222222224,0.08472222222222223,0.785051130247578,0.006944444444444444,0.9259786476868328,0.09679715302491103,0.8929348426599405,0.022775800711743774,nas_best_vit_2d/spinal_canal_stenosis/repeat_02
nas_best_vit_2d,ViT 2D,vit,2d,spinal_canal_stenosis,3,242,72,7,0.9185018822048489,0.9159010596073136,0.9195729661666626,0.3878270346350437,0.4745292410833675,0.459725161676305,0.9195505617977529,0.9159010600706712,0.9195729537366548,0.5871331741684861,0.5762534564254005,0.6010402319517572,,,,,,,0.9195505617977529,0.9159010600706714,0.9195729537366548,0.655489676011325,0.6542273773118837,0.6495688766796859,,,,,,,0.9195505617977529,0.10696629213483146,0.88,0.02651685393258427,0.9159010600706714,0.0862190812720848,0.7848675614681079,0.0021201413427561835,0.9195729537366548,0.10676156583629894,0.8800842823993812,0.026334519572953737,nas_best_vit_2d/spinal_canal_stenosis/repeat_03
nas_best_vit_2d,ViT 2D,vit,2d,spinal_canal_stenosis,4,342,72,23,0.9347891757287174,0.9290780450435396,0.9224913796751556,0.2027336333889559,0.2507520470213383,0.2921803469888892,0.9414156626506024,0.9290780141843972,0.9224913494809688,0.7429588242683008,0.6872882296584397,0.6197930461670029,,,,,,,0.9414156626506024,0.9290780141843972,0.9224913494809688,0.7810230211911152,0.7468673985006221,0.7170103737032871,,,,,,,0.9414156626506024,0.07786144578313253,0.91264549666629,0.01927710843373494,0.9290780141843972,0.07872340425531915,0.794708598527393,0.007801418439716312,0.9224913494809688,0.10173010380622838,0.8875072871915837,0.02422145328719723,nas_best_vit_2d/spinal_canal_stenosis/repeat_04
nas_best_vit_2d,ViT 2D,vit,2d,spinal_canal_stenosis,5,442,72,20,0.938461555345026,0.9188811412224402,0.9212543546945792,0.2016798225238492,0.2537781266899375,0.2803682231113886,0.9455505279034688,0.9188811188811188,0.9212543554006968,0.7596152987848719,0.6122605647454024,0.5975670867406639,,,,,,,0.945550527903469,0.9188811188811188,0.9212543554006968,0.7974018483165133,0.6849826239261289,0.6851021366337952,,,,,,,0.945550527903469,0.07239819004524888,0.9187599004299616,0.017948717948717947,0.9188811188811188,0.09230769230769231,0.7483663987811029,0.011188811188811189,0.9212543554006968,0.10383275261324042,0.8841111693759832,0.025087108013937282,nas_best_vit_2d/spinal_canal_stenosis/repeat_05
