epoch,train_loss,train_acc,val_loss,val_acc,test_loss,test_acc,epoch_time_sec,train_accuracy_l1_l2,train_f1_macro_l1_l2,train_accuracy_l2_l3,train_f1_macro_l2_l3,train_accuracy_l3_l4,train_f1_macro_l3_l4,train_accuracy_l4_l5,train_f1_macro_l4_l5,train_accuracy_l5_s1,train_f1_macro_l5_s1,train_accuracy_macro_levels,train_f1_macro_levels,train_accuracy_overall,train_f1_macro_overall,val_accuracy_l1_l2,val_f1_macro_l1_l2,val_accuracy_l2_l3,val_f1_macro_l2_l3,val_accuracy_l3_l4,val_f1_macro_l3_l4,val_accuracy_l4_l5,val_f1_macro_l4_l5,val_accuracy_l5_s1,val_f1_macro_l5_s1,val_accuracy_macro_levels,val_f1_macro_levels,val_accuracy_overall,val_f1_macro_overall,test_accuracy_l1_l2,test_f1_macro_l1_l2,test_accuracy_l2_l3,test_f1_macro_l2_l3,test_accuracy_l3_l4,test_f1_macro_l3_l4,test_accuracy_l4_l5,test_f1_macro_l4_l5,test_accuracy_l5_s1,test_f1_macro_l5_s1,test_accuracy_macro_levels,test_f1_macro_levels,test_accuracy_overall,test_f1_macro_overall
1,1.1439412630681742,0.32376094097298713,1.0967962593341918,0.35622896590216796,1.0947820721445858,0.3702702828355738,10.582833290100098,0.3943148688046647,0.20899226343159974,0.25728862973760935,0.18337339731003824,0.4314868804664723,0.25680513811429667,0.4322157434402332,0.3106954756289377,0.25510204081632654,0.1895211218599956,0.35408163265306125,0.2298774792689736,0.35408163265306125,0.274304886061516,0.3602693602693603,0.2128907848093428,0.28619528619528617,0.19689735759244123,0.4478114478114478,0.23100249113530544,0.4276094276094276,0.29323004323004326,0.25925925925925924,0.2003302658117078,0.35622895622895623,0.2268701885157681,0.35622895622895623,0.2770368618280023,0.42905405405405406,0.2440084309923278,0.24324324324324326,0.18309602044541803,0.46283783783783783,0.2463768958461602,0.4527027027027027,0.315018315018315,0.2635135135135135,0.22343597990747913,0.37027027027027026,0.24238712844194005,0.37027027027027026,0.28747544459331037
2,1.064744328618397,0.42507288954695877,1.0620450138644337,0.4572390581822957,1.0648256153673739,0.44662163305926966,10.285709142684937,0.4846938775510204,0.24179839867276565,0.3520408163265306,0.2329029769876972,0.5276967930029155,0.32051141702217084,0.4963556851311953,0.37280395497805136,0.3432944606413994,0.27456766842059194,0.4408163265306123,0.2885168832162554,0.44081632653061226,0.3195347382350708,0.5151515151515151,0.2541125541125541,0.37037037037037035,0.2637721755368814,0.569023569023569,0.29804785716303644,0.5151515151515151,0.34863209130580736,0.3164983164983165,0.24219092331768388,0.4572390572390573,0.28135112028719267,0.4572390572390572,0.3184799072875244,0.47297297297297297,0.2419371751952634,0.40540540540540543,0.25398713543043444,0.5168918918918919,0.3030750756733126,0.5236486486486487,0.37518406624146805,0.3141891891891892,0.26364715377676495,0.44662162162162156,0.2875661212634487,0.4466216216216216,0.3217580072546345
3,0.9897526806714584,0.5259475353507884,0.9841843124993321,0.5865319967269897,0.9845730581799069,0.5804054124935253,10.342052221298218,0.6537900874635568,0.2911748509031686,0.5306122448979592,0.27215579753308367,0.6472303206997084,0.3751084040033709,0.5604956268221575,0.41865756211516447,0.5174927113702624,0.4101005898442569,0.5819241982507288,0.3534394408798089,0.5819241982507288,0.38093227096194165,0.632996632996633,0.2689969604863222,0.569023569023569,0.3427048260381594,0.6902356902356902,0.3332148937745207,0.5824915824915825,0.40830448615247766,0.45791245791245794,0.351202829401755,0.5865319865319866,0.340884799170647,0.5865319865319866,0.3717391188270962,0.6621621621621622,0.3511790228258819,0.5675675675675675,0.2850983097619869,0.6790540540540541,0.40213170819511945,0.5337837837837838,0.3873321123321123,0.4594594594594595,0.3562199358320644,0.5804054054054054,0.356392217789433,0.5804054054054054,0.3743734396968572
4,0.9166902473994664,0.609475222342911,0.9015582213899503,0.6686868720785134,0.8934804877719363,0.6736486578309858,10.591495275497437,0.7857142857142857,0.3388094588875878,0.6669096209912536,0.3231587315460345,0.706997084548105,0.39965867768171354,0.6188046647230321,0.4898505847916293,0.5852769679300291,0.40430229663041956,0.6727405247813412,0.39115594990747693,0.672740524781341,0.417418000338537,0.8047138047138047,0.33157894736842103,0.67003367003367,0.30643758155719875,0.696969696969697,0.33613550034248707,0.6060606060606061,0.43461180012904155,0.5656565656565656,0.4176170818686189,0.6686868686868687,0.36527618225315345,0.6686868686868687,0.39528916566925365,0.793918918918919,0.3627740941080672,0.7195945945945946,0.33218129752147724,0.7027027027027027,0.37285536785893675,0.6081081081081081,0.44450372576633157,0.543918918918919,0.38068478767690794,0.6736486486486487,0.37859985458634415,0.6736486486486486,0.4087883027354225
5,0.8524162209763819,0.6892128301778966,0.8391147490703699,0.7252525310925763,0.8401707459140468,0.7310810959016955,10.534074068069458,0.8688046647230321,0.3109024517475222,0.782798833819242,0.34847372960424794,0.7434402332361516,0.42411339316524593,0.641399416909621,0.4742362052478777,0.642128279883382,0.4480682045117184,0.7357142857142857,0.40115879685532246,0.7357142857142858,0.4458664431272899,0.8552188552188552,0.3313370736935006,0.7676767676767676,0.35459017915158264,0.7373737373737373,0.37322670125004503,0.6363636363636364,0.43237367863577186,0.6296296296296297,0.43815311378265914,0.7252525252525253,0.38593614930271186,0.7252525252525253,0.4247274571821884,0.8783783783783784,0.42010726573568097,0.7871621621621622,0.3420373952288846,0.7398648648648649,0.3892382948986723,0.6452702702702703,0.4806326758350197,0.6047297297297297,0.42262521486858223,0.731081081081081,0.41092816931336795,0.731081081081081,0.4419455215663746
6,0.7937897424656171,0.736151612534815,0.7808004788276723,0.7643097659152767,0.7919786459690815,0.743243246465116,10.366974115371704,0.9096209912536443,0.3784800864141608,0.8447521865889213,0.3965704848649499,0.75,0.4499048143802871,0.6479591836734694,0.4809296025505652,0.6494169096209913,0.46653663811137874,0.7603498542274053,0.4344843252642684,0.7603498542274052,0.4731261489697282,0.8956228956228957,0.35307758563572517,0.8316498316498316,0.3857033287314005,0.7676767676767676,0.49500900016363936,0.6767676767676768,0.44770726314228315,0.6498316498316499,0.43819898329702256,0.7643097643097644,0.4239392321940142,0.7643097643097643,0.457255319516327,0.8986486486486487,0.31610219845513965,0.8243243243243243,0.34851664043830505,0.7466216216216216,0.4074858757062147,0.625,0.4584126984126984,0.6216216216216216,0.43638705434216657,0.7432432432432432,0.3933808934709049,0.7432432432432432,0.44476229025519837
7,0.7427606104761797,0.7699708533704107,0.739224915953999,0.7811447813454702,0.7504616379737854,0.760810818221118,10.360517978668213,0.9526239067055393,0.3630431297097964,0.8782798833819242,0.4120977024757093,0.7747813411078717,0.4586912623124322,0.6705539358600583,0.5219464945606836,0.6960641399416909,0.5163768005873269,0.7944606413994169,0.4544310779291897,0.7944606413994169,0.5198898768745105,0.9124579124579124,0.31976401179941,0.8484848484848485,0.3708030919926831,0.7744107744107744,0.4256076907750548,0.6531986531986532,0.45685517734298225,0.7171717171717171,0.5599222133828339,0.7811447811447811,0.4265904370585928,0.7811447811447811,0.5012601968263495,0.9222972972972973,0.3648213584609344,0.8547297297297297,0.367445247297373,0.7364864864864865,0.4068373538552612,0.6655405405405406,0.5243292218572733,0.625,0.4064977521198719,0.7608108108108109,0.4139861867181428,0.7608108108108108,0.4647927029828431
8,0.7004995693618286,0.7883382085113414,0.6999694365844984,0.7851852007987925,0.7077767945624687,0.7831081296946552,10.751545667648315,0.9613702623906706,0.3757016679578109,0.9016034985422741,0.3960524607193871,0.7733236151603499,0.4398399327368488,0.6887755102040817,0.48952642948388164,0.6938775510204082,0.5068509927151066,0.803790087463557,0.441594296722607,0.8037900874635568,0.5105298312600891,0.9259259259259259,0.3210741389375365,0.8787878787878788,0.3525853172484965,0.7643097643097643,0.4196491228070176,0.6531986531986532,0.458711084699227,0.7037037037037037,0.5234067002563423,0.7851851851851852,0.41508527278972396,0.7851851851851852,0.49494496359601,0.9425675675675675,0.37106291032992605,0.8716216216216216,0.37737003058103974,0.7635135135135135,0.43406499007672034,0.6891891891891891,0.5381063381063381,0.6486486486486487,0.4474139744476801,0.783108108108108,0.43360364870834084,0.7831081081081082,0.49524837053718923
9,0.6641822952570791,0.7992711437339338,0.6687148245496782,0.7912458010795542,0.6757787530486649,0.7939189269736007,10.567813396453857,0.9701166180758017,0.39505073001732244,0.9110787172011662,0.3881880263789812,0.7835276967930029,0.4408836160006329,0.7106413994169096,0.5120822606192604,0.7120991253644315,0.5215658617773048,0.8174927113702625,0.4515540989587004,0.8174927113702624,0.5250166561970571,0.936026936026936,0.4889470622454916,0.8754208754208754,0.33250601684717207,0.7643097643097643,0.4163064383468458,0.67003367003367,0.4396044756700494,0.7104377104377104,0.5223479946899171,0.7912457912457912,0.4399423975598952,0.7912457912457912,0.5012141018834829,0.9527027027027027,0.3765135327635328,0.8885135135135135,0.36899738798472975,0.7668918918918919,0.44488792480115685,0.6891891891891891,0.4785757654610114,0.6722972972972973,0.5091635239418492,0.7939189189189189,0.43562762699045604,0.793918918918919,0.5090088362603907
10,0.6266235227835074,0.8139941758386595,0.6469773371211608,0.8020202144227847,0.6534853432629559,0.7959459681768675,10.226908922195435,0.9708454810495627,0.362215628090999,0.9190962099125365,0.517878104269731,0.8032069970845481,0.4692382414969514,0.7237609329446064,0.5307274914464104,0.7099125364431487,0.534825531652157,0.8253644314868804,0.4829769993912498,0.8253644314868804,0.553372990956266,0.9326599326599326,0.3222803955788249,0.9023569023569024,0.4042054594971182,0.7777777777777778,0.4428271863821389,0.6734006734006734,0.4786578708147335,0.7239057239057239,0.5502136282624087,0.8020202020202021,0.4396369081070449,0.802020202020202,0.525460361347002,0.9493243243243243,0.37225672877846794,0.8952702702702703,0.39791288566243194,0.7601351351351351,0.4419794647365763,0.7027027027027027,0.5214777827773484,0.6722972972972973,0.47235575363476007,0.7959459459459459,0.44119652311791696,0.7959459459459459,0.5073081873234164
11,0.5960180126890844,0.8214285849829804,0.6263669279689339,0.8101010262364089,0.6388320713429838,0.7972973021301063,10.754024028778076,0.9723032069970845,0.39701456602865054,0.922740524781341,0.4388683066293406,0.814868804664723,0.48459710872980927,0.7157434402332361,0.5626503221908982,0.7295918367346939,0.5662987151677586,0.8310495626822159,0.4898858037492914,0.8310495626822157,0.5769519292645368,0.9326599326599326,0.3567660409765672,0.9124579124579124,0.43493068113321276,0.7811447811447811,0.45027458581383545,0.6868686868686869,0.5126851395837113,0.7373737373737373,0.5801610074924278,0.81010101010101,0.4669634909999509,0.8101010101010101,0.5541603133327765,0.9493243243243243,0.37225672877846794,0.8918918918918919,0.40477770404777697,0.7635135135135135,0.4510870752758658,0.7162162162162162,0.5681577886826447,0.6655405405405406,0.482730334975984,0.7972972972972974,0.45580192635214783,0.7972972972972973,0.5331966818100405
12,0.5697982865589353,0.8293002951596986,0.6069500556698552,0.8094276133611146,0.6184145051079828,0.806081095257321,10.210199117660522,0.9701166180758017,0.3762505744688373,0.9198250728862973,0.45430017872871714,0.8002915451895044,0.46983212405747615,0.7193877551020408,0.5778472048615934,0.7325072886297376,0.5689272902976602,0.8284256559766764,0.48943147448285684,0.8284256559766764,0.5814965134635556,0.9326599326599326,0.3567660409765672,0.9057239057239057,0.42019695280564845,0.7777777777777778,0.4531548649996917,0.696969696969697,0.547756674924305,0.734006734006734,0.5841141066367584,0.8094276094276094,0.47239772806859415,0.8094276094276094,0.570511429767906,0.9493243243243243,0.40794066317626526,0.8986486486486487,0.43995098039215685,0.7871621621621622,0.4675907325565823,0.7195945945945946,0.6193293595670505,0.6756756756756757,0.4869168430635531,0.806081081081081,0.48434571575112156,0.8060810810810811,0.5627976885427455
13,0.5452494204218117,0.8309038001663831,0.5852405687775275,0.8127946135170934,0.5950226574330717,0.8094594736356993,10.644835710525513,0.9744897959183674,0.44518766257896686,0.9176384839650146,0.44106199951693514,0.8075801749271136,0.46875305234704195,0.7448979591836735,0.5942527318457317,0.749271137026239,0.6151072027113266,0.8387755102040817,0.5128725298000004,0.8387755102040816,0.6080956040516319,0.9292929292929293,0.32111692844677137,0.9023569023569024,0.4042054594971182,0.7744107744107744,0.4373175445088606,0.7070707070707071,0.5229693864144002,0.7508417508417509,0.6072653483429049,0.8127946127946128,0.4585749334420111,0.8127946127946128,0.5660412502033129,0.9459459459459459,0.39865083998183826,0.9054054054054054,0.462779827798278,0.7804054054054054,0.4603618603618604,0.7297297297297297,0.6265599397306715,0.6858108108108109,0.5137083017621573,0.8094594594594595,0.4924121539269611,0.8094594594594594,0.5782710988149055
14,0.5209874210135235,0.8393586092023043,0.5654455527713403,0.8195286491503218,0.5740271307326652,0.816216230392456,10.5319344997406,0.9701166180758017,0.38672116932986494,0.922740524781341,0.45353101833788534,0.8177842565597667,0.4782656672218188,0.7456268221574344,0.6228955766714485,0.7572886297376094,0.6248307894279789,0.8427113702623906,0.5132488441977993,0.8427113702623906,0.6247895776108372,0.9292929292929293,0.32111692844677137,0.9225589225589226,0.4663897725933781,0.7744107744107744,0.4379432624113475,0.7306397306397306,0.5733748491018892,0.7407407407407407,0.5902867462374987,0.8195286195286196,0.47782231175817697,0.8195286195286196,0.582515598482612,0.9459459459459459,0.39865083998183826,0.8952702702702703,0.4367522331216096,0.7905405405405406,0.4668314094535279,0.75,0.6432722368282026,0.6993243243243243,0.5219626703309287,0.8162162162162163,0.49349387794322147,0.8162162162162162,0.5856988838153222
15,0.5071607745597383,0.8457725986447349,0.554123554968272,0.8208754299465655,0.5624120750942746,0.8175675546800768,10.465637445449829,0.9744897959183674,0.4428432070447415,0.9285714285714286,0.4710414207933172,0.8214285714285714,0.4766973234288409,0.7602040816326531,0.6725971802851668,0.7682215743440233,0.6377786423802805,0.8505830903790088,0.5401915547864694,0.8505830903790087,0.650111787823112,0.9326599326599326,0.3567660409765672,0.9259259259259259,0.47935931783481694,0.7845117845117845,0.44702551933724655,0.7138047138047138,0.5279534007795734,0.7474747474747475,0.6096959376652863,0.820875420875421,0.4841600433186981,0.8208754208754209,0.5799959606589441,0.9459459459459459,0.39865083998183826,0.8986486486486487,0.43995098039215685,0.8040540540540541,0.4841619467170128,0.7398648648648649,0.6344823083953518,0.6993243243243243,0.5266348456332405,0.8175675675675675,0.49677618422392006,0.8175675675675675,0.5884979175752063
16,0.4853822901714647,0.8492711481825603,0.546042167177104,0.8215488075005888,0.5529191493988037,0.8162162110612199,10.555486917495728,0.9701166180758017,0.47109500805152976,0.9278425655976676,0.4720970716936142,0.8177842565597667,0.47463715831992953,0.7645772594752187,0.6790169679304707,0.750728862973761,0.6207592412489764,0.8462099125364432,0.5435210894489042,0.8462099125364432,0.6482902330218273,0.9326599326599326,0.3567660409765672,0.9292929292929293,0.4917547568710359,0.7878787878787878,0.4511797564714797,0.7037037037037037,0.534916780375741,0.7542087542087542,0.6325483668644764,0.8215488215488215,0.49343314031186003,0.8215488215488216,0.5945299214693929,0.9459459459459459,0.39532163742690063,0.9121621621621622,0.4623878536922015,0.8040540540540541,0.4779299326714595,0.7297297297297297,0.6258965022619442,0.6891891891891891,0.5217040947853969,0.8162162162162163,0.4966480041675806,0.8162162162162162,0.5862171755876638
17,0.47369056496953826,0.8478134168480298,0.530743643290266,0.8269360398604011,0.5394176566922987,0.8195945958833437,10.62609577178955,0.9715743440233237,0.4420699416059763,0.9329446064139941,0.47065682083171395,0.8287172011661808,0.48363060970032895,0.7653061224489796,0.671929737259297,0.7594752186588921,0.6404244441970993,0.851603498542274,0.5417423107188831,0.851603498542274,0.6567398923296323,0.9326599326599326,0.35557501459427904,0.9259259259259259,0.47935931783481694,0.7811447811447811,0.44424865049017015,0.7239057239057239,0.5574834725793066,0.7710437710437711,0.6572083010419357,0.826936026936027,0.4987749513081017,0.826936026936027,0.6110919090038492,0.9459459459459459,0.39532163742690063,0.9121621621621622,0.4623878536922015,0.8141891891891891,0.4910060034786512,0.7331081081081081,0.6176484953942197,0.6925675675675675,0.5247195646310312,0.8195945945945946,0.49821671092460085,0.8195945945945946,0.584962663614349
18,0.46378476904710597,0.8444606517563756,0.5304804235596448,0.8195286234621247,0.5423110046902219,0.8081081300168425,10.4218168258667,0.9701166180758017,0.4258287573723815,0.934402332361516,0.47916714369671576,0.8228862973760933,0.5663714234752957,0.7536443148688047,0.6725699418392995,0.7696793002915452,0.6586841225889328,0.8501457725947521,0.5605242777945251,0.8501457725947522,0.6673265242885456,0.9326599326599326,0.3545530492898914,0.9225589225589226,0.48291430116247636,0.7912457912457912,0.460978835978836,0.6902356902356902,0.5248462958946055,0.7609427609427609,0.6214436657438512,0.8195286195286196,0.48894722961393217,0.8195286195286196,0.5778404733209825,0.9425675675675675,0.3912126537785589,0.9121621621621622,0.47017973856209144,0.8040540540540541,0.4908160573930474,0.7128378378378378,0.6397955458196422,0.668918918918919,0.5121674449216733,0.8081081081081081,0.5008342880950026,0.8081081081081081,0.5968235499979604
19,0.44749413704385566,0.8532069942346467,0.5217633020596874,0.8175084105244389,0.5353526843560709,0.8094594833013173,10.592539072036743,0.9730320699708455,0.46244096445438726,0.9322157434402333,0.4788555040218682,0.8309037900874635,0.5439278191623734,0.7733236151603499,0.6915826917112735,0.7725947521865889,0.659410736693084,0.8564139941690962,0.5672435432085974,0.8564139941690962,0.6742107800744238,0.9326599326599326,0.35557501459427904,0.9225589225589226,0.47503875968992243,0.7912457912457912,0.45595721825230023,0.6936026936026936,0.5300906624313414,0.7474747474747475,0.613312323785588,0.8175084175084175,0.48599479575068616,0.8175084175084175,0.5832224419212939,0.9459459459459459,0.39532163742690063,0.9054054054054054,0.44667409884801185,0.8006756756756757,0.48755726004048155,0.7128378378378378,0.6122918692821472,0.6824324324324325,0.5189409774061909,0.8094594594594595,0.49215716860074643,0.8094594594594594,0.5836386907622396
20,0.4424935175274273,0.8534985403625333,0.5225478539161811,0.8228956511125018,0.5362177636172321,0.8027027265445607,10.343355417251587,0.9788629737609329,0.6566934475669078,0.9380466472303207,0.6071596914752726,0.8425655976676385,0.5599474112632007,0.7623906705539358,0.6876788526070788,0.7682215743440233,0.666576312760575,0.8580174927113703,0.635611143134607,0.8580174927113703,0.6871407207262209,0.9326599326599326,0.35557501459427904,0.9259259259259259,0.4872495446265938,0.7845117845117845,0.4567099567099567,0.7070707070707071,0.5786443435499662,0.7643097643097643,0.6542264085121228,0.8228956228956228,0.5064810535985836,0.8228956228956229,0.6217154009191485,0.9459459459459459,0.39532163742690063,0.9121621621621622,0.47017973856209144,0.7905405405405406,0.48440906660084737,0.6993243243243243,0.6129935258113774,0.6655405405405406,0.503049128820337,0.8027027027027026,0.49319061944431075,0.8027027027027027,0.5812390606915465
21,0.4292347271310345,0.8634110894217087,0.5061576111549481,0.8269360609327503,0.5216303242219461,0.8067567606230039,10.404698848724365,0.9723032069970845,0.45244175720011226,0.9409620991253644,0.5042361855365467,0.8301749271137027,0.4954683912243207,0.7740524781341108,0.700811107515389,0.7922740524781341,0.6985495795473785,0.8619533527696793,0.5703014042047494,0.8619533527696793,0.695662431324981,0.9326599326599326,0.35557501459427904,0.9225589225589226,0.47503875968992243,0.8047138047138047,0.46725768321513,0.7070707070707071,0.5582525768428408,0.7676767676767676,0.6482902112835099,0.826936026936027,0.5008828491251365,0.826936026936027,0.6103946474761925,0.9459459459459459,0.39532163742690063,0.9121621621621622,0.45388188453881884,0.7972972972972973,0.4852810557035909,0.7195945945945946,0.6353220235658551,0.6587837837837838,0.49368157859170153,0.8067567567567568,0.4926976359653734,0.8067567567567567,0.5845784889675458
22,0.4216127777064855,0.8622449111660437,0.495269076992767,0.8316498611511205,0.5118532245223587,0.8155405392517915,10.305515766143799,0.9766763848396501,0.6521820646321843,0.9409620991253644,0.5025005571651437,0.8352769679300291,0.533710734952068,0.7806122448979592,0.6951364007290977,0.7944606413994169,0.7030761150227276,0.865597667638484,0.6173211745002443,0.865597667638484,0.6995816471072777,0.9326599326599326,0.35557501459427904,0.9225589225589226,0.47503875968992243,0.8148148148148148,0.4749260390901595,0.7205387205387206,0.5880582641146022,0.7676767676767676,0.6418206877005006,0.8316498316498316,0.5070837530378928,0.8316498316498316,0.617437229125751,0.9459459459459459,0.39532163742690063,0.9121621621621622,0.45388188453881884,0.8209459459459459,0.5010648490323287,0.7331081081081081,0.6365224285202803,0.6655405405405406,0.5002824519143722,0.8155405405405405,0.4974146502865401,0.8155405405405406,0.5891168778132833
23,0.42104899231615983,0.8580175043890149,0.4900500820542024,0.8276094238364736,0.5072386119816754,0.8236486621805139,10.408636808395386,0.9730320699708455,0.4548969434524646,0.9380466472303207,0.4943614887452641,0.8352769679300291,0.6337139223158075,0.7966472303206997,0.7339194070342628,0.7864431486880467,0.68943624772163,0.8658892128279885,0.6012656018538858,0.8658892128279884,0.7109312163030871,0.9326599326599326,0.35557501459427904,0.9225589225589226,0.47503875968992243,0.8114478114478114,0.46738774172402486,0.7104377104377104,0.5755742650481612,0.7609427609427609,0.6351725791487276,0.8276094276094277,0.501749672041023,0.8276094276094276,0.6069215385524704,0.9459459459459459,0.39532163742690063,0.9155405405405406,0.4576891035144943,0.831081081081081,0.50809860721755,0.7364864864864865,0.6479822366818011,0.6891891891891891,0.5205130099283055,0.8236486486486486,0.5059209189538103,0.8236486486486486,0.6004148675555726
24,0.4073262777689942,0.8626822224511349,0.4918360820523015,0.8269360448776271,0.5124143732560648,0.8148648738861084,10.452863454818726,0.9730320699708455,0.519113924050633,0.9416909620991254,0.5087490773305544,0.8396501457725948,0.6284345770568129,0.7711370262390671,0.7084182946843818,0.793002915451895,0.7151335533538292,0.8637026239067056,0.6159698852952422,0.8637026239067055,0.7171724864728785,0.9326599326599326,0.3545530492898914,0.9225589225589226,0.47503875968992243,0.8114478114478114,0.4750961955907629,0.7205387205387206,0.6003051087447187,0.7474747474747475,0.6281919584492899,0.826936026936027,0.506637014352917,0.826936026936027,0.6195009477076568,0.9459459459459459,0.39532163742690063,0.9087837837837838,0.44097089846232046,0.8277027027027027,0.5074813172374149,0.722972972972973,0.6513608533069172,0.668918918918919,0.5142364926547597,0.8148648648648649,0.5018742398176625,0.8148648648648649,0.6027104783892612
25,0.40748314511671707,0.8594752272085963,0.482951819896698,0.8303030386115565,0.5048720353358501,0.8162162142830927,10.518924236297607,0.9766763848396501,0.5706368044488149,0.9380466472303207,0.482490568913615,0.8360058309037901,0.5849005165205257,0.7908163265306123,0.7337612655960134,0.7893586005830904,0.6930183406642624,0.8661807580174926,0.6129614992286463,0.8661807580174927,0.7105563686469715,0.9326599326599326,0.3545530492898914,0.9326599326599326,0.5036153888612905,0.8047138047138047,0.46807852652738385,0.7306397306397306,0.621507508519047,0.7508417508417509,0.6315900395706259,0.8303030303030303,0.5158689025536478,0.8303030303030303,0.626668780692781,0.9459459459459459,0.39532163742690063,0.9121621621621622,0.4342995169082126,0.8175675675675675,0.5022207986333548,0.7195945945945946,0.651831113200114,0.6858108108108109,0.5273041939795381,0.8162162162162161,0.502195452029624,0.8162162162162162,0.6052799374253576
26,0.399170461618518,0.8634110842084746,0.4782329593041931,0.8336700401723586,0.49871149256422714,0.8148648642204903,10.445190906524658,0.9744897959183674,0.5326954579300075,0.9402332361516035,0.4977532365171542,0.8403790087463557,0.6370917053820908,0.8002915451895044,0.7306451987298361,0.8032069970845481,0.7196704485962421,0.8717201166180757,0.6235712094310661,0.8717201166180758,0.7250678784260707,0.9326599326599326,0.3545530492898914,0.9292929292929293,0.4838576646636031,0.8114478114478114,0.4726212633189377,0.7373737373737373,0.605666867541826,0.7575757575757576,0.6281648629098059,0.8336700336700338,0.5089727415448129,0.8336700336700337,0.6165565087789419,0.9459459459459459,0.39532163742690063,0.9121621621621622,0.4342995169082126,0.8074324324324325,0.49089324618736385,0.7195945945945946,0.6299984251901477,0.6891891891891891,0.5461262105592003,0.8148648648648649,0.49932780725436504,0.8148648648648649,0.600583787147285
27,0.39187561162359164,0.8664723099494467,0.47666365068769617,0.8316498336567221,0.4985214004645476,0.8162162336143287,10.3931143283844,0.9737609329446064,0.5840513138837161,0.9438775510204082,0.5089513528774834,0.8447521865889213,0.6332320461501276,0.7908163265306123,0.7128168820636643,0.7944606413994169,0.7035861745080125,0.8695335276967929,0.6285275538966009,0.869533527696793,0.7121011932806866,0.936026936026936,0.5228070175438596,0.936026936026936,0.5084707540521495,0.8080808080808081,0.47281323877068554,0.7306397306397306,0.6006875339793551,0.7474747474747475,0.625773767889211,0.8316498316498316,0.5461104624470521,0.8316498316498316,0.6240365529753679,0.9459459459459459,0.39532163742690063,0.9121621621621622,0.4342995169082126,0.8175675675675675,0.501335761004449,0.7128378378378378,0.6284032731401153,0.6925675675675675,0.5480766828198559,0.8162162162162161,0.5014873742599067,0.8162162162162162,0.6042285268210317
28,0.3872590814839299,0.8654518998051524,0.4737012643203992,0.8316498611511205,0.49787493976386815,0.8155405585830277,10.507009506225586,0.9759475218658892,0.6085129005621727,0.9402332361516035,0.5080702799285289,0.8389212827988338,0.638280007427681,0.7813411078717201,0.7135394519712949,0.7915451895043731,0.6991859977302203,0.8655976676384839,0.6335177275239795,0.865597667638484,0.7127833170446256,0.9292929292929293,0.3525057250892049,0.936026936026936,0.5084707540521495,0.8047138047138047,0.46807852652738385,0.7272727272727273,0.6272064716489681,0.7609427609427609,0.6461438773540684,0.8316498316498316,0.5204810709343549,0.8316498316498316,0.6356178093748824,0.9493243243243243,0.42571763327475104,0.9121621621621622,0.44455988455988454,0.8074324324324325,0.48966917077583255,0.7263513513513513,0.6535014005602241,0.6824324324324325,0.5304219837119252,0.8155405405405405,0.5087740145765235,0.8155405405405406,0.6050899890399967
29,0.3804013888099103,0.8702623984904053,0.47474299516742074,0.8296296578465086,0.4982210123861158,0.8121621866483946,10.201349020004272,0.9774052478134111,0.48382753187222455,0.9446064139941691,0.5191627897600709,0.8425655976676385,0.6337586467010127,0.7871720116618076,0.7282614873589898,0.7951895043731778,0.7147309941722048,0.8693877551020408,0.6159482899729005,0.8693877551020408,0.7256265107209462,0.9326599326599326,0.456140350877193,0.9326599326599326,0.5036153888612905,0.8080808080808081,0.47281323877068554,0.7239057239057239,0.6071545056378715,0.7508417508417509,0.643977421210284,0.8296296296296297,0.5367401810714649,0.8296296296296296,0.6354946083878669,0.9459459459459459,0.39532163742690063,0.9121621621621622,0.44455988455988454,0.8141891891891891,0.4990295031055901,0.7162162162162162,0.647086608009415,0.6722972972972973,0.5210591241519077,0.8121621621621621,0.5014113514507396,0.8121621621621622,0.6034538479103383
30,0.3748452510500093,0.8727405378839365,0.4690593057609969,0.8316498290408741,0.49091584295839874,0.8168918957581391,10.340542554855347,0.978134110787172,0.5085478055451945,0.9453352769679301,0.509658554555292,0.8462099125364432,0.5934504627971965,0.8068513119533528,0.7495198262208836,0.8126822157434402,0.7318059376116389,0.8778425655976678,0.618596517346041,0.8778425655976676,0.7347415271629357,0.9326599326599326,0.456140350877193,0.9326599326599326,0.49644225506294476,0.8080808080808081,0.4703389830508475,0.7272727272727273,0.6076691015862785,0.7575757575757576,0.6423099065586112,0.8316498316498316,0.5345801194271751,0.8316498316498316,0.6309628889944677,0.9459459459459459,0.39532163742690063,0.9087837837837838,0.4308205332507045,0.8074324324324325,0.48707337694121833,0.7263513513513513,0.6517424837022939,0.6959459459459459,0.5363766682165311,0.8168918918918919,0.5002669399075297,0.8168918918918919,0.6043034192553068
31,0.3695722014667689,0.8730320789723632,0.46893322106563684,0.8282828256738708,0.49200049606529445,0.8162162239487106,10.321390390396118,0.9744897959183674,0.5408976269632008,0.9467930029154519,0.6275151181968114,0.8462099125364432,0.5897805169822298,0.8010204081632653,0.7424788697855792,0.7900874635568513,0.6965193010721147,0.8717201166180757,0.6394382865999872,0.8717201166180758,0.721820028966364,0.936026936026936,0.4900410076157001,0.936026936026936,0.5084707540521495,0.8047138047138047,0.46807852652738385,0.7272727272727273,0.6076691015862785,0.7373737373737373,0.6220591519306172,0.8282828282828282,0.5392637083424259,0.8282828282828283,0.6290059905218576,0.9459459459459459,0.39532163742690063,0.9121621621621622,0.45388188453881884,0.8108108108108109,0.49129446131886007,0.7195945945945946,0.6423528090036149,0.6925675675675675,0.536238449578841,0.8162162162162161,0.5038178483734072,0.8162162162162162,0.6057542701939195
32,0.3735186484569016,0.8672011746609524,0.4652369879311584,0.8296296578465086,0.4874170712522558,0.8175675772331856,10.375327110290527,0.9759475218658892,0.4728335198309088,0.9402332361516035,0.49787924377820875,0.8432944606413995,0.6175677178063478,0.8010204081632653,0.7353173622733711,0.7893586005830904,0.6940913763586698,0.8699708454810494,0.6035378440095013,0.8699708454810495,0.7139087616537375,0.936026936026936,0.4900410076157001,0.936026936026936,0.5084707540521495,0.8080808080808081,0.4703389830508475,0.7306397306397306,0.6208573408858103,0.7373737373737373,0.6161164996488068,0.8296296296296296,0.5411649170506628,0.8296296296296296,0.6294460093296019,0.9459459459459459,0.39532163742690063,0.9087837837837838,0.4308205332507045,0.8175675675675675,0.4977786629930234,0.722972972972973,0.6454244658725657,0.6925675675675675,0.5258683110270245,0.8175675675675675,0.49904272211404377,0.8175675675675675,0.6015176670923797
33,0.3698517209239326,0.8758017544148615,0.46764011234546754,0.830976441853777,0.48950116859899984,0.8175675804550583,10.472075939178467,0.9803206997084548,0.6422692161580347,0.9402332361516035,0.6822417747893278,0.8520408163265306,0.6276174802157014,0.8046647230320699,0.757395455996447,0.8032069970845481,0.7182137207517645,0.8760932944606413,0.6855475295822551,0.8760932944606414,0.7394591174606996,0.9326599326599326,0.456140350877193,0.9292929292929293,0.4917547568710359,0.8114478114478114,0.4726212633189377,0.734006734006734,0.6287732396428048,0.7474747474747475,0.640729442071724,0.8309764309764309,0.5380038105563391,0.8309764309764309,0.6431843355899061,0.9493243243243243,0.42571763327475104,0.9087837837837838,0.4308205332507045,0.8209459459459459,0.5019152027473254,0.7263513513513513,0.6560988372835063,0.6824324324324325,0.5268603990928781,0.8175675675675675,0.5082825211298331,0.8175675675675675,0.608752491174176
34,0.3658563840493516,0.8711370335723498,0.46403321954939103,0.8329966547914627,0.4864761136673592,0.8168918893143937,10.1657874584198,0.9788629737609329,0.623437655240934,0.9467930029154519,0.5155398881419541,0.8432944606413995,0.6030029022292457,0.8163265306122449,0.7642226036853549,0.8024781341107872,0.7204427506373264,0.8775510204081632,0.6453291599869629,0.8775510204081632,0.7378491797125518,0.9393939393939394,0.5207690587972279,0.9326599326599326,0.49644225506294476,0.8114478114478114,0.4774827162886865,0.7306397306397306,0.6258699374440738,0.7508417508417509,0.6386561095369198,0.8329966329966328,0.5518440154259705,0.832996632996633,0.6421530897374025,0.9459459459459459,0.39532163742690063,0.9054054054054054,0.41642512077294686,0.8175675675675675,0.49958665243218087,0.7297297297297297,0.6636138946412605,0.6858108108108109,0.5246204442041718,0.8168918918918919,0.4999135498954921,0.8168918918918919,0.6061329883647819
35,0.35758260083615606,0.8739067190937676,0.46129456654140844,0.8323232483382177,0.48427344496185715,0.8168919054237572,10.421209573745728,0.9825072886297376,0.7416218855716837,0.9431486880466472,0.5094453114839381,0.8542274052478134,0.6758250605513645,0.814868804664723,0.7509709208188413,0.814868804664723,0.7321814534465189,0.8819241982507288,0.6820089263744693,0.8819241982507289,0.7442430086757734,0.9393939393939394,0.4923976608187135,0.9292929292929293,0.4917547568710359,0.8114478114478114,0.4774827162886865,0.7373737373737373,0.6382358784532698,0.7441077441077442,0.6306172839506173,0.8323232323232324,0.5460976592764646,0.8323232323232324,0.6421885088551754,0.9459459459459459,0.3958930718712423,0.9087837837837838,0.44097089846232046,0.8141891891891891,0.4954651521155286,0.7263513513513513,0.6712658789763432,0.6891891891891891,0.5241474489214092,0.8168918918918919,0.5055484900693687,0.8168918918918919,0.6096432369698469
36,0.36235136271565715,0.8746355799822348,0.46074604687064585,0.8323232322830945,0.4837004622897586,0.8141891988548072,10.470350742340088,0.9774052478134111,0.7054879770496617,0.9424198250728864,0.612227824342685,0.8527696793002916,0.6031627622024934,0.8002915451895044,0.7403781589130478,0.7981049562682215,0.7164782015324208,0.8741982507288629,0.6755469848080617,0.8741982507288629,0.7324696542716559,0.9393939393939394,0.4923976608187135,0.9292929292929293,0.4917547568710359,0.8114478114478114,0.4774827162886865,0.734006734006734,0.6317830407636232,0.7474747474747475,0.640729442071724,0.8323232323232324,0.5468295233627567,0.8323232323232324,0.6451622800034592,0.9459459459459459,0.39532163742690063,0.9054054054054054,0.4274747474747475,0.8074324324324325,0.49011861991232203,0.7331081081081081,0.6657616262879421,0.6790540540540541,0.5164570878856592,0.8141891891891893,0.49902674379751427,0.8141891891891891,0.603337229642264
37,0.3522892967083711,0.8768221596934705,0.46003821923676563,0.8336700387675353,0.4833732166805783,0.8168919150893753,10.486202716827393,0.9788629737609329,0.6351152151537879,0.9446064139941691,0.5134933021199116,0.8483965014577259,0.5794887939849833,0.8039358600583091,0.7588993029916217,0.8250728862973761,0.7475603346376478,0.8801749271137027,0.6469113897775904,0.8801749271137026,0.7457406771028728,0.9427609427609428,0.5245459871118922,0.9259259259259259,0.4872495446265938,0.8080808080808081,0.47281323877068554,0.7407407407407407,0.6386243386243386,0.7508417508417509,0.6447830489989873,0.8336700336700338,0.5536032316264995,0.8336700336700337,0.6482677285755142,0.9459459459459459,0.39532163742690063,0.9087837837837838,0.45021328458257165,0.8108108108108109,0.4923747276688453,0.7364864864864865,0.6793613341764865,0.6824324324324325,0.531639670360898,0.8168918918918919,0.5097821308431405,0.8168918918918919,0.617100152650805
38,0.3482738273658141,0.8826530726936052,0.4567486388916118,0.8303030482446304,0.47902772555480133,0.8229729807054674,10.534913301467896,0.9803206997084548,0.6903527074018877,0.9453352769679301,0.520925797651727,0.8454810495626822,0.6492248750737909,0.8134110787172012,0.7487710266789311,0.8024781341107872,0.7236301879159021,0.8774052478134111,0.6665809189444477,0.8774052478134111,0.7392279664121393,0.936026936026936,0.45674255691768834,0.9326599326599326,0.49644225506294476,0.8013468013468014,0.4606188466947961,0.7306397306397306,0.6059334030898013,0.7508417508417509,0.639289034727919,0.8303030303030303,0.5318052192986299,0.8303030303030303,0.6302245812446363,0.9493243243243243,0.42571763327475104,0.9087837837837838,0.44097089846232046,0.8209459459459459,0.5001112446046366,0.7297297297297297,0.6687041966545072,0.706081081081081,0.5443555171004879,0.822972972972973,0.5159718980193407,0.822972972972973,0.6193467561705018
39,0.35032186094595463,0.879591846605084,0.4587258208881725,0.8289562353381404,0.48097064849492666,0.8202702773583902,10.517515420913696,0.978134110787172,0.6276665377824829,0.9416909620991254,0.5018889120410215,0.8571428571428571,0.6411691060556642,0.8046647230320699,0.7434440778652429,0.8053935860058309,0.7285050925093524,0.8774052478134111,0.6485347452507528,0.8774052478134111,0.7388449677213509,0.936026936026936,0.45674255691768834,0.9225589225589226,0.48291430116247636,0.8148148148148148,0.4820886460230722,0.7205387205387206,0.6320453088549205,0.7508417508417509,0.6474074074074074,0.8289562289562291,0.540239644073113,0.828956228956229,0.648557504592942,0.9459459459459459,0.3958930718712423,0.9087837837837838,0.44097089846232046,0.8074324324324325,0.49089324618736385,0.7398648648648649,0.681525153751747,0.6993243243243243,0.5486054236054235,0.8202702702702703,0.5115775587756194,0.8202702702702702,0.6220234934119359
40,0.35233490025684366,0.8778425757460969,0.45768883633693863,0.8303030578777043,0.4799907255817104,0.8202702934677536,10.534653425216675,0.9795918367346939,0.6668263475973505,0.9446064139941691,0.5118460263045864,0.8462099125364432,0.6193203385332243,0.8039358600583091,0.7409342312610384,0.814868804664723,0.7369012898616233,0.8778425655976676,0.6551656467115646,0.8778425655976676,0.7376099724137753,0.936026936026936,0.45674255691768834,0.9225589225589226,0.48291430116247636,0.8080808080808081,0.4751996637242539,0.7306397306397306,0.6391885693826987,0.7542087542087542,0.6487966301921378,0.8303030303030303,0.5405683442758511,0.8303030303030303,0.6485384652209297,0.9459459459459459,0.3958930718712423,0.9121621621621622,0.45388188453881884,0.8108108108108109,0.4948610705832766,0.7331081081081081,0.666388992756935,0.6993243243243243,0.5517619566910733,0.8202702702702703,0.5125573952882692,0.8202702702702702,0.6164492055254899
41,0.35023829697172426,0.8810495727263804,0.4576152135627438,0.8296296514244593,0.4787398238439818,0.8202702773583902,10.397998809814453,0.9774052478134111,0.5645442782083339,0.9409620991253644,0.6134777573404182,0.8483965014577259,0.6078144078144078,0.8170553935860059,0.768300387709921,0.8134110787172012,0.7415084080113102,0.8794460641399418,0.6591290478168782,0.8794460641399416,0.7483875383254315,0.936026936026936,0.45674255691768834,0.9225589225589226,0.48291430116247636,0.8114478114478114,0.4774827162886865,0.7272727272727273,0.6227691622502753,0.7508417508417509,0.6505362505362505,0.8296296296296296,0.5380889974310754,0.8296296296296296,0.6469993239337527,0.9459459459459459,0.3958930718712423,0.9087837837837838,0.44097089846232046,0.8141891891891891,0.49727668845315903,0.7398648648648649,0.6716796152423233,0.6925675675675675,0.5413785997688861,0.8202702702702702,0.5094397747595862,0.8202702702702702,0.6156042704722248
42,0.35197707246065835,0.8769679392739566,0.4606586586345326,0.8296296257362623,0.4826123972196837,0.8168918989800118,10.605727195739746,0.978134110787172,0.5645040869954547,0.9402332361516035,0.5064457117644446,0.8425655976676385,0.594350973031176,0.7995626822157434,0.7546052974233549,0.8083090379008746,0.7174535043025502,0.8737609329446064,0.6274719147033961,0.8737609329446064,0.730855527048187,0.9393939393939394,0.4923976608187135,0.9259259259259259,0.4872495446265938,0.8114478114478114,0.4774827162886865,0.7205387205387206,0.625893437296946,0.7508417508417509,0.6422827687776141,0.8296296296296297,0.5450612255617109,0.8296296296296296,0.6438907472942899,0.9493243243243243,0.4262910798122066,0.9155405405405406,0.46624686844065266,0.8074324324324325,0.491549849338399,0.7297297297297297,0.671024328734609,0.6824324324324325,0.5330801759229461,0.8168918918918919,0.5176384604497627,0.8168918918918919,0.6155391437772894
43,0.35074282691708114,0.8795918393065562,0.45962789142974697,0.8303030418225812,0.48244904021959045,0.8182432393769961,10.625173807144165,0.9803206997084548,0.657862685071034,0.9402332361516035,0.5013493302119911,0.8462099125364432,0.6694256239710784,0.7973760932944607,0.7427536628386026,0.8032069970845481,0.7239219817205823,0.8734693877551021,0.6590626567626577,0.8734693877551021,0.7368909233367114,0.936026936026936,0.45674255691768834,0.9225589225589226,0.48291430116247636,0.8047138047138047,0.47055161030737697,0.7306397306397306,0.6363099737249397,0.7575757575757576,0.6560406183417199,0.8303030303030303,0.5405118120908403,0.8303030303030303,0.6504266950067082,0.9459459459459459,0.3958930718712423,0.918918918918919,0.47810160853639116,0.8108108108108109,0.4948610705832766,0.7297297297297297,0.675645260598543,0.6858108108108109,0.5374951869604737,0.8182432432432434,0.5163992397099854,0.8182432432432433,0.6192366628899136
