condition,family,archive_layout,trial_id,history_path,best_epoch,source,train_oa_overall,val_oa_overall,test_oa_overall,model_config,model_label
spinal_canal_stenosis,convnext3d,3d,314,rsna2024_lumbar\data\nas_compact\Convnext\3d\spinal_canal_stenosis\trial_0314\training_history.csv,31,nas_training_history,0.9396084337349396,0.9186206896551724,0.9188612099644128,nas_best_convnext3d_3d,ConvNeXt 3D
left_neural_foraminal_narrowing,convnext3d,3d,313,rsna2024_lumbar\data\nas_compact\Convnext\3d\left_neural_foraminal_narrowing\trial_0313\training_history.csv,33,nas_training_history,0.8434782608695652,0.8378378378378378,0.8405405405405405,nas_best_convnext3d_3d,ConvNeXt 3D
right_neural_foraminal_narrowing,convnext3d,3d,371,rsna2024_lumbar\data\nas_compact\Convnext\3d\right_neural_foraminal_narrowing\trial_0371\training_history.csv,20,nas_training_history,0.8462099125364432,0.8249158249158249,0.822972972972973,nas_best_convnext3d_3d,ConvNeXt 3D
left_subarticular_stenosis,convnext3d,3d,362,rsna2024_lumbar\data\nas_compact\Convnext\3d\left_subarticular_stenosis\trial_0362\training_history.csv,15,nas_training_history,0.8268774703557312,0.8088888888888889,0.8060836501901141,nas_best_convnext3d_3d,ConvNeXt 3D
right_subarticular_stenosis,convnext3d,3d,364,rsna2024_lumbar\data\nas_compact\Convnext\3d\right_subarticular_stenosis\trial_0364\training_history.csv,14,nas_training_history,0.8217837411207577,0.8037037037037037,0.8179775280898877,nas_best_convnext3d_3d,ConvNeXt 3D
spinal_canal_stenosis,convnext,2d,9,rsna2024_lumbar\data\nas_compact\Convnext\2d\spinal_canal_stenosis\trial_0009\training_history.csv,11,nas_training_history,0.9390060240963856,0.9344827586206896,0.9224199288256228,nas_best_convnext_2d,ConvNeXt 2D
left_neural_foraminal_narrowing,convnext,2d,2,rsna2024_lumbar\data\nas_compact\Convnext\2d\left_neural_foraminal_narrowing\trial_0002\training_history.csv,9,nas_training_history,0.8618840579710145,0.8648648648648649,0.8540540540540541,nas_best_convnext_2d,ConvNeXt 2D
right_neural_foraminal_narrowing,convnext,2d,42,rsna2024_lumbar\data\nas_compact\Convnext\2d\right_neural_foraminal_narrowing\trial_0042\training_history.csv,11,nas_training_history,0.8873177842565597,0.8653198653198653,0.8506756756756757,nas_best_convnext_2d,ConvNeXt 2D
left_subarticular_stenosis,convnext,2d,52,rsna2024_lumbar\data\nas_compact\Convnext\2d\left_subarticular_stenosis\trial_0052\training_history.csv,14,nas_training_history,0.8665612648221344,0.8340740740740741,0.8288973384030418,nas_best_convnext_2d,ConvNeXt 2D
right_subarticular_stenosis,convnext,2d,139,rsna2024_lumbar\data\nas_compact\Convnext\2d\right_subarticular_stenosis\trial_0139\training_history.csv,8,nas_training_history,0.8262036306235201,0.8303703703703704,0.8344569288389513,nas_best_convnext_2d,ConvNeXt 2D
spinal_canal_stenosis,efficientnet3d,3d,361,rsna2024_lumbar\data\nas_compact\EfficientNet\3d\spinal_canal_stenosis\trial_0361\training_history.csv,18,nas_training_history,0.9322289156626506,0.923448275862069,0.9103202846975088,nas_best_efficientnet3d_3d,EfficientNet 3D
left_neural_foraminal_narrowing,efficientnet3d,3d,277,rsna2024_lumbar\data\nas_compact\EfficientNet\3d\left_neural_foraminal_narrowing\trial_0277\training_history.csv,44,nas_training_history,0.8349275362318841,0.8412162162162162,0.8371621621621622,nas_best_efficientnet3d_3d,EfficientNet 3D
right_neural_foraminal_narrowing,efficientnet3d,3d,314,rsna2024_lumbar\data\nas_compact\EfficientNet\3d\right_neural_foraminal_narrowing\trial_0314\training_history.csv,23,nas_training_history,0.8475218658892129,0.8363636363636363,0.8155405405405406,nas_best_efficientnet3d_3d,EfficientNet 3D
left_subarticular_stenosis,efficientnet3d,3d,290,rsna2024_lumbar\data\nas_compact\EfficientNet\3d\left_subarticular_stenosis\trial_0290\training_history.csv,24,nas_training_history,0.8624505928853755,0.8133333333333334,0.8144486692015209,nas_best_efficientnet3d_3d,EfficientNet 3D
right_subarticular_stenosis,efficientnet3d,3d,216,rsna2024_lumbar\data\nas_compact\EfficientNet\3d\right_subarticular_stenosis\trial_0216\training_history.csv,22,nas_training_history,0.8110497237569061,0.8059259259259259,0.8074906367041198,nas_best_efficientnet3d_3d,EfficientNet 3D
spinal_canal_stenosis,efficientnet,2d,93,rsna2024_lumbar\data\nas_compact\EfficientNet\2d\spinal_canal_stenosis\trial_0093\training_history.csv,8,nas_training_history,0.935843373493976,0.9255172413793104,0.9103202846975088,nas_best_efficientnet_2d,EfficientNet 2D
left_neural_foraminal_narrowing,efficientnet,2d,142,rsna2024_lumbar\data\nas_compact\EfficientNet\2d\left_neural_foraminal_narrowing\trial_0142\training_history.csv,7,nas_training_history,0.8618840579710145,0.8547297297297297,0.8412162162162162,nas_best_efficientnet_2d,EfficientNet 2D
right_neural_foraminal_narrowing,efficientnet,2d,143,rsna2024_lumbar\data\nas_compact\EfficientNet\2d\right_neural_foraminal_narrowing\trial_0143\training_history.csv,6,nas_training_history,0.882069970845481,0.8565656565656565,0.8297297297297297,nas_best_efficientnet_2d,EfficientNet 2D
left_subarticular_stenosis,efficientnet,2d,118,rsna2024_lumbar\data\nas_compact\EfficientNet\2d\left_subarticular_stenosis\trial_0118\training_history.csv,8,nas_training_history,0.8744664031620554,0.8222222222222222,0.8136882129277566,nas_best_efficientnet_2d,EfficientNet 2D
right_subarticular_stenosis,efficientnet,2d,58,rsna2024_lumbar\data\nas_compact\EfficientNet\2d\right_subarticular_stenosis\trial_0058\training_history.csv,8,nas_training_history,0.8546172059984215,0.8192592592592592,0.8164794007490637,nas_best_efficientnet_2d,EfficientNet 2D
spinal_canal_stenosis,maxvit3d,3d,331,rsna2024_lumbar\data\nas_compact\MaxViT\3d\spinal_canal_stenosis\trial_0331\training_history.csv,10,nas_training_history,0.9216867469879518,0.9075862068965516,0.8975088967971531,nas_best_maxvit3d_3d,MaxViT 3D
left_neural_foraminal_narrowing,maxvit3d,3d,871,rsna2024_lumbar\data\nas_compact\MaxViT\3d\left_neural_foraminal_narrowing\trial_0871\training_history.csv,9,nas_training_history,0.864927536231884,0.8337837837837838,0.8135135135135135,nas_best_maxvit3d_3d,MaxViT 3D
right_neural_foraminal_narrowing,maxvit3d,3d,951,rsna2024_lumbar\data\nas_compact\MaxViT\3d\right_neural_foraminal_narrowing\trial_0951\training_history.csv,7,nas_training_history,0.8626822157434403,0.8316498316498316,0.8047297297297298,nas_best_maxvit3d_3d,MaxViT 3D
left_subarticular_stenosis,maxvit3d,3d,201,rsna2024_lumbar\data\nas_compact\MaxViT\3d\left_subarticular_stenosis\trial_0201\training_history.csv,15,nas_training_history,0.8270355731225296,0.7888888888888889,0.7863117870722434,nas_best_maxvit3d_3d,MaxViT 3D
right_subarticular_stenosis,maxvit3d,3d,833,rsna2024_lumbar\data\nas_compact\MaxViT\3d\right_subarticular_stenosis\trial_0833\training_history.csv,6,nas_training_history,0.790370955011839,0.7851851851851852,0.7775280898876404,nas_best_maxvit3d_3d,MaxViT 3D
spinal_canal_stenosis,maxvit,2d,278,rsna2024_lumbar\data\nas_compact\MaxViT\2d\spinal_canal_stenosis\trial_0278\training_history.csv,6,nas_training_history,0.9259036144578312,0.9310344827586208,0.9174377224199288,nas_best_maxvit_2d,MaxViT 2D
left_neural_foraminal_narrowing,maxvit,2d,834,rsna2024_lumbar\data\nas_compact\MaxViT\2d\left_neural_foraminal_narrowing\trial_0834\training_history.csv,5,nas_training_history,0.8501449275362318,0.8614864864864865,0.8506756756756757,nas_best_maxvit_2d,MaxViT 2D
right_neural_foraminal_narrowing,maxvit,2d,572,rsna2024_lumbar\data\nas_compact\MaxViT\2d\right_neural_foraminal_narrowing\trial_0572\training_history.csv,13,nas_training_history,0.8706997084548105,0.8565656565656565,0.8236486486486486,nas_best_maxvit_2d,MaxViT 2D
left_subarticular_stenosis,maxvit,2d,1002,rsna2024_lumbar\data\nas_compact\MaxViT\2d\left_subarticular_stenosis\trial_1002\training_history.csv,10,nas_training_history,0.838102766798419,0.8274074074074074,0.8045627376425856,nas_best_maxvit_2d,MaxViT 2D
right_subarticular_stenosis,maxvit,2d,636,rsna2024_lumbar\data\nas_compact\MaxViT\2d\right_subarticular_stenosis\trial_0636\training_history.csv,11,nas_training_history,0.8527229676400947,0.8251851851851851,0.8277153558052435,nas_best_maxvit_2d,MaxViT 2D
spinal_canal_stenosis,vit3d,3d,398,rsna2024_lumbar\data\nas_compact\ViT\3d\spinal_canal_stenosis\trial_0398\training_history.csv,34,nas_training_history,0.8906626506024097,0.8937931034482759,0.8839857651245552,nas_best_vit3d_3d,ViT 3D
left_neural_foraminal_narrowing,vit3d,3d,1512,rsna2024_lumbar\data\nas_compact\ViT\3d\left_neural_foraminal_narrowing\trial_1512\training_history.csv,19,nas_training_history,0.7794202898550725,0.7878378378378378,0.7783783783783784,nas_best_vit3d_3d,ViT 3D
right_neural_foraminal_narrowing,vit3d,3d,1943,rsna2024_lumbar\data\nas_compact\ViT\3d\right_neural_foraminal_narrowing\trial_1943\training_history.csv,48,nas_training_history,0.7969387755102041,0.797979797979798,0.772972972972973,nas_best_vit3d_3d,ViT 3D
left_subarticular_stenosis,vit3d,3d,856,rsna2024_lumbar\data\nas_compact\ViT\3d\left_subarticular_stenosis\trial_0856\training_history.csv,19,nas_training_history,0.7628458498023716,0.7548148148148148,0.7429657794676806,nas_best_vit3d_3d,ViT 3D
right_subarticular_stenosis,vit3d,3d,1376,rsna2024_lumbar\data\nas_compact\ViT\3d\right_subarticular_stenosis\trial_1376\training_history.csv,11,nas_training_history,0.7516969218626677,0.7525925925925926,0.7415730337078652,nas_best_vit3d_3d,ViT 3D
spinal_canal_stenosis,vit,2d,72,rsna2024_lumbar\data\nas_compact\ViT\2d\spinal_canal_stenosis\trial_0072\training_history.csv,25,nas_training_history,0.9528614457831324,0.9310344827586208,0.9103202846975088,nas_best_vit_2d,ViT 2D
left_neural_foraminal_narrowing,vit,2d,2091,rsna2024_lumbar\data\nas_compact\ViT\2d\left_neural_foraminal_narrowing\trial_2091\training_history.csv,45,nas_training_history,0.8656521739130435,0.8648648648648649,0.8486486486486486,nas_best_vit_2d,ViT 2D
right_neural_foraminal_narrowing,vit,2d,132,rsna2024_lumbar\data\nas_compact\ViT\2d\right_neural_foraminal_narrowing\trial_0132\training_history.csv,38,nas_training_history,0.9081632653061223,0.8585858585858586,0.8317567567567568,nas_best_vit_2d,ViT 2D
left_subarticular_stenosis,vit,2d,74,rsna2024_lumbar\data\nas_compact\ViT\2d\left_subarticular_stenosis\trial_0074\training_history.csv,20,nas_training_history,0.8610276679841897,0.825925925925926,0.8228136882129278,nas_best_vit_2d,ViT 2D
right_subarticular_stenosis,vit,2d,1627,rsna2024_lumbar\data\nas_compact\ViT\2d\right_subarticular_stenosis\trial_1627\training_history.csv,11,nas_training_history,0.8388318863456985,0.8333333333333334,0.8322097378277153,nas_best_vit_2d,ViT 2D
