model_config,model_label,family,archive_layout,condition,repeat_index,split_seed,nas_trial_id,best_epoch,train_acc,val_acc,test_acc,train_accuracy_overall,val_accuracy_overall,test_accuracy_overall,train_f1_macro_overall,val_f1_macro_overall,test_f1_macro_overall,train_oa_overall,train_omae_overall,train_qwk_overall,train_ser_overall,val_oa_overall,val_omae_overall,val_qwk_overall,val_ser_overall,test_oa_overall,test_omae_overall,test_qwk_overall,test_ser_overall,run_dir
nas_best_convnext3d_3d,ConvNeXt 3D,convnext3d,3d_level_stack,left_neural_foraminal_narrowing,1,42,313,1,0.7474294090340053,0.7749152609857463,0.7804054134600872,0.7781317885590152,0.7749152542372881,0.7804054054054054,0.2917413259488516,0.2910618792971734,0.2922201138519924,,,,,,,,,,,,,nas_best_convnext3d_3d/left_neural_foraminal_narrowing/repeat_01
nas_best_convnext3d_3d,ConvNeXt 3D,convnext3d,3d_level_stack,left_neural_foraminal_narrowing,2,142,313,1,0.7588703954332036,0.7640678052174843,0.768918925040477,0.7829109341057205,0.7640677966101694,0.768918918918919,0.2927463244253107,0.2887522418652319,0.2897886427298192,,,,,,,,,,,,,nas_best_convnext3d_3d/left_neural_foraminal_narrowing/repeat_02
nas_best_convnext3d_3d,ConvNeXt 3D,convnext3d,3d_level_stack,left_neural_foraminal_narrowing,3,242,313,1,0.7440579827281012,0.7743243317346316,0.7628378465368941,0.7820289855072464,0.7743243243243243,0.7628378378378379,0.2925612665365431,0.2909367859862909,0.2884885652229462,,,,,,,,,,,,,nas_best_convnext3d_3d/left_neural_foraminal_narrowing/repeat_03
nas_best_convnext3d_3d,ConvNeXt 3D,convnext3d,3d_level_stack,left_neural_foraminal_narrowing,4,342,313,1,0.7475742331714754,0.7735593288631762,0.7668918967247009,0.781317885590152,0.7735593220338983,0.7668918918918919,0.2924119241192411,0.2907747196738022,0.2893562778840025,,,,,,,,,,,,,nas_best_convnext3d_3d/left_neural_foraminal_narrowing/repeat_04
nas_best_convnext3d_3d,ConvNeXt 3D,convnext3d,3d_level_stack,left_neural_foraminal_narrowing,5,442,313,1,0.7415340224175826,0.7763513584394712,0.7809523887374774,0.777713458755427,0.7763513513513514,0.780952380952381,0.2916530988820145,0.2913655382274629,0.2923351158645276,,,,,,,,,,,,,nas_best_convnext3d_3d/left_neural_foraminal_narrowing/repeat_05
nas_best_convnext3d_3d,ConvNeXt 3D,convnext3d,3d_level_stack,left_subarticular_stenosis,1,42,362,1,0.6884462276302961,0.727472532199416,0.7377777867847019,0.7212749003984064,0.7274725274725274,0.7377777777777778,0.2793568496744129,0.280746395250212,0.2830349531116794,,,,,,,,,,,,,nas_best_convnext3d_3d/left_subarticular_stenosis/repeat_01
nas_best_convnext3d_3d,ConvNeXt 3D,convnext3d,3d_level_stack,left_subarticular_stenosis,2,142,362,1,0.6977635901956893,0.7304029382847168,0.6967033051745796,0.729552715654952,0.7304029304029304,0.6967032967032967,0.2812105538622579,0.2813999435506633,0.273747841105354,,,,,,,,,,,,,nas_best_convnext3d_3d/left_subarticular_stenosis/repeat_02
nas_best_convnext3d_3d,ConvNeXt 3D,convnext3d,3d_level_stack,left_subarticular_stenosis,3,242,362,1,0.6951548974129583,0.7246268738561602,0.7254612600891353,0.7245432883240667,0.7246268656716418,0.7254612546125462,0.2800908867600098,0.2801096206548392,0.2802965497576276,,,,,,,,,,,,,nas_best_convnext3d_3d/left_subarticular_stenosis/repeat_03
nas_best_convnext3d_3d,ConvNeXt 3D,convnext3d,3d_level_stack,left_subarticular_stenosis,4,342,362,1,0.7048374405935773,0.720588240553351,0.7320754818196566,0.7240285487708168,0.7205882352941176,0.7320754716981132,0.2799754676479607,0.2792022792022792,0.2817719680464778,,,,,,,,,,,,,nas_best_convnext3d_3d/left_subarticular_stenosis/repeat_04
nas_best_convnext3d_3d,ConvNeXt 3D,convnext3d,3d_level_stack,left_subarticular_stenosis,5,442,362,1,0.6941176577099556,0.7096296341330917,0.719259269590731,0.729093799682035,0.7096296296296296,0.7192592592592593,0.2811082505823219,0.2767186597342576,0.278902771793767,,,,,,,,,,,,,nas_best_convnext3d_3d/left_subarticular_stenosis/repeat_05
nas_best_convnext3d_3d,ConvNeXt 3D,convnext3d,3d_level_stack,right_neural_foraminal_narrowing,1,42,371,1,0.7672250655907744,0.7743243309291633,0.7858108153214326,0.7825200291332848,0.7743243243243243,0.7858108108108108,0.2926643240445643,0.2909367859862909,0.2933535124227519,,,,,,,,,,,,,nas_best_convnext3d_3d/right_neural_foraminal_narrowing/repeat_01
nas_best_convnext3d_3d,ConvNeXt 3D,convnext3d,3d_level_stack,right_neural_foraminal_narrowing,2,142,371,1,0.7670794006515748,0.7885135202794462,0.7641891974049646,0.784122359796067,0.7885135135135135,0.7641891891891892,0.2930002177226213,0.2939176426142803,0.2887782458828035,,,,,,,,,,,,,nas_best_convnext3d_3d/right_neural_foraminal_narrowing/repeat_02
nas_best_convnext3d_3d,ConvNeXt 3D,convnext3d,3d_level_stack,right_neural_foraminal_narrowing,3,242,371,1,0.7581091030727733,0.7687074919136203,0.7682432500091759,0.7874909090909091,0.7687074829931972,0.7682432432432432,0.2937043968861041,0.2897435897435897,0.2896446312571647,,,,,,,,,,,,,nas_best_convnext3d_3d/right_neural_foraminal_narrowing/repeat_03
nas_best_convnext3d_3d,ConvNeXt 3D,convnext3d,3d_level_stack,right_neural_foraminal_narrowing,4,342,371,1,0.7667880673870412,0.7878378420262724,0.7668918967247009,0.7836853605243991,0.7878378378378378,0.7668918918918919,0.2929086702055261,0.2937767699672461,0.2893562778840025,,,,,,,,,,,,,nas_best_convnext3d_3d/right_neural_foraminal_narrowing/repeat_04
nas_best_convnext3d_3d,ConvNeXt 3D,convnext3d,3d_level_stack,right_neural_foraminal_narrowing,5,442,371,1,0.7684593120979708,0.7667796652195817,0.7775510306261024,0.7859011627906977,0.7667796610169492,0.7775510204081633,0.2933723990125064,0.2893323100537222,0.2916188289322617,,,,,,,,,,,,,nas_best_convnext3d_3d/right_neural_foraminal_narrowing/repeat_05
nas_best_convnext3d_3d,ConvNeXt 3D,convnext3d,3d_level_stack,right_subarticular_stenosis,1,42,364,1,0.6906497712747419,0.7204545510537697,0.7215827405452728,0.7215530903328051,0.7204545454545455,0.7215827338129497,0.2794194360060143,0.2791721708498458,0.2794261039141941,,,,,,,,,,,,,nas_best_convnext3d_3d/right_subarticular_stenosis/repeat_01
nas_best_convnext3d_3d,ConvNeXt 3D,convnext3d,3d_level_stack,right_subarticular_stenosis,2,142,364,1,0.6945194709480897,0.73211679710959,0.7143911502678016,0.720571882446386,0.7321167883211679,0.7143911439114391,0.2791985966208106,0.2817811490377862,0.2778016932127995,,,,,,,,,,,,,nas_best_convnext3d_3d/right_subarticular_stenosis/repeat_02
nas_best_convnext3d_3d,ConvNeXt 3D,convnext3d,3d_level_stack,right_subarticular_stenosis,3,242,364,1,0.7098412822163295,0.6988764130667354,0.7097472976691456,0.7287301587301588,0.698876404494382,0.7097472924187725,0.2810271477978759,0.2742504409171076,0.2767454954954955,,,,,,,,,,,,,nas_best_convnext3d_3d/right_subarticular_stenosis/repeat_03
nas_best_convnext3d_3d,ConvNeXt 3D,convnext3d,3d_level_stack,right_subarticular_stenosis,4,342,364,1,0.6992088694927059,0.7176470642580706,0.7201492595138834,0.7224683544303797,0.7176470588235294,0.7201492537313433,0.2796252066874885,0.2785388127853881,0.2791033984092552,,,,,,,,,,,,,nas_best_convnext3d_3d/right_subarticular_stenosis/repeat_04
nas_best_convnext3d_3d,ConvNeXt 3D,convnext3d,3d_level_stack,right_subarticular_stenosis,5,442,364,1,0.700796193947458,0.734065939327736,0.7170909146829085,0.7195859872611465,0.734065934065934,0.7170909090909091,0.2789764484365836,0.2822137727080693,0.2784131017930255,,,,,,,,,,,,,nas_best_convnext3d_3d/right_subarticular_stenosis/repeat_05
nas_best_convnext3d_3d,ConvNeXt 3D,convnext3d,3d_level_stack,spinal_canal_stenosis,1,42,314,1,0.8681235986269769,0.8678321730006825,0.8867132913816226,0.8780708364732479,0.8678321678321679,0.8867132867132868,0.3116924805392825,0.3097466616747785,0.3133185075364467,,,,,,,,,,,,,nas_best_convnext3d_3d/spinal_canal_stenosis/repeat_01
nas_best_convnext3d_3d,ConvNeXt 3D,convnext3d,3d_level_stack,spinal_canal_stenosis,2,142,314,1,0.8566917386270108,0.8701388902134366,0.8811387975444998,0.878796992481203,0.8701388888888889,0.8811387900355871,0.3118296782455578,0.3101869043198416,0.31227140875268,,,,,,,,,,,,,nas_best_convnext3d_3d/spinal_canal_stenosis/repeat_02
nas_best_convnext3d_3d,ConvNeXt 3D,convnext3d,3d_level_stack,spinal_canal_stenosis,3,242,314,1,0.8663670545213678,0.8727915242788227,0.8818505400016214,0.8780524344569288,0.872791519434629,0.8818505338078292,0.3116890023399277,0.310691823899371,0.3124054462934947,,,,,,,,,,,,,nas_best_convnext3d_3d/spinal_canal_stenosis/repeat_03
nas_best_convnext3d_3d,ConvNeXt 3D,convnext3d,3d_level_stack,spinal_canal_stenosis,4,342,314,1,0.8662650700075081,0.879432626649843,0.8678200725453122,0.8796686746987952,0.8794326241134752,0.8678200692041522,0.3119942312314718,0.3119496855345912,0.30974434975917,,,,,,,,,,,,,nas_best_convnext3d_3d/spinal_canal_stenosis/repeat_04
nas_best_convnext3d_3d,ConvNeXt 3D,convnext3d,3d_level_stack,spinal_canal_stenosis,5,442,314,1,0.8539969945385445,0.8748251795768738,0.8857142908647916,0.8767722473604826,0.8748251748251749,0.8857142857142857,0.3114468643681856,0.3110779559865722,0.3131313131313131,,,,,,,,,,,,,nas_best_convnext3d_3d/spinal_canal_stenosis/repeat_05
nas_best_convnext_2d,ConvNeXt 2D,convnext,2d,left_neural_foraminal_narrowing,1,42,2,19,0.864156420122101,0.8474576190366583,0.8594594775019465,0.8799420709630702,0.847457627118644,0.8594594594594595,0.7631523746174276,0.6646215633178453,0.7146309886767902,,,,,,,,,,,,,nas_best_convnext_2d/left_neural_foraminal_narrowing/repeat_01
nas_best_convnext_2d,ConvNeXt 2D,convnext,2d,left_neural_foraminal_narrowing,2,142,2,17,0.883997115166959,0.8467796889402098,0.8540540402000015,0.9020999275887038,0.8467796610169491,0.8540540540540541,0.8112652458512372,0.6978296553918693,0.6829035613742217,,,,,,,,,,,,,nas_best_convnext_2d/left_neural_foraminal_narrowing/repeat_02
nas_best_convnext_2d,ConvNeXt 2D,convnext,2d,left_neural_foraminal_narrowing,3,242,2,11,0.8598550870798636,0.8472973076072899,0.8364865071064717,0.8707246376811594,0.8472972972972973,0.8364864864864865,0.7302379281994106,0.6688482621253954,0.6889495022519622,,,,,,,,,,,,,nas_best_convnext_2d/left_neural_foraminal_narrowing/repeat_03
nas_best_convnext_2d,ConvNeXt 2D,convnext,2d,left_neural_foraminal_narrowing,4,342,2,27,0.9165822058203944,0.8515254311642404,0.8371621676393457,0.9293265749456916,0.8515254237288136,0.8371621621621622,0.8759104862960604,0.6890907516016437,0.6403458925989071,,,,,,,,,,,,,nas_best_convnext_2d/left_neural_foraminal_narrowing/repeat_04
nas_best_convnext_2d,ConvNeXt 2D,convnext,2d,left_neural_foraminal_narrowing,5,442,2,13,0.8800289551532045,0.8520270328263979,0.8523809840890015,0.8908827785817656,0.852027027027027,0.8523809523809524,0.7895050549307833,0.7132970958867194,0.7001579883648253,,,,,,,,,,,,,nas_best_convnext_2d/left_neural_foraminal_narrowing/repeat_05
nas_best_convnext_2d,ConvNeXt 2D,convnext,2d,left_subarticular_stenosis,1,42,52,28,0.9615936437451033,0.8490842497829116,0.8340740976510225,0.971792828685259,0.8490842490842491,0.8340740740740741,0.9597693843395946,0.7280206968276479,0.7051309953568841,,,,,,,,,,,,,nas_best_convnext_2d/left_subarticular_stenosis/repeat_01
nas_best_convnext_2d,ConvNeXt 2D,convnext,2d,left_subarticular_stenosis,2,142,52,16,0.879073497586357,0.8578754530284868,0.8219780284406502,0.8787539936102237,0.8578754578754578,0.8219780219780219,0.7923704890949597,0.7316904364621587,0.7015518331383378,,,,,,,,,,,,,nas_best_convnext_2d/left_subarticular_stenosis/repeat_02
nas_best_convnext_2d,ConvNeXt 2D,convnext,2d,left_subarticular_stenosis,3,242,52,16,0.8692613417331523,0.843283606998956,0.8546125519319654,0.8802223987291501,0.8432835820895522,0.8546125461254612,0.7917340925179605,0.7251561830858732,0.7537601887162341,,,,,,,,,,,,,nas_best_convnext_2d/left_subarticular_stenosis/repeat_03
nas_best_convnext_2d,ConvNeXt 2D,convnext,2d,left_subarticular_stenosis,4,342,52,12,0.8410785161815495,0.8573529755367952,0.8324528190324891,0.847898493259318,0.8573529411764705,0.8324528301886792,0.7274710851202079,0.7503924359314124,0.6894950843938091,,,,,,,,,,,,,nas_best_convnext_2d/left_subarticular_stenosis/repeat_04
nas_best_convnext_2d,ConvNeXt 2D,convnext,2d,left_subarticular_stenosis,5,442,52,20,0.8593004924883334,0.8325925977141769,0.8251851863331265,0.8642289348171701,0.8325925925925926,0.8251851851851851,0.7796589192339148,0.7376299408680317,0.7199894662740359,,,,,,,,,,,,,nas_best_convnext_2d/left_subarticular_stenosis/repeat_05
nas_best_convnext_2d,ConvNeXt 2D,convnext,2d,right_neural_foraminal_narrowing,1,42,42,11,0.8852148614308301,0.85608108945795,0.8540540595312376,0.8887108521485797,0.856081081081081,0.8540540540540541,0.7620502869778821,0.6834494158349574,0.668356811526047,,,,,,,,,,,,,nas_best_convnext_2d/right_neural_foraminal_narrowing/repeat_01
nas_best_convnext_2d,ConvNeXt 2D,convnext,2d,right_neural_foraminal_narrowing,2,142,42,10,0.8900218516132385,0.8641891994991818,0.8364864893861719,0.9015294974508375,0.8641891891891892,0.8364864864864865,0.8051873217496569,0.6955303456146625,0.6557476383765918,,,,,,,,,,,,,nas_best_convnext_2d/right_neural_foraminal_narrowing/repeat_02
nas_best_convnext_2d,ConvNeXt 2D,convnext,2d,right_neural_foraminal_narrowing,3,242,42,9,0.8679272760477933,0.8476190506195536,0.8527027030248899,0.8736,0.8476190476190476,0.8527027027027027,0.7025479961769898,0.6806394066407618,0.6649865864912129,,,,,,,,,,,,,nas_best_convnext_2d/right_neural_foraminal_narrowing/repeat_03
nas_best_convnext_2d,ConvNeXt 2D,convnext,2d,right_neural_foraminal_narrowing,4,342,42,10,0.8879825325231003,0.8506756618216231,0.8364865119392807,0.9000728332119446,0.8506756756756757,0.8364864864864865,0.8052545786565037,0.6838622967856934,0.6879047211149537,,,,,,,,,,,,,nas_best_convnext_2d/right_neural_foraminal_narrowing/repeat_04
nas_best_convnext_2d,ConvNeXt 2D,convnext,2d,right_neural_foraminal_narrowing,5,442,42,16,0.8806686165720917,0.856271198846526,0.8557823211157403,0.8953488372093024,0.856271186440678,0.85578231292517,0.7802116077056285,0.6873755916357526,0.6785445028763301,,,,,,,,,,,,,nas_best_convnext_2d/right_neural_foraminal_narrowing/repeat_05
nas_best_convnext_2d,ConvNeXt 2D,convnext,2d,right_subarticular_stenosis,1,42,139,17,0.8291600776361021,0.8310606172590544,0.8208633009478342,0.8378763866877972,0.831060606060606,0.820863309352518,0.7117204593440359,0.7124755599667769,0.6957029764104515,,,,,,,,,,,,,nas_best_convnext_2d/right_subarticular_stenosis/repeat_01
nas_best_convnext_2d,ConvNeXt 2D,convnext,2d,right_subarticular_stenosis,2,142,139,9,0.8204924716563146,0.8299269954653552,0.8243542500527582,0.8263701350277999,0.82992700729927,0.8243542435424355,0.6848810663291488,0.6992417205974709,0.7052721264665585,,,,,,,,,,,,,nas_best_convnext_2d/right_subarticular_stenosis/repeat_02
nas_best_convnext_2d,ConvNeXt 2D,convnext,2d,right_subarticular_stenosis,3,242,139,14,0.8276190583668058,0.8367041253418511,0.8303249108231885,0.8382539682539683,0.8367041198501872,0.8303249097472925,0.7076313689772386,0.7313838940709801,0.7162014891789324,,,,,,,,,,,,,nas_best_convnext_2d/right_subarticular_stenosis/repeat_03
nas_best_convnext_2d,ConvNeXt 2D,convnext,2d,right_subarticular_stenosis,4,342,139,25,0.8484177287620834,0.8323529537986306,0.8156716716823293,0.867879746835443,0.8323529411764706,0.8156716417910448,0.7726434876750324,0.719794855561752,0.6906412423769609,,,,,,,,,,,,,nas_best_convnext_2d/right_subarticular_stenosis/repeat_04
nas_best_convnext_2d,ConvNeXt 2D,convnext,2d,right_subarticular_stenosis,5,442,139,15,0.8321656170923999,0.8329670394296611,0.8181818138469349,0.8417197452229299,0.832967032967033,0.8181818181818182,0.7208423933058232,0.6952989158127233,0.6775409224007355,,,,,,,,,,,,,nas_best_convnext_2d/right_subarticular_stenosis/repeat_05
nas_best_convnext_2d,ConvNeXt 2D,convnext,2d,spinal_canal_stenosis,1,42,9,18,0.953127371114991,0.9237762210252402,0.9272727411943716,0.9683496608892238,0.9237762237762238,0.9272727272727272,0.8832499374171814,0.7272607341595106,0.6891091117190694,,,,,,,,,,,,,nas_best_convnext_2d/spinal_canal_stenosis/repeat_01
nas_best_convnext_2d,ConvNeXt 2D,convnext,2d,spinal_canal_stenosis,2,142,9,37,0.9963909808854412,0.909027808242374,0.9245551631543985,0.9986466165413532,0.9090277777777778,0.9245551601423488,0.9961794948902184,0.6773946004818692,0.7123582830438583,,,,,,,,,,,,,nas_best_convnext_2d/spinal_canal_stenosis/repeat_02
nas_best_convnext_2d,ConvNeXt 2D,convnext,2d,spinal_canal_stenosis,3,242,9,14,0.9508614397674018,0.922968210053528,0.9309608635104848,0.9544569288389512,0.9229681978798586,0.9309608540925268,0.8270249523305332,0.7362751043910465,0.7164516102783073,,,,,,,,,,,,,nas_best_convnext_2d/spinal_canal_stenosis/repeat_03
nas_best_convnext_2d,ConvNeXt 2D,convnext,2d,spinal_canal_stenosis,4,342,9,15,0.9504518178572138,0.9269503748163264,0.916262969013729,0.9492469879518072,0.926950354609929,0.9162629757785468,0.80587898775447,0.6999579925320688,0.7117754337821228,,,,,,,,,,,,,nas_best_convnext_2d/spinal_canal_stenosis/repeat_04
nas_best_convnext_2d,ConvNeXt 2D,convnext,2d,spinal_canal_stenosis,5,442,9,5,0.9177979033097602,0.920279737952706,0.9247386852207916,0.9330316742081448,0.9202797202797204,0.924738675958188,0.7347312916134103,0.6637239880111746,0.6887342306177137,,,,,,,,,,,,,nas_best_convnext_2d/spinal_canal_stenosis/repeat_05
nas_best_efficientnet3d_3d,EfficientNet 3D,efficientnet3d,3d_level_stack,left_neural_foraminal_narrowing,1,42,277,2,0.7677045726499896,0.7749152609857463,0.7804054134600872,0.7781317885590152,0.7749152542372881,0.7804054054054054,0.2917413259488516,0.2910618792971734,0.2922201138519924,,,,,,,,,,,,,nas_best_efficientnet3d_3d/left_neural_foraminal_narrowing/repeat_01
nas_best_efficientnet3d_3d,EfficientNet 3D,efficientnet3d,3d_level_stack,left_neural_foraminal_narrowing,2,142,277,45,0.8194062404663643,0.8128813687017409,0.8135135197961653,0.8280955829109341,0.8128813559322033,0.8135135135135135,0.5454649173972869,0.5291522399453082,0.5170952152341018,,,,,,,,,,,,,nas_best_efficientnet3d_3d/left_neural_foraminal_narrowing/repeat_02
nas_best_efficientnet3d_3d,EfficientNet 3D,efficientnet3d,3d_level_stack,left_neural_foraminal_narrowing,3,242,277,6,0.7785507362821827,0.7750000067659326,0.7628378465368941,0.7817391304347826,0.775,0.7628378378378379,0.2930344495530801,0.2934807090719499,0.2884885652229462,,,,,,,,,,,,,nas_best_efficientnet3d_3d/left_neural_foraminal_narrowing/repeat_03
nas_best_efficientnet3d_3d,EfficientNet 3D,efficientnet3d,3d_level_stack,left_neural_foraminal_narrowing,4,342,277,49,0.8247646749839672,0.8427118747921313,0.8141891996602755,0.8437364228819696,0.8427118644067797,0.8141891891891891,0.6106851266777465,0.6093414963725321,0.5507901189719372,,,,,,,,,,,,,nas_best_efficientnet3d_3d/left_neural_foraminal_narrowing/repeat_04
nas_best_efficientnet3d_3d,EfficientNet 3D,efficientnet3d,3d_level_stack,left_neural_foraminal_narrowing,5,442,277,38,0.8358900288251996,0.8277027155901935,0.8170068126146485,0.8454413892908827,0.8277027027027027,0.8170068027210884,0.5790486865797163,0.5197520528017124,0.4937508341014826,,,,,,,,,,,,,nas_best_efficientnet3d_3d/left_neural_foraminal_narrowing/repeat_05
nas_best_efficientnet3d_3d,EfficientNet 3D,efficientnet3d,3d_level_stack,left_subarticular_stenosis,1,42,290,8,0.7274900519990352,0.736996346450114,0.7496296383716442,0.7337051792828685,0.736996336996337,0.7496296296296296,0.3843879567889111,0.3645111487867143,0.382814994619663,,,,,,,,,,,,,nas_best_efficientnet3d_3d/left_subarticular_stenosis/repeat_01
nas_best_efficientnet3d_3d,EfficientNet 3D,efficientnet3d,3d_level_stack,left_subarticular_stenosis,2,142,290,1,0.7158147087112402,0.7304029382847168,0.6967033051745796,0.729552715654952,0.7304029304029304,0.6967032967032967,0.2812105538622579,0.2813999435506633,0.273747841105354,,,,,,,,,,,,,nas_best_efficientnet3d_3d/left_subarticular_stenosis/repeat_02
nas_best_efficientnet3d_3d,EfficientNet 3D,efficientnet3d,3d_level_stack,left_subarticular_stenosis,3,242,290,1,0.7196187564927117,0.7246268738561602,0.7254612600891353,0.7245432883240667,0.7246268656716418,0.7254612546125462,0.2800908867600098,0.2801096206548392,0.2802965497576276,,,,,,,,,,,,,nas_best_efficientnet3d_3d/left_subarticular_stenosis/repeat_03
nas_best_efficientnet3d_3d,EfficientNet 3D,efficientnet3d,3d_level_stack,left_subarticular_stenosis,4,342,290,5,0.7291039002026762,0.7419117715428857,0.7486792555395162,0.7381443298969073,0.7419117647058824,0.7486792452830189,0.4247690220767854,0.4356519824644335,0.4275921380451519,,,,,,,,,,,,,nas_best_efficientnet3d_3d/left_subarticular_stenosis/repeat_04
nas_best_efficientnet3d_3d,EfficientNet 3D,efficientnet3d,3d_level_stack,left_subarticular_stenosis,5,442,290,9,0.7572337157775564,0.7400000117443226,0.7466666707286128,0.7643879173290938,0.74,0.7466666666666667,0.5045727714511744,0.4870716220596174,0.4763207348442059,,,,,,,,,,,,,nas_best_efficientnet3d_3d/left_subarticular_stenosis/repeat_05
nas_best_efficientnet3d_3d,EfficientNet 3D,efficientnet3d,3d_level_stack,right_neural_foraminal_narrowing,1,42,314,1,0.7602330800485021,0.7743243309291633,0.7858108153214326,0.7825200291332848,0.7743243243243243,0.7858108108108108,0.2926643240445643,0.2909367859862909,0.2933535124227519,,,,,,,,,,,,,nas_best_efficientnet3d_3d/right_neural_foraminal_narrowing/repeat_01
nas_best_efficientnet3d_3d,EfficientNet 3D,efficientnet3d,3d_level_stack,right_neural_foraminal_narrowing,2,142,314,1,0.7707210611185712,0.7885135202794462,0.7641891974049646,0.784122359796067,0.7885135135135135,0.7641891891891892,0.2930002177226213,0.2939176426142803,0.2887782458828035,,,,,,,,,,,,,nas_best_efficientnet3d_3d/right_neural_foraminal_narrowing/repeat_02
nas_best_efficientnet3d_3d,EfficientNet 3D,efficientnet3d,3d_level_stack,right_neural_foraminal_narrowing,3,242,314,1,0.7630545565431768,0.7687074919136203,0.7682432500091759,0.7874909090909091,0.7687074829931972,0.7682432432432432,0.2937043968861041,0.2897435897435897,0.2896446312571647,,,,,,,,,,,,,nas_best_efficientnet3d_3d/right_neural_foraminal_narrowing/repeat_03
nas_best_efficientnet3d_3d,EfficientNet 3D,efficientnet3d,3d_level_stack,right_neural_foraminal_narrowing,4,342,314,1,0.7657684019162372,0.7878378420262724,0.7668918967247009,0.7836853605243991,0.7878378378378378,0.7668918918918919,0.2929086702055261,0.2937767699672461,0.2893562778840025,,,,,,,,,,,,,nas_best_efficientnet3d_3d/right_neural_foraminal_narrowing/repeat_04
nas_best_efficientnet3d_3d,EfficientNet 3D,efficientnet3d,3d_level_stack,right_neural_foraminal_narrowing,5,442,314,1,0.7598837316036224,0.7667796652195817,0.7775510306261024,0.7859011627906977,0.7667796610169492,0.7775510204081633,0.2933723990125064,0.2893323100537222,0.2916188289322617,,,,,,,,,,,,,nas_best_efficientnet3d_3d/right_neural_foraminal_narrowing/repeat_05
nas_best_efficientnet3d_3d,EfficientNet 3D,efficientnet3d,3d_level_stack,right_subarticular_stenosis,1,42,216,43,0.833914432963932,0.8166666735302318,0.8079136841588741,0.8511885895404121,0.8166666666666667,0.8079136690647482,0.7439095486080584,0.6946612451330595,0.6874286650329388,,,,,,,,,,,,,nas_best_efficientnet3d_3d/right_subarticular_stenosis/repeat_01
nas_best_efficientnet3d_3d,EfficientNet 3D,efficientnet3d,3d_level_stack,right_subarticular_stenosis,2,142,216,44,0.8125496522787548,0.8138686218400941,0.7963099728211266,0.8319301032565528,0.8138686131386861,0.796309963099631,0.6886131107758403,0.6553456739997047,0.635045261729308,,,,,,,,,,,,,nas_best_efficientnet3d_3d/right_subarticular_stenosis/repeat_02
nas_best_efficientnet3d_3d,EfficientNet 3D,efficientnet3d,3d_level_stack,right_subarticular_stenosis,3,242,216,15,0.7734920755265251,0.7955056245853839,0.7718411694795216,0.7892063492063492,0.7955056179775281,0.771841155234657,0.6270853310112176,0.674612746759396,0.619473328786256,,,,,,,,,,,,,nas_best_efficientnet3d_3d/right_subarticular_stenosis/repeat_03
nas_best_efficientnet3d_3d,EfficientNet 3D,efficientnet3d,3d_level_stack,right_subarticular_stenosis,4,342,216,23,0.7876582398444791,0.803676484262242,0.7783582237229418,0.8058544303797468,0.8036764705882353,0.7783582089552239,0.6506044166263706,0.6666209708601357,0.6184094311029296,,,,,,,,,,,,,nas_best_efficientnet3d_3d/right_subarticular_stenosis/repeat_04
nas_best_efficientnet3d_3d,EfficientNet 3D,efficientnet3d,3d_level_stack,right_subarticular_stenosis,5,442,216,18,0.7828025582489694,0.821245435939167,0.8087272908470847,0.8092356687898089,0.8212454212454212,0.8087272727272727,0.6605124987965191,0.6717174597158545,0.6784811989887324,,,,,,,,,,,,,nas_best_efficientnet3d_3d/right_subarticular_stenosis/repeat_05
nas_best_efficientnet3d_3d,EfficientNet 3D,efficientnet3d,3d_level_stack,spinal_canal_stenosis,1,42,361,1,0.8370761207467017,0.8678321730006825,0.8867132913816226,0.8780708364732479,0.8678321678321679,0.8867132867132868,0.3116924805392825,0.3097466616747785,0.3133185075364467,,,,,,,,,,,,,nas_best_efficientnet3d_3d/spinal_canal_stenosis/repeat_01
nas_best_efficientnet3d_3d,EfficientNet 3D,efficientnet3d,3d_level_stack,spinal_canal_stenosis,2,142,361,1,0.8410526436074336,0.8701388902134366,0.8811387975444998,0.878796992481203,0.8701388888888889,0.8811387900355871,0.3118296782455578,0.3101869043198416,0.31227140875268,,,,,,,,,,,,,nas_best_efficientnet3d_3d/spinal_canal_stenosis/repeat_02
nas_best_efficientnet3d_3d,EfficientNet 3D,efficientnet3d,3d_level_stack,spinal_canal_stenosis,3,242,361,1,0.8468913967243294,0.8727915242788227,0.8818505400016214,0.8780524344569288,0.872791519434629,0.8818505338078292,0.3116890023399277,0.310691823899371,0.3124054462934947,,,,,,,,,,,,,nas_best_efficientnet3d_3d/spinal_canal_stenosis/repeat_03
nas_best_efficientnet3d_3d,EfficientNet 3D,efficientnet3d,3d_level_stack,spinal_canal_stenosis,4,342,361,1,0.833283145025552,0.879432626649843,0.8678200725453122,0.8796686746987952,0.8794326241134752,0.8678200692041522,0.3119942312314718,0.3119496855345912,0.30974434975917,,,,,,,,,,,,,nas_best_efficientnet3d_3d/spinal_canal_stenosis/repeat_04
nas_best_efficientnet3d_3d,EfficientNet 3D,efficientnet3d,3d_level_stack,spinal_canal_stenosis,5,442,361,1,0.8351432994165392,0.8748251795768738,0.8857142908647916,0.8767722473604826,0.8748251748251749,0.8857142857142857,0.3114468643681856,0.3110779559865722,0.3131313131313131,,,,,,,,,,,,,nas_best_efficientnet3d_3d/spinal_canal_stenosis/repeat_05
nas_best_efficientnet_2d,EfficientNet 2D,efficientnet,2d,left_neural_foraminal_narrowing,1,42,142,9,0.8812454911697437,0.8291525656894102,0.8405405492395968,0.8957277335264301,0.8291525423728814,0.8405405405405405,0.7957204870909406,0.6204305058237644,0.6313429294527048,,,,,,,,,,,,,nas_best_efficientnet_2d/left_neural_foraminal_narrowing/repeat_01
nas_best_efficientnet_2d,EfficientNet 2D,efficientnet,2d,left_neural_foraminal_narrowing,2,142,142,12,0.8937002337557263,0.8420339109533924,0.8391891959551219,0.9005068790731354,0.8420338983050848,0.8391891891891892,0.8126107652888596,0.6850420971186453,0.6639055408017397,,,,,,,,,,,,,nas_best_efficientnet_2d/left_neural_foraminal_narrowing/repeat_02
nas_best_efficientnet_2d,EfficientNet 2D,efficientnet,2d,left_neural_foraminal_narrowing,3,242,142,10,0.8815942116405653,0.837837857169074,0.8263513606947821,0.8910144927536232,0.8378378378378378,0.8263513513513514,0.7924065613175126,0.6348319090540683,0.6651645388709623,,,,,,,,,,,,,nas_best_efficientnet_2d/left_neural_foraminal_narrowing/repeat_03
nas_best_efficientnet_2d,EfficientNet 2D,efficientnet,2d,left_neural_foraminal_narrowing,4,342,142,14,0.8948588231436849,0.844745775400582,0.8277027075355118,0.9141202027516292,0.8447457627118644,0.8277027027027027,0.8343257690573024,0.6520109749384594,0.6507727137219058,,,,,,,,,,,,,nas_best_efficientnet_2d/left_neural_foraminal_narrowing/repeat_04
nas_best_efficientnet_2d,EfficientNet 2D,efficientnet,2d,left_neural_foraminal_narrowing,5,442,142,6,0.8561505183642232,0.845945963988433,0.8292517078166105,0.8678726483357453,0.845945945945946,0.8292517006802721,0.7331116767587985,0.7076792039428215,0.6544076422451609,,,,,,,,,,,,,nas_best_efficientnet_2d/left_neural_foraminal_narrowing/repeat_05
nas_best_efficientnet_2d,EfficientNet 2D,efficientnet,2d,left_subarticular_stenosis,1,42,118,11,0.8914741245398958,0.8271062334815225,0.8237036974341782,0.8994422310756972,0.827106227106227,0.8237037037037037,0.8335532782063102,0.7158498184376253,0.7010190981466877,,,,,,,,,,,,,nas_best_efficientnet_2d/left_subarticular_stenosis/repeat_01
nas_best_efficientnet_2d,EfficientNet 2D,efficientnet,2d,left_subarticular_stenosis,2,142,118,10,0.8814696564841956,0.8424908431458386,0.8014652080588288,0.8774760383386582,0.8424908424908425,0.8014652014652015,0.7898453903068222,0.7107904880350701,0.6674936769225065,,,,,,,,,,,,,nas_best_efficientnet_2d/left_subarticular_stenosis/repeat_02
nas_best_efficientnet_2d,EfficientNet 2D,efficientnet,2d,left_subarticular_stenosis,3,242,118,6,0.8505162961715929,0.8208955241673028,0.801476043308793,0.8459094519459889,0.8208955223880597,0.8014760147601476,0.7329918339721043,0.6912975912975913,0.6557815278305457,,,,,,,,,,,,,nas_best_efficientnet_2d/left_subarticular_stenosis/repeat_03
nas_best_efficientnet_2d,EfficientNet 2D,efficientnet,2d,left_subarticular_stenosis,4,342,118,6,0.8493259388430547,0.8264705959488364,0.8226415096588855,0.8561459159397303,0.8264705882352941,0.8226415094339623,0.7669899505548359,0.7108013590071599,0.7058201644704599,,,,,,,,,,,,,nas_best_efficientnet_2d/left_subarticular_stenosis/repeat_04
nas_best_efficientnet_2d,EfficientNet 2D,efficientnet,2d,left_subarticular_stenosis,5,442,118,15,0.9252782271662652,0.8088889236803408,0.8162963072458903,0.9248012718600954,0.8088888888888889,0.8162962962962963,0.8721222904895524,0.6770754909341866,0.6768183083972558,,,,,,,,,,,,,nas_best_efficientnet_2d/left_subarticular_stenosis/repeat_05
nas_best_efficientnet_2d,EfficientNet 2D,efficientnet,2d,right_neural_foraminal_narrowing,1,42,143,13,0.9163874865706958,0.8371621805268366,0.8493243182027662,0.9219227967953388,0.8371621621621622,0.8493243243243244,0.8271570347476946,0.650964884425568,0.6678366796779002,,,,,,,,,,,,,nas_best_efficientnet_2d/right_neural_foraminal_narrowing/repeat_01
nas_best_efficientnet_2d,EfficientNet 2D,efficientnet,2d,right_neural_foraminal_narrowing,2,142,143,10,0.9013838508835866,0.8567567661001876,0.8344594594594594,0.9086671522214128,0.8567567567567568,0.8344594594594594,0.8153631872395959,0.6679384008054813,0.6380135699215285,,,,,,,,,,,,,nas_best_efficientnet_2d/right_neural_foraminal_narrowing/repeat_02
nas_best_efficientnet_2d,EfficientNet 2D,efficientnet,2d,right_neural_foraminal_narrowing,3,242,143,23,0.9626181817921724,0.8340136011441549,0.8445945897617856,0.9704727272727272,0.8340136054421768,0.8445945945945946,0.9363017644685754,0.6965643972533737,0.7016438307090302,,,,,,,,,,,,,nas_best_efficientnet_2d/right_neural_foraminal_narrowing/repeat_03
nas_best_efficientnet_2d,EfficientNet 2D,efficientnet,2d,right_neural_foraminal_narrowing,4,342,143,13,0.9069191683233,0.8513513658497784,0.8412162258818343,0.9193008011653314,0.8513513513513513,0.8412162162162162,0.8326605602189526,0.6687281446897284,0.6510901036979158,,,,,,,,,,,,,nas_best_efficientnet_2d/right_neural_foraminal_narrowing/repeat_04
nas_best_efficientnet_2d,EfficientNet 2D,efficientnet,2d,right_neural_foraminal_narrowing,5,442,143,11,0.9031976918841518,0.8366101974147861,0.8476190481867109,0.911046511627907,0.8366101694915254,0.8476190476190476,0.8142362099261616,0.6520358625674586,0.6558669155758166,,,,,,,,,,,,,nas_best_efficientnet_2d/right_neural_foraminal_narrowing/repeat_05
nas_best_efficientnet_2d,EfficientNet 2D,efficientnet,2d,right_subarticular_stenosis,1,42,58,7,0.8489699025539513,0.817424243146723,0.810071964058087,0.8519809825673534,0.8174242424242424,0.8100719424460432,0.7460646637592334,0.6892775377450963,0.6753240278250727,,,,,,,,,,,,,nas_best_efficientnet_2d/right_subarticular_stenosis/repeat_01
nas_best_efficientnet_2d,EfficientNet 2D,efficientnet,2d,right_subarticular_stenosis,2,142,58,13,0.8919777748980533,0.8036496547886925,0.8036900490412413,0.8910246227164417,0.8036496350364963,0.803690036900369,0.8218091676749811,0.6653416009987455,0.6761030705362101,,,,,,,,,,,,,nas_best_efficientnet_2d/right_subarticular_stenosis/repeat_02
nas_best_efficientnet_2d,EfficientNet 2D,efficientnet,2d,right_subarticular_stenosis,3,242,58,12,0.8993650869717673,0.804494381174166,0.7884476882025653,0.9022222222222224,0.8044943820224719,0.7884476534296029,0.8342253857315698,0.659217584952038,0.6292634788205902,,,,,,,,,,,,,nas_best_efficientnet_2d/right_subarticular_stenosis/repeat_03
nas_best_efficientnet_2d,EfficientNet 2D,efficientnet,2d,right_subarticular_stenosis,4,342,58,10,0.8550633078889002,0.8022059097009546,0.8014925273496714,0.8520569620253164,0.8022058823529412,0.8014925373134328,0.7492713878240495,0.6551387131450671,0.6637044789831434,,,,,,,,,,,,,nas_best_efficientnet_2d/right_subarticular_stenosis/repeat_04
nas_best_efficientnet_2d,EfficientNet 2D,efficientnet,2d,right_subarticular_stenosis,5,442,58,7,0.8366242119461108,0.8000000066809602,0.8000000296939503,0.842515923566879,0.8,0.8,0.7408643732735571,0.6613855854417751,0.667070499976702,,,,,,,,,,,,,nas_best_efficientnet_2d/right_subarticular_stenosis/repeat_05
nas_best_efficientnet_2d,EfficientNet 2D,efficientnet,2d,spinal_canal_stenosis,1,42,93,17,0.9480030238852972,0.91188814715072,0.930069947993005,0.9581009796533534,0.911888111888112,0.93006993006993,0.831804125481263,0.6756090791900949,0.6828072015627898,,,,,,,,,,,,,nas_best_efficientnet_2d/spinal_canal_stenosis/repeat_01
nas_best_efficientnet_2d,EfficientNet 2D,efficientnet,2d,spinal_canal_stenosis,2,142,93,14,0.951428596955493,0.911111142900255,0.9238434366059898,0.952781954887218,0.9111111111111112,0.9238434163701068,0.8264561991649467,0.6536458696778422,0.7116824550781576,,,,,,,,,,,,,nas_best_efficientnet_2d/spinal_canal_stenosis/repeat_02
nas_best_efficientnet_2d,EfficientNet 2D,efficientnet,2d,spinal_canal_stenosis,3,242,93,19,0.958052447717288,0.922261507056206,0.9266904102525676,0.9604494382022472,0.92226148409894,0.9266903914590748,0.8579244983440689,0.726405801815312,0.7065090793161556,,,,,,,,,,,,,nas_best_efficientnet_2d/spinal_canal_stenosis/repeat_03
nas_best_efficientnet_2d,EfficientNet 2D,efficientnet,2d,spinal_canal_stenosis,4,342,93,22,0.9727409733347144,0.916312079480354,0.9100346144507911,0.9725903614457831,0.9163120567375886,0.9100346020761244,0.904730748021236,0.689969020624079,0.6914066548227108,,,,,,,,,,,,,nas_best_efficientnet_2d/spinal_canal_stenosis/repeat_04
nas_best_efficientnet_2d,EfficientNet 2D,efficientnet,2d,spinal_canal_stenosis,5,442,93,12,0.94419307820218,0.9139860376611456,0.9108014129595474,0.9475113122171944,0.913986013986014,0.910801393728223,0.8014012788169581,0.6751003567805937,0.6405287657516591,,,,,,,,,,,,,nas_best_efficientnet_2d/spinal_canal_stenosis/repeat_05
nas_best_vit3d_3d,ViT 3D,vit3d,3d_level_stack,left_neural_foraminal_narrowing,1,42,1512,15,0.7792903796043369,0.7816949500875958,0.7702702960452518,0.7792903692976104,0.7816949152542373,0.7702702702702703,0.3821787429623078,0.3797564720192587,0.3740171164855708,,,,,,,,,,,,,nas_best_vit3d_3d/left_neural_foraminal_narrowing/repeat_01
nas_best_vit3d_3d,ViT 3D,vit3d,3d_level_stack,left_neural_foraminal_narrowing,2,142,1512,16,0.7818971921964282,0.7701694917880882,0.7695946242358234,0.7824764663287472,0.7701694915254237,0.7695945945945946,0.303164375697533,0.3161334709322325,0.3013263610008637,,,,,,,,,,,,,nas_best_vit3d_3d/left_neural_foraminal_narrowing/repeat_02
nas_best_vit3d_3d,ViT 3D,vit3d,3d_level_stack,left_neural_foraminal_narrowing,3,242,1512,2,0.7689855192018592,0.774324357509613,0.7628378344548715,0.7820289855072464,0.7743243243243243,0.7628378378378379,0.2925612665365431,0.2909367859862909,0.2884885652229462,,,,,,,,,,,,,nas_best_vit3d_3d/left_neural_foraminal_narrowing/repeat_03
nas_best_vit3d_3d,ViT 3D,vit3d,3d_level_stack,left_neural_foraminal_narrowing,4,342,1512,15,0.7785662735915546,0.7837288377648693,0.7594594689639839,0.7763939174511224,0.783728813559322,0.7594594594594595,0.374112925196822,0.407277196194191,0.3604268100670978,,,,,,,,,,,,,nas_best_vit3d_3d/left_neural_foraminal_narrowing/repeat_04
nas_best_vit3d_3d,ViT 3D,vit3d,3d_level_stack,left_neural_foraminal_narrowing,5,442,1512,5,0.7713458809769792,0.7777027213895643,0.7666666576651489,0.76410998552822,0.7777027027027027,0.7666666666666667,0.3516766640974945,0.3653470936863163,0.3400003534435001,,,,,,,,,,,,,nas_best_vit3d_3d/left_neural_foraminal_narrowing/repeat_05
nas_best_vit3d_3d,ViT 3D,vit3d,3d_level_stack,left_subarticular_stenosis,1,42,856,17,0.7654183343112231,0.7553113456610795,0.7592592716217041,0.7620717131474104,0.7553113553113553,0.7592592592592593,0.5341680181394639,0.5401476371967937,0.554516887196885,,,,,,,,,,,,,nas_best_vit3d_3d/left_subarticular_stenosis/repeat_01
nas_best_vit3d_3d,ViT 3D,vit3d,3d_level_stack,left_subarticular_stenosis,2,142,856,22,0.7749201413541557,0.7677655802978264,0.7216117567631788,0.7645367412140575,0.7677655677655678,0.7216117216117216,0.4908572706536594,0.5290329028685319,0.4909952308693483,,,,,,,,,,,,,nas_best_vit3d_3d/left_subarticular_stenosis/repeat_02
nas_best_vit3d_3d,ViT 3D,vit3d,3d_level_stack,left_subarticular_stenosis,3,242,856,13,0.7656870639636651,0.7552238711670264,0.7439114279852582,0.7531374106433677,0.755223880597015,0.7439114391143912,0.4266662813557249,0.4651394250085848,0.4655115337428256,,,,,,,,,,,,,nas_best_vit3d_3d/left_subarticular_stenosis/repeat_03
nas_best_vit3d_3d,ViT 3D,vit3d,3d_level_stack,left_subarticular_stenosis,4,342,856,25,0.7776368097782513,0.7595588459688074,0.7547169932779276,0.7804916732751784,0.7595588235294117,0.7547169811320755,0.5682034946339752,0.5333499267836249,0.5251969584557145,,,,,,,,,,,,,nas_best_vit3d_3d/left_subarticular_stenosis/repeat_04
nas_best_vit3d_3d,ViT 3D,vit3d,3d_level_stack,left_subarticular_stenosis,5,442,856,19,0.7809221059415602,0.7481481834694191,0.7474074200347618,0.7675675675675676,0.7481481481481481,0.7474074074074074,0.527758455844602,0.5196412646834281,0.5138079233859946,,,,,,,,,,,,,nas_best_vit3d_3d/left_subarticular_stenosis/repeat_05
nas_best_vit3d_3d,ViT 3D,vit3d,3d_level_stack,right_neural_foraminal_narrowing,1,42,1943,37,0.7944646986487653,0.7851351628432403,0.7878378710231265,0.7965040058266569,0.7851351351351351,0.7878378378378378,0.4135425795070211,0.3883813734896202,0.4048885219695163,,,,,,,,,,,,,nas_best_vit3d_3d/right_neural_foraminal_narrowing/repeat_01
nas_best_vit3d_3d,ViT 3D,vit3d,3d_level_stack,right_neural_foraminal_narrowing,2,142,1943,5,0.7807720450702065,0.788513542832555,0.7648648514940932,0.7842680262199563,0.7885135135135135,0.7648648648648648,0.2946675602114723,0.2964519412534535,0.2911877394636015,,,,,,,,,,,,,nas_best_vit3d_3d/right_neural_foraminal_narrowing/repeat_02
nas_best_vit3d_3d,ViT 3D,vit3d,3d_level_stack,right_neural_foraminal_narrowing,3,242,1943,26,0.7930181840983304,0.7809523923867414,0.7682432637021348,0.7899636363636363,0.780952380952381,0.7682432432432432,0.3791319290316184,0.3687830687830688,0.35528451084968,,,,,,,,,,,,,nas_best_vit3d_3d/right_neural_foraminal_narrowing/repeat_03
nas_best_vit3d_3d,ViT 3D,vit3d,3d_level_stack,right_neural_foraminal_narrowing,4,342,1943,8,0.7848507168947652,0.7878378710231265,0.766216236997295,0.783102694828842,0.7878378378378378,0.7662162162162162,0.296031434752588,0.3039044038289257,0.2960308446727662,,,,,,,,,,,,,nas_best_vit3d_3d/right_neural_foraminal_narrowing/repeat_04
nas_best_vit3d_3d,ViT 3D,vit3d,3d_level_stack,right_neural_foraminal_narrowing,5,442,1943,9,0.7860465326974558,0.7701695159330206,0.7755102055007909,0.7882267441860465,0.7701694915254237,0.7755102040816326,0.3121632508624556,0.3056525390780228,0.2987848383500557,,,,,,,,,,,,,nas_best_vit3d_3d/right_neural_foraminal_narrowing/repeat_05
nas_best_vit3d_3d,ViT 3D,vit3d,3d_level_stack,right_subarticular_stenosis,1,42,1376,16,0.7648177637162186,0.7469697197278341,0.7330935464488516,0.7521394611727417,0.746969696969697,0.7330935251798562,0.4514851624505843,0.4684717982090517,0.423199314130471,,,,,,,,,,,,,nas_best_vit3d_3d/right_subarticular_stenosis/repeat_01
nas_best_vit3d_3d,ViT 3D,vit3d,3d_level_stack,right_subarticular_stenosis,2,142,1376,15,0.7606036615239145,0.7474452779240852,0.7372694066089898,0.7388403494837172,0.7474452554744525,0.7372693726937269,0.4292943782937055,0.4433455249123902,0.445931143097042,,,,,,,,,,,,,nas_best_vit3d_3d/right_subarticular_stenosis/repeat_02
nas_best_vit3d_3d,ViT 3D,vit3d,3d_level_stack,right_subarticular_stenosis,3,242,1376,22,0.7626984289714268,0.7273408453562733,0.7234657172261593,0.7728571428571429,0.7273408239700374,0.7234657039711191,0.5538403835191065,0.5337843218151835,0.510371521766417,,,,,,,,,,,,,nas_best_vit3d_3d/right_subarticular_stenosis/repeat_03
nas_best_vit3d_3d,ViT 3D,vit3d,3d_level_stack,right_subarticular_stenosis,4,342,1376,16,0.7604430627219284,0.7360294110634747,0.751492573254144,0.7477848101265823,0.7360294117647059,0.7514925373134328,0.4428660706774721,0.4354985457918401,0.4960559142639095,,,,,,,,,,,,,nas_best_vit3d_3d/right_subarticular_stenosis/repeat_04
nas_best_vit3d_3d,ViT 3D,vit3d,3d_level_stack,right_subarticular_stenosis,5,442,1376,19,0.7630573355468215,0.7545787674603445,0.7309090916676955,0.7579617834394905,0.7545787545787546,0.730909090909091,0.5168350569617537,0.5071394323339324,0.503404499364124,,,,,,,,,,,,,nas_best_vit3d_3d/right_subarticular_stenosis/repeat_05
nas_best_vit3d_3d,ViT 3D,vit3d,3d_level_stack,spinal_canal_stenosis,1,42,398,32,0.8886209539928738,0.8776223697028793,0.8951049042748405,0.8896759608138659,0.8776223776223776,0.8951048951048951,0.4942069271966994,0.472055990423821,0.4839813947573859,,,,,,,,,,,,,nas_best_vit3d_3d/spinal_canal_stenosis/repeat_01
nas_best_vit3d_3d,ViT 3D,vit3d,3d_level_stack,spinal_canal_stenosis,2,142,398,16,0.8793985125713779,0.8763889206780328,0.8782918071407441,0.8827067669172932,0.8763888888888889,0.8782918149466192,0.415293781721564,0.4454700489236403,0.3799055192422045,,,,,,,,,,,,,nas_best_vit3d_3d/spinal_canal_stenosis/repeat_02
nas_best_vit3d_3d,ViT 3D,vit3d,3d_level_stack,spinal_canal_stenosis,3,242,398,31,0.8861423436175572,0.8840989379916512,0.888967976027112,0.888689138576779,0.8840989399293286,0.8889679715302491,0.4774293269879215,0.5121776371776372,0.4594101507915862,,,,,,,,,,,,,nas_best_vit3d_3d/spinal_canal_stenosis/repeat_03
nas_best_vit3d_3d,ViT 3D,vit3d,3d_level_stack,spinal_canal_stenosis,4,342,398,20,0.8850903834205076,0.8843971651496617,0.87058826156966,0.8843373493975903,0.8843971631205674,0.8705882352941177,0.4574923899431418,0.4363984794532725,0.4530394497610373,,,,,,,,,,,,,nas_best_vit3d_3d/spinal_canal_stenosis/repeat_04
nas_best_vit3d_3d,ViT 3D,vit3d,3d_level_stack,spinal_canal_stenosis,5,442,398,23,0.8862745297080971,0.8790209831057728,0.8843205891004423,0.8877828054298642,0.879020979020979,0.8843205574912892,0.4980379001800727,0.473465230556493,0.4582340558684645,,,,,,,,,,,,,nas_best_vit3d_3d/spinal_canal_stenosis/repeat_05
nas_best_vit_2d,ViT 2D,vit,2d,left_neural_foraminal_narrowing,1,42,2091,4,0.747139765722522,0.7749152787661149,0.7804053925179146,0.7781317885590152,0.7749152542372881,0.7804054054054054,0.2917413259488516,0.2910618792971734,0.2922201138519924,,,,,,,,,,,,,nas_best_vit_2d/left_neural_foraminal_narrowing/repeat_01
nas_best_vit_2d,ViT 2D,vit,2d,left_neural_foraminal_narrowing,2,142,2091,4,0.7252715601599967,0.7640678176435374,0.7689189492045222,0.7829109341057205,0.7640677966101694,0.768918918918919,0.2927463244253107,0.2887522418652319,0.2897886427298192,,,,,,,,,,,,,nas_best_vit_2d/left_neural_foraminal_narrowing/repeat_02
nas_best_vit_2d,ViT 2D,vit,2d,left_neural_foraminal_narrowing,3,242,2091,4,0.7069565311722134,0.774324357509613,0.7628378344548715,0.7820289855072464,0.7743243243243243,0.7628378378378379,0.2925612665365431,0.2909367859862909,0.2884885652229462,,,,,,,,,,,,,nas_best_vit_2d/left_neural_foraminal_narrowing/repeat_03
nas_best_vit_2d,ViT 2D,vit,2d,left_neural_foraminal_narrowing,4,342,2091,2,0.6797972607232797,0.7735593569480766,0.766891878198933,0.781317885590152,0.7735593220338983,0.7668918918918919,0.2924119241192411,0.2907747196738022,0.2893562778840025,,,,,,,,,,,,,nas_best_vit_2d/left_neural_foraminal_narrowing/repeat_04
nas_best_vit_2d,ViT 2D,vit,2d,left_neural_foraminal_narrowing,5,442,2091,5,0.7137482051566437,0.7763513705214938,0.7809524065783234,0.777713458755427,0.7763513513513514,0.780952380952381,0.2916530988820145,0.2913655382274629,0.2923351158645276,,,,,,,,,,,,,nas_best_vit_2d/left_neural_foraminal_narrowing/repeat_05
nas_best_vit_2d,ViT 2D,vit,2d,left_subarticular_stenosis,1,42,74,16,0.8465338788184512,0.8417582762983692,0.8466666998686614,0.8538645418326694,0.8417582417582418,0.8466666666666667,0.7444558229103401,0.7236983929293498,0.749215309852819,,,,,,,,,,,,,nas_best_vit_2d/left_subarticular_stenosis/repeat_01
nas_best_vit_2d,ViT 2D,vit,2d,left_subarticular_stenosis,2,142,74,14,0.8431309990989514,0.8358974703502305,0.7978022212073916,0.8471246006389777,0.8358974358974359,0.7978021978021979,0.731654982924379,0.7121452740258962,0.6760516300885753,,,,,,,,,,,,,nas_best_vit_2d/left_subarticular_stenosis/repeat_02
nas_best_vit_2d,ViT 2D,vit,2d,left_subarticular_stenosis,3,242,74,1,0.6112787967356923,0.7246268676288092,0.7254612439232999,0.7245432883240667,0.7246268656716418,0.7254612546125462,0.2800908867600098,0.2801096206548392,0.2802965497576276,,,,,,,,,,,,,nas_best_vit_2d/left_subarticular_stenosis/repeat_03
nas_best_vit_2d,ViT 2D,vit,2d,left_subarticular_stenosis,4,342,74,1,0.6317208588454196,0.7205882475656622,0.7320755070110537,0.7240285487708168,0.7205882352941176,0.7320754716981132,0.2799754676479607,0.2792022792022792,0.2817719680464778,,,,,,,,,,,,,nas_best_vit_2d/left_subarticular_stenosis/repeat_04
nas_best_vit_2d,ViT 2D,vit,2d,right_neural_foraminal_narrowing,1,42,132,30,0.8913328633287573,0.8486486576698922,0.8527027191342534,0.89278951201748,0.8486486486486486,0.8527027027027027,0.7816926778184975,0.7039354004149704,0.6884951341061613,,,,,,,,,,,,,nas_best_vit_2d/right_neural_foraminal_narrowing/repeat_01
nas_best_vit_2d,ViT 2D,vit,2d,right_neural_foraminal_narrowing,2,142,132,31,0.8897305328048933,0.8709459643106203,0.8385135434769295,0.8890021849963583,0.870945945945946,0.8385135135135136,0.7780960579401782,0.6650803678001775,0.6337937314823171,,,,,,,,,,,,,nas_best_vit_2d/right_neural_foraminal_narrowing/repeat_02
nas_best_vit_2d,ViT 2D,vit,2d,right_neural_foraminal_narrowing,3,242,132,23,0.8647272897633639,0.841496636267422,0.8466216406306705,0.8778181818181818,0.8414965986394558,0.8466216216216216,0.7309173882415756,0.6773060296090403,0.6786231480450039,,,,,,,,,,,,,nas_best_vit_2d/right_neural_foraminal_narrowing/repeat_03
nas_best_vit_2d,ViT 2D,vit,2d,right_neural_foraminal_narrowing,4,342,132,17,0.8694829151566152,0.8493243536433658,0.838513512869139,0.8739985433357611,0.8493243243243244,0.8385135135135136,0.7261428713853731,0.6567735042735042,0.6651014523419237,,,,,,,,,,,,,nas_best_vit_2d/right_neural_foraminal_narrowing/repeat_04
nas_best_vit_2d,ViT 2D,vit,2d,right_neural_foraminal_narrowing,5,442,132,22,0.8574128012324489,0.8386441012560311,0.842857136207373,0.8614825581395349,0.8386440677966102,0.8428571428571429,0.6751070331042678,0.628556131501374,0.6054920355657932,,,,,,,,,,,,,nas_best_vit_2d/right_neural_foraminal_narrowing/repeat_05
nas_best_vit_2d,ViT 2D,vit,2d,spinal_canal_stenosis,1,42,72,24,0.943180119757735,0.9216783542733092,0.9314685247161172,0.9470987189148456,0.9216783216783216,0.9314685314685316,0.8035447809763534,0.7166805037576288,0.7349462726099274,,,,,,,,,,,,,nas_best_vit_2d/spinal_canal_stenosis/repeat_01
nas_best_vit_2d,ViT 2D,vit,2d,spinal_canal_stenosis,2,142,72,20,0.94766918196714,0.9222222103012933,0.9259786501898036,0.9505263157894736,0.9222222222222224,0.9259786476868328,0.8070343902368139,0.7030293846920955,0.7075852221050128,,,,,,,,,,,,,nas_best_vit_2d/spinal_canal_stenosis/repeat_02
nas_best_vit_2d,ViT 2D,vit,2d,spinal_canal_stenosis,3,242,72,7,0.9185018822048489,0.9159010596073136,0.9195729661666626,0.9195505617977529,0.9159010600706714,0.9195729537366548,0.655489676011325,0.6542273773118837,0.6495688766796859,,,,,,,,,,,,,nas_best_vit_2d/spinal_canal_stenosis/repeat_03
nas_best_vit_2d,ViT 2D,vit,2d,spinal_canal_stenosis,4,342,72,23,0.9347891757287174,0.9290780450435396,0.9224913796751556,0.9414156626506024,0.9290780141843972,0.9224913494809688,0.7810230211911152,0.7468673985006221,0.7170103737032871,,,,,,,,,,,,,nas_best_vit_2d/spinal_canal_stenosis/repeat_04
nas_best_vit_2d,ViT 2D,vit,2d,spinal_canal_stenosis,5,442,72,20,0.938461555345026,0.9188811412224402,0.9212543546945792,0.945550527903469,0.9188811188811188,0.9212543554006968,0.7974018483165133,0.6849826239261289,0.6851021366337952,,,,,,,,,,,,,nas_best_vit_2d/spinal_canal_stenosis/repeat_05
