selection,model_group,archive_layout,archive_label,family,results_root,rank_metric,rank_metric_value,condition,trial_id,grid_index,model_type,input_layout,variant,image_width,image_height,batch_size,learning_rate,weight_decay,freeze_backbone,use_pretrained,amp,head_depth,head_hidden_dim,head_dropout,head_activation,optimizer_type,scheduler_type,best_epoch,epochs_ran,duration_sec,val_acc,max_val_acc,final_val_acc,val_f1_macro_levels,test_f1_macro_levels,val_loss,trainable_params,total_params,result_path,trial_dir,shared_mean_rank_metric
best_per_condition,vit,2d,ViT 2D,vit,F:\datasets_lumbar\rsna-2024-lumbar-spine-degenerative-classification\runs\NAS results\ViT\2d,val_acc,0.9296552053813276,spinal_canal_stenosis,72,,vit,2d,vit_b_16,64,64,256,0.0001,0.0,False,True,True,3,512,0.1,gelu,AdamW,CosineAnnealingLR,26,31,217.01406335830688,0.9296552053813276,0.9310344946795497,0.9151724400191471,0.6789640963449861,0.6456299489245019,0.2311128727320967,88960271,88960271,F:\datasets_lumbar\rsna-2024-lumbar-spine-degenerative-classification\runs\NAS results\ViT\2d\spinal_canal_stenosis_2d_vit\spinal_canal_stenosis\batch1\trial_072_spinal_canal_stenosis_vit_vit_b_16_img64x64_bs256_lr0.0001_wd0_head3_hd512_cropcentered_srcpng_finetune_pre_amp\result.json,trial_072_spinal_canal_stenosis_vit_vit_b_16_img64x64_bs256_lr0.0001_wd0_head3_hd512_cropcentered_srcpng_finetune_pre_amp,
best_per_condition,vit,2d,ViT 2D,vit,F:\datasets_lumbar\rsna-2024-lumbar-spine-degenerative-classification\runs\NAS results\ViT\2d,val_acc,0.8648648922507828,left_neural_foraminal_narrowing,2091,,vit,2d,vit_b_16,64,64,256,0.016,0.005,False,True,True,2,256,0.1,gelu,SGD,CosineAnnealingLR,45,50,369.4467258453369,0.8648648922507828,0.8648648922507828,0.860810809844249,0.5525968556249989,0.5468069584807459,0.3471837543152474,86648591,86648591,F:\datasets_lumbar\rsna-2024-lumbar-spine-degenerative-classification\runs\NAS results\ViT\2d\left_neural_foraminal_narrowing_2d_vit\left_neural_foraminal_narrowing\trial_2091_left_neural_foraminal_narrowing_vit_vit_b_16_img64x64_bs256_lr0.016_wd0.005_head2_hd256_cropcentered_srcpng_finetune_pre_amp\result.json,trial_2091_left_neural_foraminal_narrowing_vit_vit_b_16_img64x64_bs256_lr0.016_wd0.005_head2_hd256_cropcentered_srcpng_finetune_pre_amp,
best_per_condition,vit,2d,ViT 2D,vit,F:\datasets_lumbar\rsna-2024-lumbar-spine-degenerative-classification\runs\NAS results\ViT\2d,val_acc,0.8572390705648095,right_neural_foraminal_narrowing,132,,vit,2d,vit_b_16,64,64,256,0.0002,0.0,False,True,True,2,512,0.1,gelu,AdamW,CosineAnnealingLR,34,39,282.8402669429779,0.8572390705648095,0.8585858931043734,0.8511784716888711,0.633302470521784,0.5495141825005698,0.3488955162591003,87636751,87636751,F:\datasets_lumbar\rsna-2024-lumbar-spine-degenerative-classification\runs\NAS results\ViT\2d\right_neural_foraminal_narrowing_2d_vit\right_neural_foraminal_narrowing\trial_132_right_neural_foraminal_narrowing_vit_vit_b_16_img64x64_bs256_lr0.0002_wd0_head2_hd512_cropcentered_srcpng_finetune_pre_amp\result.json,trial_132_right_neural_foraminal_narrowing_vit_vit_b_16_img64x64_bs256_lr0.0002_wd0_head2_hd512_cropcentered_srcpng_finetune_pre_amp,
best_per_condition,vit,2d,ViT 2D,vit,F:\datasets_lumbar\rsna-2024-lumbar-spine-degenerative-classification\runs\NAS results\ViT\2d,val_acc,0.8259259153295446,left_subarticular_stenosis,74,,vit,2d,vit_b_16,64,64,256,0.0001,0.001,False,True,True,2,128,0.1,gelu,AdamW,CosineAnnealingLR,20,25,175.92037796974182,0.8259259153295446,0.8259259153295446,0.8111110991901822,0.6684507129460044,0.6437840356046205,0.41516845005529895,86154511,86154511,F:\datasets_lumbar\rsna-2024-lumbar-spine-degenerative-classification\runs\NAS results\ViT\2d\left_subarticular_stenosis_2d_vit\left_subarticular_stenosis\trial_074_left_subarticular_stenosis_vit_vit_b_16_img64x64_bs256_lr0.0001_wd0.001_head2_hd128_cropcentered_srcpng_finetune_pre_amp\result.json,trial_074_left_subarticular_stenosis_vit_vit_b_16_img64x64_bs256_lr0.0001_wd0.001_head2_hd128_cropcentered_srcpng_finetune_pre_amp,
best_per_condition,vit,2d,ViT 2D,vit,F:\datasets_lumbar\rsna-2024-lumbar-spine-degenerative-classification\runs\NAS results\ViT\2d,val_acc,0.833333322736952,right_subarticular_stenosis,1627,,vit,2d,vit_l_32,64,64,256,0.0001,0.01,False,True,True,2,256,0.1,gelu,AdamW,CosineAnnealingLR,11,16,122.22463512420654,0.833333322736952,0.833333322736952,0.8096296288349011,0.6341523464512162,0.6316455021357693,0.4181713859240214,306780175,306780175,F:\datasets_lumbar\rsna-2024-lumbar-spine-degenerative-classification\runs\NAS results\ViT\2d\right_subarticular_stenosis_2d_vit\right_subarticular_stenosis\trial_1627_right_subarticular_stenosis_vit_vit_l_32_img64x64_bs256_lr0.0001_wd0.01_head2_hd256_cropcentered_srcpng_finetune_pre_amp\result.json,trial_1627_right_subarticular_stenosis_vit_vit_l_32_img64x64_bs256_lr0.0001_wd0.01_head2_hd256_cropcentered_srcpng_finetune_pre_amp,
best_per_condition,vit,3d,ViT 3D,vit3d,F:\datasets_lumbar\rsna-2024-lumbar-spine-degenerative-classification\runs\NAS results\ViT\3d,val_acc,0.893793105668035,spinal_canal_stenosis,398,,vit3d,3d_level_stack,vit3d_t,64,64,256,0.0005,0.001,False,False,True,3,128,0.1,gelu,AdamW,CosineAnnealingLR,34,39,160.83629322052002,0.893793105668035,0.893793105668035,0.8848276093088348,0.41696600192168487,0.39349035172313884,0.3386516201085058,1709519,1709519,F:\datasets_lumbar\rsna-2024-lumbar-spine-degenerative-classification\runs\NAS results\ViT\3d\spinal_canal_stenosis_3d_vit\spinal_canal_stenosis\trial_398_spinal_canal_stenosis_vit3d_vit3d_t_img64x64_bs256_lr0.0005_wd0.001_head3_hd128_layout3d_level_stack_cropcentered_srcpng_finetune_scratch_amp\result.json,trial_398_spinal_canal_stenosis_vit3d_vit3d_t_img64x64_bs256_lr0.0005_wd0.001_head3_hd128_layout3d_level_stack_cropcentered_srcpng_finetune_scratch_amp,
best_per_condition,vit,3d,ViT 3D,vit3d,F:\datasets_lumbar\rsna-2024-lumbar-spine-degenerative-classification\runs\NAS results\ViT\3d,val_acc,0.7878378436372087,left_neural_foraminal_narrowing,1512,,vit3d,3d_level_stack,vit3d_b,64,64,256,0.0008,0.02,False,False,True,3,512,0.1,gelu,AdamW,CosineAnnealingLR,19,24,107.31666994094849,0.7878378436372087,0.7878378436372087,0.7756756882409792,0.3103260502113405,0.30798341448534605,0.5595283218332239,13292303,13292303,F:\datasets_lumbar\rsna-2024-lumbar-spine-degenerative-classification\runs\NAS results\ViT\3d\left_neural_foraminal_narrowing_3d\left_neural_foraminal_narrowing\trial_1512_left_neural_foraminal_narrowing_vit3d_vit3d_b_img64x64_bs256_lr0.0008_wd0.02_head3_hd512_layout3d_level_stack_cropcentered_srcpng_finetune_scratch_amp\result.json,trial_1512_left_neural_foraminal_narrowing_vit3d_vit3d_b_img64x64_bs256_lr0.0008_wd0.02_head3_hd512_layout3d_level_stack_cropcentered_srcpng_finetune_scratch_amp,
best_per_condition,vit,3d,ViT 3D,vit3d,F:\datasets_lumbar\rsna-2024-lumbar-spine-degenerative-classification\runs\NAS results\ViT\3d,val_acc,0.795286193038478,right_neural_foraminal_narrowing,1943,,vit3d,3d_level_stack,vit3d_l,64,64,256,0.0005,0.005,False,False,True,3,256,0.1,gelu,AdamW,CosineAnnealingLR,46,50,239.77579832077026,0.795286193038478,0.7979798252735074,0.7973063834989914,0.36607115771709126,0.34816741212735103,0.5324993382399331,26651919,26651919,F:\datasets_lumbar\rsna-2024-lumbar-spine-degenerative-classification\runs\NAS results\ViT\3d\right_neural_foraminal_narrowing_3d\right_neural_foraminal_narrowing\trial_1943_right_neural_foraminal_narrowing_vit3d_vit3d_l_img64x64_bs256_lr0.0005_wd0.005_head3_hd256_layout3d_level_stack_cropcentered_srcpng_finetune_scratch_amp\result.json,trial_1943_right_neural_foraminal_narrowing_vit3d_vit3d_l_img64x64_bs256_lr0.0005_wd0.005_head3_hd256_layout3d_level_stack_cropcentered_srcpng_finetune_scratch_amp,
best_per_condition,vit,3d,ViT 3D,vit3d,F:\datasets_lumbar\rsna-2024-lumbar-spine-degenerative-classification\runs\NAS results\ViT\3d,val_acc,0.7548148499594795,left_subarticular_stenosis,856,,vit3d,3d_level_stack,vit3d_s,64,64,256,0.0003,0.005,False,False,True,3,512,0.1,gelu,AdamW,CosineAnnealingLR,19,24,106.24497866630554,0.7548148499594795,0.7548148499594795,0.7392592929027698,0.4412262693234418,0.36825799798571335,0.6330727683173285,5367311,5367311,F:\datasets_lumbar\rsna-2024-lumbar-spine-degenerative-classification\runs\NAS results\ViT\3d\left_subarticular_stenosis_3d\left_subarticular_stenosis\trial_856_left_subarticular_stenosis_vit3d_vit3d_s_img64x64_bs256_lr0.0003_wd0.005_head3_hd512_layout3d_level_stack_cropcentered_srcpng_finetune_scratch_amp\result.json,trial_856_left_subarticular_stenosis_vit3d_vit3d_s_img64x64_bs256_lr0.0003_wd0.005_head3_hd512_layout3d_level_stack_cropcentered_srcpng_finetune_scratch_amp,
best_per_condition,vit,3d,ViT 3D,vit3d,F:\datasets_lumbar\rsna-2024-lumbar-spine-degenerative-classification\runs\NAS results\ViT\3d,val_acc,0.7525925826143336,right_subarticular_stenosis,1376,,vit3d,3d_level_stack,vit3d_b,64,64,256,0.0003,0.01,False,False,True,3,512,0.1,gelu,AdamW,CosineAnnealingLR,11,16,72.29540872573853,0.7525925826143336,0.7525925826143336,0.740000022340704,0.4096917838364117,0.38570238509663446,0.6349562803904215,13292303,13292303,F:\datasets_lumbar\rsna-2024-lumbar-spine-degenerative-classification\runs\NAS results\ViT\3d\right_subarticular_stenosis\right_subarticular_stenosis\trial_1376_right_subarticular_stenosis_vit3d_vit3d_b_img64x64_bs256_lr0.0003_wd0.01_head3_hd512_layout3d_level_stack_cropcentered_srcpng_finetune_scratch_amp\result.json,trial_1376_right_subarticular_stenosis_vit3d_vit3d_b_img64x64_bs256_lr0.0003_wd0.01_head3_hd512_layout3d_level_stack_cropcentered_srcpng_finetune_scratch_amp,
best_per_condition,maxvit,2d,MaxViT 2D,maxvit,F:\datasets_lumbar\rsna-2024-lumbar-spine-degenerative-classification\runs\NAS results\MaxViT\2d,val_acc,0.9310344979680818,spinal_canal_stenosis,278,,maxvit,2d,maxvit_tiny_tf_224,64,64,128,0.0008,0.005,False,True,True,3,128,0.1,gelu,AdamW,CosineAnnealingLR,6,11,108.70901346206665,0.9310344979680818,0.9310344979680818,0.9165517519260274,0.6988054640083481,0.5715889751589642,0.21939180082288282,30792023,30792023,F:\datasets_lumbar\rsna-2024-lumbar-spine-degenerative-classification\runs\NAS results\MaxViT\2d\spinal_canal_stenosis_2d\spinal_canal_stenosis\trial_278_spinal_canal_stenosis_maxvit_maxvit_tiny_tf_224_img64x64_bs128_lr0.0008_wd0.005_head3_hd128_cropcentered_srcpng_finetune_pre_amp\result.json,trial_278_spinal_canal_stenosis_maxvit_maxvit_tiny_tf_224_img64x64_bs128_lr0.0008_wd0.005_head3_hd128_cropcentered_srcpng_finetune_pre_amp,
best_per_condition,maxvit,2d,MaxViT 2D,maxvit,F:\datasets_lumbar\rsna-2024-lumbar-spine-degenerative-classification\runs\NAS results\MaxViT\2d,val_acc,0.8614865138724044,left_neural_foraminal_narrowing,834,,maxvit,2d,maxvit_small_tf_224,64,64,128,0.0012,0.0,False,True,True,2,128,0.1,gelu,AdamW,CosineAnnealingLR,5,10,111.1252031326294,0.8614865138724044,0.8614865138724044,0.7925675591906985,0.5081420399580195,0.5049067708252728,0.38551272733791453,68612731,68612731,F:\datasets_lumbar\rsna-2024-lumbar-spine-degenerative-classification\runs\NAS results\MaxViT\2d\left_neural_foraminal_narrowing\left_neural_foraminal_narrowing\trial_834_left_neural_foraminal_narrowing_maxvit_maxvit_small_tf_224_img64x64_bs128_lr0.0012_wd0_head2_hd128_cropcentered_srcpng_finetune_pre_amp\result.json,trial_834_left_neural_foraminal_narrowing_maxvit_maxvit_small_tf_224_img64x64_bs128_lr0.0012_wd0_head2_hd128_cropcentered_srcpng_finetune_pre_amp,
best_per_condition,maxvit,2d,MaxViT 2D,maxvit,F:\datasets_lumbar\rsna-2024-lumbar-spine-degenerative-classification\runs\NAS results\MaxViT\2d,val_acc,0.8565656801666877,right_neural_foraminal_narrowing,572,,maxvit,2d,maxvit_small_tf_224,64,64,128,5e-05,0.1,False,True,True,2,512,0.1,gelu,AdamW,CosineAnnealingLR,13,18,201.12320184707642,0.8565656801666877,0.8565656801666877,0.8464646604326036,0.5870942988142378,0.5059842557703738,0.3656848671059014,70094971,70094971,F:\datasets_lumbar\rsna-2024-lumbar-spine-degenerative-classification\runs\NAS results\MaxViT\2d\right_neural_foraminal_narrowing\right_neural_foraminal_narrowing\trial_572_right_neural_foraminal_narrowing_maxvit_maxvit_small_tf_224_img64x64_bs128_lr5e-05_wd0.1_head2_hd512_cropcentered_srcpng_finetune_pre_amp\result.json,trial_572_right_neural_foraminal_narrowing_maxvit_maxvit_small_tf_224_img64x64_bs128_lr5e-05_wd0.1_head2_hd512_cropcentered_srcpng_finetune_pre_amp,
best_per_condition,maxvit,2d,MaxViT 2D,maxvit,F:\datasets_lumbar\rsna-2024-lumbar-spine-degenerative-classification\runs\NAS results\MaxViT\2d,val_acc,0.827407412175779,left_subarticular_stenosis,1002,,maxvit,2d,maxvit_small_tf_224,64,64,128,0.0024,0.05,False,True,True,2,128,0.1,gelu,AdamW,CosineAnnealingLR,10,15,148.7190980911255,0.827407412175779,0.827407412175779,0.795555567741394,0.6005207665795679,0.5341687636771899,0.47033779312063145,68612731,68612731,F:\datasets_lumbar\rsna-2024-lumbar-spine-degenerative-classification\runs\NAS results\MaxViT\2d\left_subarticular_stenosis\left_subarticular_stenosis\trial_1002_left_subarticular_stenosis_maxvit_maxvit_small_tf_224_img64x64_bs128_lr0.0024_wd0.05_head2_hd128_cropcentered_srcpng_finetune_pre_amp\result.json,trial_1002_left_subarticular_stenosis_maxvit_maxvit_small_tf_224_img64x64_bs128_lr0.0024_wd0.05_head2_hd128_cropcentered_srcpng_finetune_pre_amp,
best_per_condition,maxvit,2d,MaxViT 2D,maxvit,F:\datasets_lumbar\rsna-2024-lumbar-spine-degenerative-classification\runs\NAS results\MaxViT\2d,val_acc,0.8251851916313171,right_subarticular_stenosis,636,,maxvit,2d,maxvit_small_tf_224,64,64,128,0.0001,0.1,False,True,True,2,512,0.1,gelu,AdamW,CosineAnnealingLR,11,16,162.8134949207306,0.8251851916313171,0.8251851916313171,0.7985185234634965,0.6180733856455701,0.6241982016831871,0.4390812600100482,70094971,70094971,F:\datasets_lumbar\rsna-2024-lumbar-spine-degenerative-classification\runs\NAS results\MaxViT\2d\right_subarticular_stenosis\right_subarticular_stenosis\trial_636_right_subarticular_stenosis_maxvit_maxvit_small_tf_224_img64x64_bs128_lr0.0001_wd0.1_head2_hd512_cropcentered_srcpng_finetune_pre_amp\result.json,trial_636_right_subarticular_stenosis_maxvit_maxvit_small_tf_224_img64x64_bs128_lr0.0001_wd0.1_head2_hd512_cropcentered_srcpng_finetune_pre_amp,
best_per_condition,maxvit,3d,MaxViT 3D,maxvit3d,F:\datasets_lumbar\rsna-2024-lumbar-spine-degenerative-classification\runs\NAS results\MaxViT\3d,val_acc,0.9075862193929738,spinal_canal_stenosis,331,,maxvit3d,3d_level_stack,maxvit3d_tiny,64,64,128,0.0003,0.001,False,True,True,2,256,0.1,gelu,AdamW,CosineAnnealingLR,10,15,82.1301589012146,0.9075862193929738,0.9075862193929738,0.9013793246499423,0.562063705635919,0.49171231081094613,0.24714694023132325,37345495,37345495,F:\datasets_lumbar\rsna-2024-lumbar-spine-degenerative-classification\runs\NAS results\MaxViT\3d\spinal_canal_stenosis\spinal_canal_stenosis\trial_331_spinal_canal_stenosis_maxvit3d_maxvit3d_tiny_img64x64_bs128_lr0.0003_wd0.001_head2_hd256_layout3d_level_stack_cropcentered_srcpng_finetune_pre_amp\result.json,trial_331_spinal_canal_stenosis_maxvit3d_maxvit3d_tiny_img64x64_bs128_lr0.0003_wd0.001_head2_hd256_layout3d_level_stack_cropcentered_srcpng_finetune_pre_amp,
best_per_condition,maxvit,3d,MaxViT 3D,maxvit3d,F:\datasets_lumbar\rsna-2024-lumbar-spine-degenerative-classification\runs\NAS results\MaxViT\3d,val_acc,0.8337837940937763,left_neural_foraminal_narrowing,871,,maxvit3d,3d_level_stack,maxvit3d_small,64,64,128,0.0003,0.02,False,True,True,3,256,0.1,gelu,AdamW,CosineAnnealingLR,9,14,98.49749946594238,0.8337837940937763,0.8337837940937763,0.7702702992671245,0.4600723443964353,0.43799013226653505,0.4433473058649012,83622011,83622011,F:\datasets_lumbar\rsna-2024-lumbar-spine-degenerative-classification\runs\NAS results\MaxViT\3d\left_neural_foraminal_narrowing\left_neural_foraminal_narrowing\trial_871_left_neural_foraminal_narrowing_maxvit3d_maxvit3d_small_img64x64_bs128_lr0.0003_wd0.02_head3_hd256_layout3d_level_stack_cropcentered_srcpng_finetune_pre_amp\result.json,trial_871_left_neural_foraminal_narrowing_maxvit3d_maxvit3d_small_img64x64_bs128_lr0.0003_wd0.02_head3_hd256_layout3d_level_stack_cropcentered_srcpng_finetune_pre_amp,
best_per_condition,maxvit,3d,MaxViT 3D,maxvit3d,F:\datasets_lumbar\rsna-2024-lumbar-spine-degenerative-classification\runs\NAS results\MaxViT\3d,val_acc,0.8316498625559438,right_neural_foraminal_narrowing,951,,maxvit3d,3d_level_stack,maxvit3d_small,64,64,128,0.0005,0.08,False,True,True,3,256,0.1,gelu,AdamW,CosineAnnealingLR,7,12,85.65469717979431,0.8316498625559438,0.8316498625559438,0.8053872260180387,0.46164437498171224,0.42527252284497186,0.4431976146168179,83622011,83622011,F:\datasets_lumbar\rsna-2024-lumbar-spine-degenerative-classification\runs\NAS results\MaxViT\3d\right_neural_foraminal_narrowing\right_neural_foraminal_narrowing\trial_951_right_neural_foraminal_narrowing_maxvit3d_maxvit3d_small_img64x64_bs128_lr0.0005_wd0.08_head3_hd256_layout3d_level_stack_cropcentered_srcpng_finetune_pre_amp\result.json,trial_951_right_neural_foraminal_narrowing_maxvit3d_maxvit3d_small_img64x64_bs128_lr0.0005_wd0.08_head3_hd256_layout3d_level_stack_cropcentered_srcpng_finetune_pre_amp,
best_per_condition,maxvit,3d,MaxViT 3D,maxvit3d,F:\datasets_lumbar\rsna-2024-lumbar-spine-degenerative-classification\runs\NAS results\MaxViT\3d,val_acc,0.7888889109646833,left_subarticular_stenosis,201,,maxvit3d,3d_level_stack,maxvit3d_tiny,64,64,128,0.0001,0.001,False,True,True,2,,0.1,gelu,AdamW,CosineAnnealingLR,15,20,108.9913718700409,0.7888889109646833,0.7888889109646833,0.7644444739377058,0.5944076700585791,0.6069400076492435,0.5234186980459425,38005975,38005975,F:\datasets_lumbar\rsna-2024-lumbar-spine-degenerative-classification\runs\NAS results\MaxViT\3d\left_subarticular_stenosis\left_subarticular_stenosis\trial_201_left_subarticular_stenosis_maxvit3d_maxvit3d_tiny_img64x64_bs128_lr0.0001_wd0.001_head2_layout3d_level_stack_cropcentered_srcpng_finetune_pre_amp\result.json,trial_201_left_subarticular_stenosis_maxvit3d_maxvit3d_tiny_img64x64_bs128_lr0.0001_wd0.001_head2_layout3d_level_stack_cropcentered_srcpng_finetune_pre_amp,
best_per_condition,maxvit,3d,MaxViT 3D,maxvit3d,F:\datasets_lumbar\rsna-2024-lumbar-spine-degenerative-classification\runs\NAS results\MaxViT\3d,val_acc,0.7851852072609795,right_subarticular_stenosis,833,,maxvit3d,3d_level_stack,maxvit3d_small,64,64,128,0.0003,0.0,False,True,True,2,,0.1,gelu,AdamW,CosineAnnealingLR,6,11,74.65872430801392,0.7851852072609795,0.7851852072609795,0.7659259425269233,0.4792175950785823,0.43702977915122165,0.5294980684916178,85264251,85264251,F:\datasets_lumbar\rsna-2024-lumbar-spine-degenerative-classification\runs\NAS results\MaxViT\3d\right_subarticular_stenosis\right_subarticular_stenosis\trial_833_right_subarticular_stenosis_maxvit3d_maxvit3d_small_img64x64_bs128_lr0.0003_wd0_head2_layout3d_level_stack_cropcentered_srcpng_finetune_pre_amp\result.json,trial_833_right_subarticular_stenosis_maxvit3d_maxvit3d_small_img64x64_bs128_lr0.0003_wd0_head2_layout3d_level_stack_cropcentered_srcpng_finetune_pre_amp,
best_per_condition,convnext,2d,ConvNeXt 2D,convnext,F:\datasets_lumbar\rsna-2024-lumbar-spine-degenerative-classification\runs\NAS results\Convnext\2D,val_acc,0.9344827754744168,spinal_canal_stenosis,9,,convnext,2d,convnext_small,64,64,128,0.0008,0.0,False,True,True,3,,0.1,gelu,AdamW,CosineAnnealingLR,11,16,80.45632815361023,0.9344827754744168,0.9344827754744168,0.9131034448229033,0.6875598087219774,0.6236369253734584,0.18614345110695937,55385967,55385967,F:\datasets_lumbar\rsna-2024-lumbar-spine-degenerative-classification\runs\NAS results\Convnext\2D\spinal_canal_stenosis\trial_009_spinal_canal_stenosis_convnext_convnext_small_img64x64_bs128_lr0.0008_wd0_head3_cropcentered_srcpng_finetune_pre_amp\result.json,trial_009_spinal_canal_stenosis_convnext_convnext_small_img64x64_bs128_lr0.0008_wd0_head3_cropcentered_srcpng_finetune_pre_amp,
best_per_condition,convnext,2d,ConvNeXt 2D,convnext,F:\datasets_lumbar\rsna-2024-lumbar-spine-degenerative-classification\runs\NAS results\Convnext\2D,val_acc,0.86486488902891,left_neural_foraminal_narrowing,2,,convnext,2d,convnext_small,64,64,128,0.0008,0.0,False,True,True,2,,0.1,relu,AdamW,CosineAnnealingLR,9,14,70.08446407318115,0.86486488902891,0.86486488902891,0.8527027191342534,0.542736032957627,0.5181521109606209,0.32670160725310043,52417647,52417647,F:\datasets_lumbar\rsna-2024-lumbar-spine-degenerative-classification\runs\NAS results\Convnext\2D\left_neural_foraminal_narrowing\trial_002_left_neural_foraminal_narrowing_convnext_convnext_small_img64x64_bs128_lr0.0008_wd0_head2_cropcentered_srcpng_finetune_pre_amp\result.json,trial_002_left_neural_foraminal_narrowing_convnext_convnext_small_img64x64_bs128_lr0.0008_wd0_head2_cropcentered_srcpng_finetune_pre_amp,
best_per_condition,convnext,2d,ConvNeXt 2D,convnext,F:\datasets_lumbar\rsna-2024-lumbar-spine-degenerative-classification\runs\NAS results\Convnext\2D,val_acc,0.8653198562888585,right_neural_foraminal_narrowing,42,,convnext,2d,convnext_small,64,64,128,0.0008,0.01,False,True,True,4,,0.1,relu,AdamW,CosineAnnealingLR,11,16,82.7367901802063,0.8653198562888585,0.8653198562888585,0.8121212138872757,0.6163649736299244,0.5760652933798049,0.33598357659799083,58346607,58346607,F:\datasets_lumbar\rsna-2024-lumbar-spine-degenerative-classification\runs\NAS results\Convnext\2D\right_neural_foraminal_narrowing\trial_042_right_neural_foraminal_narrowing_convnext_convnext_small_img64x64_bs128_lr0.0008_wd0.01_head4_cropcentered_srcpng_finetune_pre_amp\result.json,trial_042_right_neural_foraminal_narrowing_convnext_convnext_small_img64x64_bs128_lr0.0008_wd0.01_head4_cropcentered_srcpng_finetune_pre_amp,
best_per_condition,convnext,2d,ConvNeXt 2D,convnext,F:\datasets_lumbar\rsna-2024-lumbar-spine-degenerative-classification\runs\NAS results\Convnext\2D,val_acc,0.8340741029492131,left_subarticular_stenosis,52,,convnext,2d,convnext_small,64,64,128,0.0008,0.05,False,True,True,2,,0.2,relu,AdamW,CosineAnnealingLR,14,19,92.43830490112305,0.8340741029492131,0.8340741029492131,0.8244444551291289,0.659127089546544,0.6823244585853384,0.41675587230258515,52417647,52417647,F:\datasets_lumbar\rsna-2024-lumbar-spine-degenerative-classification\runs\NAS results\Convnext\2D\left_subarticular_stenosis\trial_052_left_subarticular_stenosis_convnext_convnext_small_img64x64_bs128_lr0.0008_wd0.05_head2_cropcentered_srcpng_finetune_pre_amp\result.json,trial_052_left_subarticular_stenosis_convnext_convnext_small_img64x64_bs128_lr0.0008_wd0.05_head2_cropcentered_srcpng_finetune_pre_amp,
best_per_condition,convnext,2d,ConvNeXt 2D,convnext,F:\datasets_lumbar\rsna-2024-lumbar-spine-degenerative-classification\runs\NAS results\Convnext\2D,val_acc,0.8303703824679057,right_subarticular_stenosis,139,,convnext,2d,convnext_small,64,64,128,0.0016,0.05,False,True,True,4,,0.2,gelu,AdamW,CosineAnnealingLR,8,13,63.82667636871338,0.8303703824679057,0.8303703824679057,0.7614815089437696,0.64260939341661,0.645241065899876,0.42027936820630674,58346607,58346607,F:\datasets_lumbar\rsna-2024-lumbar-spine-degenerative-classification\runs\NAS results\Convnext\2D\right_subarticular_stenosis\trial_139_right_subarticular_stenosis_convnext_convnext_small_img64x64_bs128_lr0.0016_wd0.05_head4_cropcentered_srcpng_finetune_pre_amp\result.json,trial_139_right_subarticular_stenosis_convnext_convnext_small_img64x64_bs128_lr0.0016_wd0.05_head4_cropcentered_srcpng_finetune_pre_amp,
best_per_condition,convnext,3d,ConvNeXt 3D,convnext3d,F:\datasets_lumbar\rsna-2024-lumbar-spine-degenerative-classification\runs\NAS results\Convnext\3D,val_acc,0.9179310436906486,spinal_canal_stenosis,314,,convnext3d,3d_level_stack,cnn3d_s,64,64,8,0.016,0.0,False,False,True,2,,0.1,relu,SGD,CosineAnnealingLR,29,34,149.356920003891,0.9179310436906486,0.9186207031381541,0.9041379418866388,0.5596411581147984,0.5966764313976599,0.21546032496824347,4588047,4588047,F:\datasets_lumbar\rsna-2024-lumbar-spine-degenerative-classification\runs\NAS results\Convnext\3D\spinal_canal_stenosis\trial_314_spinal_canal_stenosis_convnext3d_cnn3d_s_img64x64_bs8_lr0.016_wd0_head2_layout3d_level_stack_cropcentered_srcpng_finetune_scratch_amp\result.json,trial_314_spinal_canal_stenosis_convnext3d_cnn3d_s_img64x64_bs8_lr0.016_wd0_head2_layout3d_level_stack_cropcentered_srcpng_finetune_scratch_amp,
best_per_condition,convnext,3d,ConvNeXt 3D,convnext3d,F:\datasets_lumbar\rsna-2024-lumbar-spine-degenerative-classification\runs\NAS results\Convnext\3D,val_acc,0.8310810875248265,left_neural_foraminal_narrowing,313,,convnext3d,3d_level_stack,cnn3d_s,64,64,8,0.016,0.0,False,False,True,2,,0.1,gelu,SGD,CosineAnnealingLR,32,37,174.66003370285034,0.8310810875248265,0.8378378507253286,0.8229729855382765,0.47778199512563263,0.46515556836843885,0.4083953525971722,4588047,4588047,F:\datasets_lumbar\rsna-2024-lumbar-spine-degenerative-classification\runs\NAS results\Convnext\3D\left_neural_foraminal_narrowing\trial_313_left_neural_foraminal_narrowing_convnext3d_cnn3d_s_img64x64_bs8_lr0.016_wd0_head2_layout3d_level_stack_cropcentered_srcpng_finetune_scratch_amp\result.json,trial_313_left_neural_foraminal_narrowing_convnext3d_cnn3d_s_img64x64_bs8_lr0.016_wd0_head2_layout3d_level_stack_cropcentered_srcpng_finetune_scratch_amp,
best_per_condition,convnext,3d,ConvNeXt 3D,convnext3d,F:\datasets_lumbar\rsna-2024-lumbar-spine-degenerative-classification\runs\NAS results\Convnext\3D,val_acc,0.8249158381613015,right_neural_foraminal_narrowing,371,,convnext3d,3d_level_stack,cnn3d_b,64,64,8,0.016,0.0,False,False,True,4,256,0.1,gelu,SGD,CosineAnnealingLR,20,25,158.67954277992249,0.8249158381613015,0.8249158381613015,0.8107744190427992,0.45079327065046143,0.4528155453173378,0.4314679910839607,12926479,12926479,F:\datasets_lumbar\rsna-2024-lumbar-spine-degenerative-classification\runs\NAS results\Convnext\3D\right_neural_foraminal_narrowing\trial_371_right_neural_foraminal_narrowing_convnext3d_cnn3d_b_img64x64_bs8_lr0.016_wd0_head4_hd256_layout3d_level_stack_cropcentered_srcpng_finetune_scratch_amp\result.json,trial_371_right_neural_foraminal_narrowing_convnext3d_cnn3d_b_img64x64_bs8_lr0.016_wd0_head4_hd256_layout3d_level_stack_cropcentered_srcpng_finetune_scratch_amp,
best_per_condition,convnext,3d,ConvNeXt 3D,convnext3d,F:\datasets_lumbar\rsna-2024-lumbar-spine-degenerative-classification\runs\NAS results\Convnext\3D,val_acc,0.8081481606871993,left_subarticular_stenosis,362,,convnext3d,3d_level_stack,cnn3d_b,64,64,8,0.016,0.0,False,False,True,2,,0.1,relu,SGD,CosineAnnealingLR,19,24,119.28860759735107,0.8081481606871993,0.8088889051366736,0.8022222333484226,0.6007314024155509,0.5765520162623637,0.46881575694790595,12509199,12509199,F:\datasets_lumbar\rsna-2024-lumbar-spine-degenerative-classification\runs\NAS results\Convnext\3D\left_subarticular_stenosis\trial_362_left_subarticular_stenosis_convnext3d_cnn3d_b_img64x64_bs8_lr0.016_wd0_head2_layout3d_level_stack_cropcentered_srcpng_finetune_scratch_amp\result.json,trial_362_left_subarticular_stenosis_convnext3d_cnn3d_b_img64x64_bs8_lr0.016_wd0_head2_layout3d_level_stack_cropcentered_srcpng_finetune_scratch_amp,
best_per_condition,convnext,3d,ConvNeXt 3D,convnext3d,F:\datasets_lumbar\rsna-2024-lumbar-spine-degenerative-classification\runs\NAS results\Convnext\3D,val_acc,0.8037037098849261,right_subarticular_stenosis,364,,convnext3d,3d_level_stack,cnn3d_b,64,64,8,0.016,0.0,False,False,True,2,256,0.1,relu,SGD,CosineAnnealingLR,14,19,85.87432837486267,0.8037037098849261,0.8037037098849261,0.7933333423402574,0.5991832347316557,0.6055096429081227,0.47244971019250376,12260879,12260879,F:\datasets_lumbar\rsna-2024-lumbar-spine-degenerative-classification\runs\NAS results\Convnext\3D\right_subarticular_stenosis\trial_364_right_subarticular_stenosis_convnext3d_cnn3d_b_img64x64_bs8_lr0.016_wd0_head2_hd256_layout3d_level_stack_cropcentered_srcpng_finetune_scratch_amp\result.json,trial_364_right_subarticular_stenosis_convnext3d_cnn3d_b_img64x64_bs8_lr0.016_wd0_head2_hd256_layout3d_level_stack_cropcentered_srcpng_finetune_scratch_amp,
