selection,model_group,archive_layout,archive_label,family,results_root,rank_metric,rank_metric_value,condition,trial_id,grid_index,model_type,input_layout,variant,image_width,image_height,batch_size,learning_rate,weight_decay,freeze_backbone,use_pretrained,amp,head_depth,head_hidden_dim,head_dropout,head_activation,optimizer_type,scheduler_type,crop_policy,image_source,best_epoch,epochs_ran,duration_sec,train_acc_at_best_epoch,val_acc,test_acc_at_best_epoch,final_train_acc,max_train_acc,final_val_acc,max_val_acc,final_test_acc,max_test_acc,train_f1_macro_levels_at_best,val_f1_macro_levels,test_f1_macro_levels,val_loss,train_loss,test_loss,train_accuracy_macro_levels,val_accuracy_macro_levels,test_accuracy_macro_levels,train_f1_macro_overall,val_f1_macro_overall,test_f1_macro_overall,train_accuracy_overall,val_accuracy_overall,test_accuracy_overall,train_accuracy_l1_l2,train_f1_macro_l1_l2,train_accuracy_l2_l3,train_f1_macro_l2_l3,train_accuracy_l3_l4,train_f1_macro_l3_l4,train_accuracy_l4_l5,train_f1_macro_l4_l5,train_accuracy_l5_s1,train_f1_macro_l5_s1,val_accuracy_l1_l2,val_f1_macro_l1_l2,val_accuracy_l2_l3,val_f1_macro_l2_l3,val_accuracy_l3_l4,val_f1_macro_l3_l4,val_accuracy_l4_l5,val_f1_macro_l4_l5,val_accuracy_l5_s1,val_f1_macro_l5_s1,test_accuracy_l1_l2,test_f1_macro_l1_l2,test_accuracy_l2_l3,test_f1_macro_l2_l3,test_accuracy_l3_l4,test_f1_macro_l3_l4,test_accuracy_l4_l5,test_f1_macro_l4_l5,test_accuracy_l5_s1,test_f1_macro_l5_s1,trainable_params,total_params,checkpoint_path,result_path,trial_dir,shared_mean_rank_metric
best_per_condition,convnext,3d,ConvNeXt 3D,convnext3d,F:\datasets_lumbar\rsna-2024-lumbar-spine-degenerative-classification\runs\NAS results\Convnext\3D,val_acc,0.9179310436906486,spinal_canal_stenosis,314,,convnext3d,3d_level_stack,cnn3d_s,64,64,8,0.016,0.0,False,False,True,2,,0.1,relu,SGD,CosineAnnealingLR,,,29,34,149.356920003891,0.9340361543448574,0.9179310436906486,0.9174377303106505,0.9438253088169787,0.9447289252855692,0.9041379418866388,0.9186207031381541,0.9103202932245791,0.9195729636212685,0.71505379759914,0.5596411581147984,0.5966764313976599,0.21546032496824347,0.1495887344781623,0.2262590617352427,0.9396084337349396,0.9186206896551724,0.9188612099644128,0.7705231181643727,0.697904136559493,0.6929884553939284,0.9396084337349396,0.9186206896551724,0.9188612099644128,0.9743975903614458,0.7890015647209183,0.9405120481927712,0.7618042875498748,0.9186746987951808,0.7760604517077033,0.8938253012048193,0.7531371689820153,0.970632530120482,0.4952655150351887,0.9655172413793104,0.5508105970739422,0.9241379310344828,0.6196973052787006,0.9103448275862068,0.7625259973529968,0.8379310344827586,0.6781754037907574,0.9551724137931036,0.3256907701352146,0.9572953736654805,0.6470676691729323,0.9252669039145908,0.6090090981828379,0.8861209964412812,0.7043396614703915,0.8754448398576512,0.7032211788079868,0.9501779359430604,0.3248175182481752,4588047,4588047,,F:\datasets_lumbar\rsna-2024-lumbar-spine-degenerative-classification\runs\NAS results\Convnext\3D\spinal_canal_stenosis\trial_314_spinal_canal_stenosis_convnext3d_cnn3d_s_img64x64_bs8_lr0.016_wd0_head2_layout3d_level_stack_cropcentered_srcpng_finetune_scratch_amp\result.json,trial_314_spinal_canal_stenosis_convnext3d_cnn3d_s_img64x64_bs8_lr0.016_wd0_head2_layout3d_level_stack_cropcentered_srcpng_finetune_scratch_amp,
best_per_condition,convnext,3d,ConvNeXt 3D,convnext3d,F:\datasets_lumbar\rsna-2024-lumbar-spine-degenerative-classification\runs\NAS results\Convnext\3D,val_acc,0.8310810875248265,left_neural_foraminal_narrowing,313,,convnext3d,3d_level_stack,cnn3d_s,64,64,8,0.016,0.0,False,False,True,2,,0.1,gelu,SGD,CosineAnnealingLR,,,32,37,174.66003370285034,0.8357971127482428,0.8310810875248265,0.8270270373370197,0.8420289976009424,0.842753635627636,0.8229729855382765,0.8378378507253286,0.8398648742082957,0.8405405540724058,0.4898951514052779,0.47778199512563263,0.46515556836843885,0.4083953525971722,0.3854518054620079,0.4168350682468028,0.8434782608695652,0.8378378378378379,0.8405405405405405,0.6002434916954812,0.5705185500999274,0.5718687067776603,0.8434782608695652,0.8378378378378378,0.8405405405405405,0.967391304347826,0.3561691140114741,0.9239130434782608,0.4568913818040709,0.8260869565217391,0.4619495013624559,0.7485507246376811,0.55835810255392,0.7514492753623189,0.6161076572944687,0.9527027027027029,0.3252595155709342,0.9256756756756755,0.4910788940379518,0.8547297297297297,0.4779278651998329,0.7094594594594594,0.4832705920668218,0.7466216216216216,0.6032543711223914,0.9695945945945946,0.3281875357347055,0.9155405405405406,0.4294294294294294,0.8141891891891891,0.449629389168425,0.7331081081081081,0.4904530744336569,0.7702702702702703,0.6300216407633288,4588047,4588047,,F:\datasets_lumbar\rsna-2024-lumbar-spine-degenerative-classification\runs\NAS results\Convnext\3D\left_neural_foraminal_narrowing\trial_313_left_neural_foraminal_narrowing_convnext3d_cnn3d_s_img64x64_bs8_lr0.016_wd0_head2_layout3d_level_stack_cropcentered_srcpng_finetune_scratch_amp\result.json,trial_313_left_neural_foraminal_narrowing_convnext3d_cnn3d_s_img64x64_bs8_lr0.016_wd0_head2_layout3d_level_stack_cropcentered_srcpng_finetune_scratch_amp,
best_per_condition,convnext,3d,ConvNeXt 3D,convnext3d,F:\datasets_lumbar\rsna-2024-lumbar-spine-degenerative-classification\runs\NAS results\Convnext\3D,val_acc,0.8249158381613015,right_neural_foraminal_narrowing,371,,convnext3d,3d_level_stack,cnn3d_b,64,64,8,0.016,0.0,False,False,True,4,256,0.1,gelu,SGD,CosineAnnealingLR,,,20,25,158.67954277992249,0.8193877645206173,0.8249158381613015,0.8229729823164038,0.8323615273303263,0.8323615273303263,0.8107744190427992,0.8249158381613015,0.8189189232684471,0.8229729823164038,0.4777015424566715,0.45079327065046143,0.4528155453173378,0.4314679910839607,0.4176392543072603,0.4328662384603474,0.8462099125364432,0.8249158249158249,0.822972972972973,0.5942227776486704,0.5737711646250605,0.5595891223280093,0.8462099125364432,0.8249158249158249,0.822972972972973,0.9701166180758016,0.328277222838821,0.9336734693877552,0.4580883499820289,0.8432944606413995,0.4918987632328102,0.7252186588921283,0.4788030258498485,0.7587463556851312,0.6314403503798492,0.9326599326599326,0.321718931475029,0.915824915824916,0.4142345110087045,0.7946127946127947,0.4156263747358704,0.7138047138047138,0.4597381342062193,0.7676767676767676,0.642648401826484,0.9493243243243245,0.3246678220681687,0.9087837837837838,0.4196225715213057,0.8175675675675675,0.4706822340781979,0.6993243243243243,0.4596384008148713,0.7398648648648649,0.5894666981041454,12926479,12926479,,F:\datasets_lumbar\rsna-2024-lumbar-spine-degenerative-classification\runs\NAS results\Convnext\3D\right_neural_foraminal_narrowing\trial_371_right_neural_foraminal_narrowing_convnext3d_cnn3d_b_img64x64_bs8_lr0.016_wd0_head4_hd256_layout3d_level_stack_cropcentered_srcpng_finetune_scratch_amp\result.json,trial_371_right_neural_foraminal_narrowing_convnext3d_cnn3d_b_img64x64_bs8_lr0.016_wd0_head4_hd256_layout3d_level_stack_cropcentered_srcpng_finetune_scratch_amp,
best_per_condition,convnext,3d,ConvNeXt 3D,convnext3d,F:\datasets_lumbar\rsna-2024-lumbar-spine-degenerative-classification\runs\NAS results\Convnext\3D,val_acc,0.8081481606871993,left_subarticular_stenosis,362,,convnext3d,3d_level_stack,cnn3d_b,64,64,8,0.016,0.0,False,False,True,2,,0.1,relu,SGD,CosineAnnealingLR,,,19,24,119.28860759735107,0.8352569288415871,0.8081481606871993,0.8083650288473064,0.8423715538658172,0.8442687875197339,0.8022222333484226,0.8088889051366736,0.8114068585203628,0.8190114198982036,0.5991124382523678,0.6007314024155509,0.5765520162623637,0.46881575694790595,0.4196331889438535,0.4456339689262013,0.8268774703557312,0.8088888888888889,0.806083650190114,0.6761625986388609,0.6680620610137892,0.6245632139448595,0.8268774703557312,0.8088888888888889,0.8060836501901141,0.9525691699604744,0.4892755224155389,0.8806324110671937,0.5833142510764241,0.783399209486166,0.641159592036785,0.7351778656126482,0.7175958163263041,0.782608695652174,0.5642170094067867,0.937037037037037,0.4633080756365622,0.8407407407407408,0.582973218656038,0.8074074074074075,0.6997641246576519,0.7148148148148148,0.7020410373456903,0.7444444444444445,0.496931811092395,0.9277566539923956,0.3577968826448591,0.8935361216730038,0.5024227055728181,0.8098859315589354,0.6501631900099333,0.6311787072243346,0.6084150463349861,0.7680608365019012,0.5623480012159903,12509199,12509199,,F:\datasets_lumbar\rsna-2024-lumbar-spine-degenerative-classification\runs\NAS results\Convnext\3D\left_subarticular_stenosis\trial_362_left_subarticular_stenosis_convnext3d_cnn3d_b_img64x64_bs8_lr0.016_wd0_head2_layout3d_level_stack_cropcentered_srcpng_finetune_scratch_amp\result.json,trial_362_left_subarticular_stenosis_convnext3d_cnn3d_b_img64x64_bs8_lr0.016_wd0_head2_layout3d_level_stack_cropcentered_srcpng_finetune_scratch_amp,
best_per_condition,convnext,3d,ConvNeXt 3D,convnext3d,F:\datasets_lumbar\rsna-2024-lumbar-spine-degenerative-classification\runs\NAS results\Convnext\3D,val_acc,0.8037037098849261,right_subarticular_stenosis,364,,convnext3d,3d_level_stack,cnn3d_b,64,64,8,0.016,0.0,False,False,True,2,256,0.1,relu,SGD,CosineAnnealingLR,,,14,19,85.87432837486267,0.8127861208302257,0.8037037098849261,0.8179775402787026,0.8243094051364095,0.8243094051364095,0.7933333423402574,0.8037037098849261,0.8149812859988838,0.8179775402787026,0.6087505906731611,0.5991832347316557,0.6055096429081227,0.47244971019250376,0.4377934573998861,0.4337889072153899,0.8217837411207576,0.8037037037037036,0.8179775280898877,0.6828161723696266,0.6515768453354074,0.6994199121161042,0.8217837411207577,0.8037037037037037,0.8179775280898877,0.9455406471981056,0.5138848162990476,0.8760852407261247,0.5642786961966816,0.8176795580110497,0.7378752552016942,0.7063930544593529,0.6863631523446482,0.7632202052091555,0.541351033323734,0.9407407407407408,0.5310541310541311,0.8851851851851852,0.5882949442271476,0.7592592592592593,0.6409883377096491,0.6592592592592592,0.6393120981356275,0.774074074074074,0.5962666625317228,0.9176029962546816,0.4595427963849016,0.8651685393258427,0.5527348540593574,0.8089887640449438,0.7363216875411996,0.7340823970037453,0.729275673940776,0.7640449438202247,0.549673202614379,12260879,12260879,,F:\datasets_lumbar\rsna-2024-lumbar-spine-degenerative-classification\runs\NAS results\Convnext\3D\right_subarticular_stenosis\trial_364_right_subarticular_stenosis_convnext3d_cnn3d_b_img64x64_bs8_lr0.016_wd0_head2_hd256_layout3d_level_stack_cropcentered_srcpng_finetune_scratch_amp\result.json,trial_364_right_subarticular_stenosis_convnext3d_cnn3d_b_img64x64_bs8_lr0.016_wd0_head2_hd256_layout3d_level_stack_cropcentered_srcpng_finetune_scratch_amp,
best_per_condition,convnext,2d,ConvNeXt 2D,convnext,F:\datasets_lumbar\rsna-2024-lumbar-spine-degenerative-classification\runs\NAS results\Convnext\2D,val_acc,0.9344827754744168,spinal_canal_stenosis,9,,convnext,2d,convnext_small,64,64,128,0.0008,0.0,False,True,True,3,,0.1,gelu,AdamW,CosineAnnealingLR,,,11,16,80.45632815361023,0.9314759186951511,0.9344827754744168,0.9224199372678464,0.9450301312538515,0.9450301312538515,0.9131034448229033,0.9344827754744168,0.9153025222418572,0.9266904206462602,0.6771499870837204,0.6875598087219774,0.6236369253734584,0.18614345110695937,0.1667335146521947,0.1905116566135365,0.9390060240963856,0.9344827586206896,0.9224199288256228,0.7731972273736131,0.7426022644770525,0.7087161411475466,0.9390060240963856,0.9344827586206896,0.9224199288256228,0.9728915662650602,0.7363437100608565,0.9390060240963856,0.5882120483047991,0.9134036144578314,0.7670905826764377,0.8983433734939759,0.791212841443982,0.9713855421686748,0.5028907529325268,0.9896551724137932,0.7973877316683712,0.9310344827586208,0.5297521307373524,0.8931034482758621,0.7192807111631158,0.8931034482758621,0.7782410164780623,0.9655172413793104,0.6131374535629854,0.9644128113879004,0.6617100371747212,0.9145907473309608,0.5557795972680489,0.9039145907473308,0.7457856704796949,0.8754448398576512,0.7183868762816131,0.9537366548042704,0.4365224456632134,55385967,55385967,,F:\datasets_lumbar\rsna-2024-lumbar-spine-degenerative-classification\runs\NAS results\Convnext\2D\spinal_canal_stenosis\trial_009_spinal_canal_stenosis_convnext_convnext_small_img64x64_bs128_lr0.0008_wd0_head3_cropcentered_srcpng_finetune_pre_amp\result.json,trial_009_spinal_canal_stenosis_convnext_convnext_small_img64x64_bs128_lr0.0008_wd0_head3_cropcentered_srcpng_finetune_pre_amp,
best_per_condition,convnext,2d,ConvNeXt 2D,convnext,F:\datasets_lumbar\rsna-2024-lumbar-spine-degenerative-classification\runs\NAS results\Convnext\2D,val_acc,0.86486488902891,left_neural_foraminal_narrowing,2,,convnext,2d,convnext_small,64,64,128,0.0008,0.0,False,True,True,2,,0.1,relu,AdamW,CosineAnnealingLR,,,9,14,70.08446407318115,0.8559420481972072,0.86486488902891,0.8540540788624738,0.8611594362535339,0.8671014713204426,0.8527027191342534,0.86486488902891,0.84999999645594,0.8540540788624738,0.5598126430044121,0.542736032957627,0.5181521109606209,0.32670160725310043,0.3388350667296976,0.3431718220581879,0.8618840579710145,0.8648648648648649,0.854054054054054,0.6732084122644407,0.6572222222222223,0.6367848254054663,0.8618840579710145,0.8648648648648649,0.8540540540540541,0.9760869565217392,0.4651910292935934,0.9384057971014492,0.4946765672909971,0.8289855072463768,0.4885684532331568,0.768840579710145,0.6525095536010111,0.7971014492753623,0.6981176116033021,0.9527027027027029,0.3668981481481481,0.9358108108108107,0.5090203080934768,0.8885135135135135,0.5319070032805592,0.7533783783783784,0.6331146889286424,0.793918918918919,0.6727400163373081,0.9695945945945946,0.3281875357347055,0.9425675675675677,0.5251513608329089,0.8445945945945946,0.5041797283176593,0.75,0.5776509322215694,0.7635135135135135,0.6555909976962608,52417647,52417647,,F:\datasets_lumbar\rsna-2024-lumbar-spine-degenerative-classification\runs\NAS results\Convnext\2D\left_neural_foraminal_narrowing\trial_002_left_neural_foraminal_narrowing_convnext_convnext_small_img64x64_bs128_lr0.0008_wd0_head2_cropcentered_srcpng_finetune_pre_amp\result.json,trial_002_left_neural_foraminal_narrowing_convnext_convnext_small_img64x64_bs128_lr0.0008_wd0_head2_cropcentered_srcpng_finetune_pre_amp,
best_per_condition,convnext,2d,ConvNeXt 2D,convnext,F:\datasets_lumbar\rsna-2024-lumbar-spine-degenerative-classification\runs\NAS results\Convnext\2D,val_acc,0.8653198562888585,right_neural_foraminal_narrowing,42,,convnext,2d,convnext_small,64,64,128,0.0008,0.01,False,True,True,4,,0.1,relu,AdamW,CosineAnnealingLR,,,11,16,82.7367901802063,0.8846938928084193,0.8653198562888585,0.8506756795419229,0.9017492802080538,0.9017492802080538,0.8121212138872757,0.8653198562888585,0.8182432393769961,0.8547297232859844,0.6532078091532239,0.6163649736299244,0.5760652933798049,0.33598357659799083,0.285435714283768,0.3668074205115035,0.8873177842565598,0.8653198653198654,0.8506756756756758,0.7709565280279599,0.7242979242979243,0.7000722014167687,0.8873177842565597,0.8653198653198653,0.8506756756756757,0.97667638483965,0.4821462861132932,0.9460641399416908,0.5342746488118681,0.85932944606414,0.6946173852770476,0.8345481049562682,0.8080384154371779,0.8199708454810496,0.7469623101267325,0.9393939393939394,0.4078483245149911,0.936026936026936,0.5480860788421253,0.8249158249158249,0.6329465331653515,0.8148148148148148,0.7857343917131114,0.8114478114478114,0.7072095399140421,0.9628378378378378,0.4762275410261399,0.9155405405405406,0.4878644002271272,0.8445945945945946,0.5343718491631377,0.7601351351351351,0.6916172197397016,0.7702702702702703,0.6902454567429186,58346607,58346607,,F:\datasets_lumbar\rsna-2024-lumbar-spine-degenerative-classification\runs\NAS results\Convnext\2D\right_neural_foraminal_narrowing\trial_042_right_neural_foraminal_narrowing_convnext_convnext_small_img64x64_bs128_lr0.0008_wd0.01_head4_cropcentered_srcpng_finetune_pre_amp\result.json,trial_042_right_neural_foraminal_narrowing_convnext_convnext_small_img64x64_bs128_lr0.0008_wd0.01_head4_cropcentered_srcpng_finetune_pre_amp,
best_per_condition,convnext,2d,ConvNeXt 2D,convnext,F:\datasets_lumbar\rsna-2024-lumbar-spine-degenerative-classification\runs\NAS results\Convnext\2D,val_acc,0.8340741029492131,left_subarticular_stenosis,52,,convnext,2d,convnext_small,64,64,128,0.0008,0.05,False,True,True,2,,0.2,relu,AdamW,CosineAnnealingLR,,,14,19,92.43830490112305,0.852015821971441,0.8340741029492131,0.8288973563070986,0.886007911414497,0.886007911414497,0.8244444551291289,0.8340741029492131,0.8273764322919084,0.8357414396996734,0.7373987802719564,0.659127089546544,0.6823244585853384,0.41675587230258515,0.3354447193060939,0.3726477700041274,0.8665612648221345,0.834074074074074,0.8288973384030418,0.7667442832113308,0.7124230941103648,0.7006236384783522,0.8665612648221344,0.8340740740740741,0.8288973384030418,0.9620553359683794,0.6955864554548765,0.9011857707509882,0.7278820053688456,0.8229249011857708,0.7310645862468176,0.7905138339920948,0.7751284366985495,0.8561264822134388,0.7573324175906931,0.9185185185185184,0.5036318168261179,0.8666666666666667,0.6778846153846154,0.8407407407407408,0.754719935112092,0.7518518518518519,0.7116820377689943,0.7925925925925926,0.6477170426409006,0.9543726235741444,0.7161370295244535,0.870722433460076,0.6154685191909205,0.8060836501901141,0.6812041326107822,0.6920152091254753,0.6663246888952218,0.8212927756653993,0.7324879227053142,52417647,52417647,,F:\datasets_lumbar\rsna-2024-lumbar-spine-degenerative-classification\runs\NAS results\Convnext\2D\left_subarticular_stenosis\trial_052_left_subarticular_stenosis_convnext_convnext_small_img64x64_bs128_lr0.0008_wd0.05_head2_cropcentered_srcpng_finetune_pre_amp\result.json,trial_052_left_subarticular_stenosis_convnext_convnext_small_img64x64_bs128_lr0.0008_wd0.05_head2_cropcentered_srcpng_finetune_pre_amp,
best_per_condition,convnext,2d,ConvNeXt 2D,convnext,F:\datasets_lumbar\rsna-2024-lumbar-spine-degenerative-classification\runs\NAS results\Convnext\2D,val_acc,0.8303703824679057,right_subarticular_stenosis,139,,convnext,2d,convnext_small,64,64,128,0.0016,0.05,False,True,True,4,,0.2,gelu,AdamW,CosineAnnealingLR,,,8,13,63.82667636871338,0.814996058581472,0.8303703824679057,0.8344569279906455,0.8359905501567386,0.8359905501567386,0.7614815089437696,0.8303703824679057,0.7692884008089701,0.8344569387060873,0.6505656748498628,0.64260939341661,0.645241065899876,0.42027936820630674,0.4133461665335657,0.3803724260365918,0.8262036306235201,0.8303703703703704,0.8344569288389513,0.7127604643810997,0.7014148776292494,0.7211488594420135,0.8262036306235201,0.8303703703703704,0.8344569288389513,0.9337016574585636,0.5089883944213659,0.8705603788476717,0.6735471812546289,0.8255722178374112,0.7453873765508058,0.7190213101815311,0.7115130003772387,0.7821625887924231,0.613392421645275,0.937037037037037,0.5210178268111282,0.8740740740740741,0.6575175070028011,0.7703703703703704,0.6316363523447992,0.7518518518518519,0.7379461068098858,0.8185185185185185,0.6649291741144362,0.947565543071161,0.5351054403685983,0.8801498127340824,0.5754742547425474,0.8202247191011236,0.7587931180608526,0.7303370786516854,0.7164064272876978,0.7940074906367042,0.640426089039684,58346607,58346607,,F:\datasets_lumbar\rsna-2024-lumbar-spine-degenerative-classification\runs\NAS results\Convnext\2D\right_subarticular_stenosis\trial_139_right_subarticular_stenosis_convnext_convnext_small_img64x64_bs128_lr0.0016_wd0.05_head4_cropcentered_srcpng_finetune_pre_amp\result.json,trial_139_right_subarticular_stenosis_convnext_convnext_small_img64x64_bs128_lr0.0016_wd0.05_head4_cropcentered_srcpng_finetune_pre_amp,
best_per_condition,efficientnet,3d,EfficientNet 3D,efficientnet3d,F:\datasets_lumbar\rsna-2024-lumbar-spine-degenerative-classification\runs\NAS results\EfficientNet\3D,val_acc,0.9234482830968397,spinal_canal_stenosis,361,,efficientnet3d,3d_level_stack,cnn3d_b,64,64,8,0.016,0.0,False,False,True,2,,0.1,gelu,SGD,CosineAnnealingLR,,,18,23,143.4098174571991,0.925753021814737,0.9234482830968397,0.9103202959820893,0.937048201101372,0.937048201101372,0.9110344952550428,0.9234482830968397,0.9060498329668283,0.9153025010302398,0.6074061407054571,0.6176061303737427,0.5529267693792288,0.2226003133274358,0.1799477253092385,0.2167117864795002,0.9322289156626506,0.923448275862069,0.9103202846975088,0.7345435049719317,0.7035732346243329,0.6779546218113826,0.9322289156626506,0.923448275862069,0.9103202846975088,0.9653614457831324,0.490177760477488,0.9344879518072288,0.6356469566506742,0.9088855421686748,0.754869207639956,0.8832831325301205,0.7392231133696399,0.9691265060240964,0.4171136653895275,0.9724137931034482,0.4958992384299941,0.9517241379310344,0.7702020202020202,0.896551724137931,0.7352947365424295,0.8413793103448276,0.6651554267044016,0.9551724137931036,0.4214792299898682,0.9608540925266904,0.4834434694688188,0.9074733096085408,0.5771935120341302,0.8683274021352313,0.670032751091703,0.8612099644128114,0.7085239200088388,0.9537366548042704,0.3254401942926533,12509199,12509199,,F:\datasets_lumbar\rsna-2024-lumbar-spine-degenerative-classification\runs\NAS results\EfficientNet\3D\spinal_canal_stenosis\trial_361_spinal_canal_stenosis_efficientnet3d_cnn3d_b_img64x64_bs8_lr0.016_wd0_head2_layout3d_level_stack_cropcentered_srcpng_finetune_scratch_amp\result.json,trial_361_spinal_canal_stenosis_efficientnet3d_cnn3d_b_img64x64_bs8_lr0.016_wd0_head2_layout3d_level_stack_cropcentered_srcpng_finetune_scratch_amp,
best_per_condition,efficientnet,3d,EfficientNet 3D,efficientnet3d,F:\datasets_lumbar\rsna-2024-lumbar-spine-degenerative-classification\runs\NAS results\EfficientNet\3D,val_acc,0.8412162258818343,left_neural_foraminal_narrowing,277,,efficientnet3d,3d_level_stack,cnn3d_b,64,64,8,0.0016,0.05,False,False,True,3,256,0.1,gelu,AdamW,CosineAnnealingLR,,,44,49,365.8887391090393,0.81739131419555,0.8412162258818343,0.8371621756940275,0.8182608808296314,0.8275362424228503,0.839864875819232,0.8412162258818343,0.8358108207986161,0.8391892007879309,0.4740699074683248,0.46843922525694265,0.4735496431831234,0.39162688259337397,0.4127083657444387,0.4184276135386647,0.834927536231884,0.8412162162162163,0.8371621621621621,0.5799471613399985,0.557577865385846,0.5990714765367583,0.8349275362318841,0.8412162162162162,0.8371621621621622,0.9688405797101448,0.3280579070052754,0.922463768115942,0.459235475079248,0.8028985507246377,0.4399687971661108,0.736231884057971,0.533599366097147,0.7442028985507246,0.6094879919938426,0.9527027027027029,0.3252595155709342,0.9087837837837838,0.4251665770653112,0.847972972972973,0.4563773833004602,0.7297297297297297,0.5572657323280764,0.7668918918918919,0.5781269180199314,0.972972972972973,0.3287671232876712,0.9087837837837838,0.4077796207760107,0.8074324324324325,0.4310480693459417,0.7432432432432432,0.5733930453108536,0.7533783783783784,0.6267603571951398,12594959,12594959,,F:\datasets_lumbar\rsna-2024-lumbar-spine-degenerative-classification\runs\NAS results\EfficientNet\3D\left_neural_foraminal_narrowing\trial_277_left_neural_foraminal_narrowing_efficientnet3d_cnn3d_b_img64x64_bs8_lr0.0016_wd0.05_head3_hd256_layout3d_level_stack_cropcentered_srcpng_finetune_scratch_amp\result.json,trial_277_left_neural_foraminal_narrowing_efficientnet3d_cnn3d_b_img64x64_bs8_lr0.0016_wd0.05_head3_hd256_layout3d_level_stack_cropcentered_srcpng_finetune_scratch_amp,
best_per_condition,efficientnet,3d,EfficientNet 3D,efficientnet3d,F:\datasets_lumbar\rsna-2024-lumbar-spine-degenerative-classification\runs\NAS results\EfficientNet\3D,val_acc,0.8316498400787713,right_neural_foraminal_narrowing,314,,efficientnet3d,3d_level_stack,cnn3d_s,64,64,8,0.016,0.0,False,False,True,2,,0.1,relu,SGD,CosineAnnealingLR,,,21,26,148.61417436599731,0.8396501596745527,0.8316498400787713,0.8189189289067242,0.8507288763891504,0.8507288763891504,0.8343434450200913,0.8363636443109224,0.8250000122431163,0.8250000122431163,0.5001527951467937,0.5121400940219116,0.5009835802465864,0.41256799681820855,0.3750152264670102,0.4211636078921524,0.8475218658892129,0.8363636363636363,0.8155405405405405,0.6397671623953546,0.5794875729004265,0.5652444285099442,0.8475218658892129,0.8363636363636363,0.8155405405405406,0.9693877551020408,0.3282734789584104,0.9220116618075802,0.4020025742607358,0.8403790087463557,0.4793321921890732,0.7456268221574344,0.6934940771026118,0.7602040816326531,0.5976616532231371,0.9326599326599326,0.3567660409765672,0.9057239057239056,0.3597367313358589,0.8114478114478114,0.4208160995711554,0.7407407407407407,0.6244238100234324,0.7912457912457912,0.5968623108157992,0.9527027027027029,0.3765135327635328,0.902027027027027,0.3731213131572198,0.8175675675675675,0.4688006322861094,0.6824324324324325,0.5780185109870472,0.722972972972973,0.5385467579015966,4588047,4588047,,F:\datasets_lumbar\rsna-2024-lumbar-spine-degenerative-classification\runs\NAS results\EfficientNet\3D\right_neural_foraminal_narrowing\trial_314_right_neural_foraminal_narrowing_efficientnet3d_cnn3d_s_img64x64_bs8_lr0.016_wd0_head2_layout3d_level_stack_cropcentered_srcpng_finetune_scratch_amp\result.json,trial_314_right_neural_foraminal_narrowing_efficientnet3d_cnn3d_s_img64x64_bs8_lr0.016_wd0_head2_layout3d_level_stack_cropcentered_srcpng_finetune_scratch_amp,
best_per_condition,efficientnet,3d,EfficientNet 3D,efficientnet3d,F:\datasets_lumbar\rsna-2024-lumbar-spine-degenerative-classification\runs\NAS results\EfficientNet\3D,val_acc,0.8133333453425655,left_subarticular_stenosis,290,,efficientnet3d,3d_level_stack,cnn3d_s,64,64,8,0.0048,0.0,False,False,True,2,,0.1,relu,SGD,CosineAnnealingLR,,,24,29,153.1367528438568,0.8515415135108435,0.8133333453425655,0.8144486795813412,0.8610276795187487,0.8615019896284865,0.8074074215359158,0.8133333453425655,0.8273764390909173,0.8273764390909173,0.6938041253394994,0.6552607388875951,0.6239099228977706,0.47205993952574554,0.3557557277234175,0.4208738455980902,0.8624505928853754,0.8133333333333332,0.814448669201521,0.7646658824359852,0.7160991633299049,0.6839827172568776,0.8624505928853755,0.8133333333333334,0.8144486692015209,0.958102766798419,0.5120335155692893,0.9043478260869564,0.7271118305941641,0.8450592885375494,0.7864218401208083,0.7960474308300395,0.7865447364016648,0.808695652173913,0.6569087040115706,0.925925925925926,0.4606823572340814,0.8518518518518519,0.682883721861732,0.8074074074074075,0.7449228356483707,0.7296296296296296,0.7134541350989284,0.7518518518518519,0.6743606445948624,0.9391634980988594,0.4168943948503066,0.9011406844106464,0.7309743109221056,0.7680608365019012,0.6496339294007542,0.6768060836501901,0.6614881748972331,0.7870722433460076,0.6605588044184535,4588047,4588047,,F:\datasets_lumbar\rsna-2024-lumbar-spine-degenerative-classification\runs\NAS results\EfficientNet\3D\left_subarticular_stenosis\trial_290_left_subarticular_stenosis_efficientnet3d_cnn3d_s_img64x64_bs8_lr0.0048_wd0_head2_layout3d_level_stack_cropcentered_srcpng_finetune_scratch_amp\result.json,trial_290_left_subarticular_stenosis_efficientnet3d_cnn3d_s_img64x64_bs8_lr0.0048_wd0_head2_layout3d_level_stack_cropcentered_srcpng_finetune_scratch_amp,
best_per_condition,efficientnet,3d,EfficientNet 3D,efficientnet3d,F:\datasets_lumbar\rsna-2024-lumbar-spine-degenerative-classification\runs\NAS results\EfficientNet\3D,val_acc,0.8059259388181899,right_subarticular_stenosis,216,,efficientnet3d,3d_level_stack,cnn3d_b,64,64,8,0.0008,0.05,False,False,True,4,256,0.2,relu,AdamW,CosineAnnealingLR,,,22,27,203.17677426338196,0.7829518659244679,0.8059259388181899,0.8074906417046593,0.7862667846416241,0.793843739128715,0.776296306097949,0.8059259388181899,0.7812734190444375,0.8089887743139088,0.5458204385617066,0.5511473554316607,0.5421261187134455,0.48385065529081556,0.4927784633288349,0.4609682343425822,0.811049723756906,0.805925925925926,0.8074906367041198,0.6401760027598612,0.6440778614368311,0.6551641627818913,0.8110497237569061,0.8059259259259259,0.8074906367041198,0.947119179163378,0.4689806357325539,0.8650355169692187,0.451570754892854,0.7995264404104183,0.675214852141414,0.6985003946329913,0.6636543235230274,0.745067087608524,0.4696816265186834,0.9333333333333332,0.4626835097302833,0.8703703703703703,0.4617862723885082,0.7777777777777778,0.6453023989811598,0.6814814814814815,0.6584330354889191,0.7666666666666667,0.5275315605694333,0.9325842696629212,0.4281889763779527,0.8539325842696629,0.4326657129232236,0.7865168539325843,0.6507212419194275,0.7078651685393258,0.6917669715936446,0.7565543071161048,0.507287690752979,12926479,12926479,,F:\datasets_lumbar\rsna-2024-lumbar-spine-degenerative-classification\runs\NAS results\EfficientNet\3D\right_subarticular_stenosis\trial_216_right_subarticular_stenosis_efficientnet3d_cnn3d_b_img64x64_bs8_lr0.0008_wd0.05_head4_hd256_layout3d_level_stack_cropcentered_srcpng_finetune_scratch_amp\result.json,trial_216_right_subarticular_stenosis_efficientnet3d_cnn3d_b_img64x64_bs8_lr0.0008_wd0.05_head4_hd256_layout3d_level_stack_cropcentered_srcpng_finetune_scratch_amp,
best_per_condition,efficientnet,2d,EfficientNet 2D,efficientnet,F:\datasets_lumbar\rsna-2024-lumbar-spine-degenerative-classification\runs\NAS results\EfficientNet\2D,val_acc,0.9234483069386975,spinal_canal_stenosis,93,,efficientnet,2d,efficientnet_v2_s,64,64,128,0.0016,0.0,False,True,True,4,256,0.1,gelu,AdamW,CosineAnnealingLR,,,6,11,67.6742935180664,0.9271084407725966,0.9234483069386975,0.9096085671004027,0.9451807320836079,0.9451807320836079,0.9124138104504552,0.9255172585618907,0.9110320477723227,0.9110320477723227,0.604575430883521,0.5615573315534744,0.5418891892773988,0.2136051708254321,0.1652762611587363,0.2682882154963619,0.9358433734939758,0.9255172413793104,0.9103202846975088,0.7407872610277354,0.7050838739744868,0.6600311403251978,0.935843373493976,0.9255172413793104,0.9103202846975088,0.9623493975903614,0.4397715472481827,0.9420180722891566,0.6799130426581407,0.9164156626506024,0.7484136777548233,0.8900602409638554,0.7428612895288876,0.9683734939759036,0.4119175972275702,0.9689655172413794,0.3292325717633275,0.9275862068965516,0.5890466676180962,0.9,0.7417112299465242,0.8758620689655172,0.7299182299182299,0.9551724137931036,0.3268436578171091,0.9466192170818504,0.3686034658511723,0.9145907473309608,0.5882783882783883,0.8861209964412812,0.7116266313193602,0.8612099644128114,0.6558412151948717,0.9430604982206404,0.3241590214067278,22486623,22486623,,F:\datasets_lumbar\rsna-2024-lumbar-spine-degenerative-classification\runs\NAS results\EfficientNet\2D\spinal_canal_stenosis\trial_093_spinal_canal_stenosis_efficientnet_efficientnet_v2_s_img64x64_bs128_lr0.0016_wd0_head4_hd256_cropcentered_srcpng_finetune_pre_amp\result.json,trial_093_spinal_canal_stenosis_efficientnet_efficientnet_v2_s_img64x64_bs128_lr0.0016_wd0_head4_hd256_cropcentered_srcpng_finetune_pre_amp,
best_per_condition,efficientnet,2d,EfficientNet 2D,efficientnet,F:\datasets_lumbar\rsna-2024-lumbar-spine-degenerative-classification\runs\NAS results\EfficientNet\2D,val_acc,0.8547297458390932,left_neural_foraminal_narrowing,142,,efficientnet,2d,efficientnet_v2_s,64,64,128,0.0016,0.05,False,True,True,4,256,0.1,relu,AdamW,CosineAnnealingLR,,,7,12,73.70477175712585,0.8663768265558326,0.8547297458390932,0.8412162226599615,0.90521739496701,0.90521739496701,0.7905405292639861,0.8547297458390932,0.7918919034906335,0.8412162226599615,0.5877534368485812,0.5378952382141022,0.5386876753819544,0.4016589699564753,0.3100305171980374,0.4238960936262801,0.8618840579710145,0.8547297297297296,0.8412162162162163,0.7407779546238423,0.6717912312631201,0.6824305469891162,0.8618840579710145,0.8547297297297297,0.8412162162162162,0.9688405797101448,0.3280579070052754,0.9355072463768116,0.4771186414065763,0.8514492753623188,0.6615884454010887,0.7840579710144927,0.7558360256812865,0.7695652173913043,0.7161661647486791,0.9527027027027029,0.3252595155709342,0.9121621621621622,0.4114854927129296,0.8851351351351351,0.607689383138485,0.7432432432432432,0.6513581250423356,0.7804054054054054,0.6936836746058264,0.972972972972973,0.3287671232876712,0.9155405405405406,0.4164114478825642,0.831081081081081,0.5940497411085646,0.7837837837837838,0.7192134181607867,0.7027027027027027,0.6349966464701852,22486623,22486623,,F:\datasets_lumbar\rsna-2024-lumbar-spine-degenerative-classification\runs\NAS results\EfficientNet\2D\left_neural_foraminal_narrowing\trial_142_left_neural_foraminal_narrowing_efficientnet_efficientnet_v2_s_img64x64_bs128_lr0.0016_wd0.05_head4_hd256_cropcentered_srcpng_finetune_pre_amp\result.json,trial_142_left_neural_foraminal_narrowing_efficientnet_efficientnet_v2_s_img64x64_bs128_lr0.0016_wd0.05_head4_hd256_cropcentered_srcpng_finetune_pre_amp,
best_per_condition,efficientnet,2d,EfficientNet 2D,efficientnet,F:\datasets_lumbar\rsna-2024-lumbar-spine-degenerative-classification\runs\NAS results\EfficientNet\2D,val_acc,0.8565656655163877,right_neural_foraminal_narrowing,143,,efficientnet,2d,efficientnet_v2_s,64,64,128,0.0016,0.05,False,True,True,4,256,0.2,gelu,AdamW,CosineAnnealingLR,,,6,11,68.58991408348083,0.8715743537199393,0.8565656655163877,0.8297297294075424,0.9067055536081075,0.9067055536081075,0.8107744248627814,0.8565656655163877,0.8067567525683222,0.8297297294075424,0.5605728293558487,0.5474961188569802,0.5072703202307723,0.38892368294975976,0.3195766034174938,0.4258005812361434,0.8820699708454811,0.8565656565656565,0.8297297297297298,0.7404316792743191,0.7087888209604398,0.6557013131810864,0.882069970845481,0.8565656565656565,0.8297297297297297,0.9701166180758016,0.328641975308642,0.932944606413994,0.4454370477594225,0.85932944606414,0.5091175570781129,0.8199708454810496,0.7612735284890877,0.8279883381924198,0.7583940381439782,0.9326599326599326,0.321718931475029,0.9225589225589226,0.45684840630689,0.8114478114478114,0.4608585858585858,0.7845117845117845,0.7680505477831305,0.8316498316498316,0.7300041228612657,0.9493243243243245,0.3252314814814814,0.9155405405405406,0.4136103274343849,0.8243243243243243,0.5009213009213009,0.6993243243243243,0.6498848823368705,0.7601351351351351,0.6467036089798238,22486623,22486623,,F:\datasets_lumbar\rsna-2024-lumbar-spine-degenerative-classification\runs\NAS results\EfficientNet\2D\right_neural_foraminal_narrowing\trial_143_right_neural_foraminal_narrowing_efficientnet_efficientnet_v2_s_img64x64_bs128_lr0.0016_wd0.05_head4_hd256_cropcentered_srcpng_finetune_pre_amp\result.json,trial_143_right_neural_foraminal_narrowing_efficientnet_efficientnet_v2_s_img64x64_bs128_lr0.0016_wd0.05_head4_hd256_cropcentered_srcpng_finetune_pre_amp,
best_per_condition,efficientnet,2d,EfficientNet 2D,efficientnet,F:\datasets_lumbar\rsna-2024-lumbar-spine-degenerative-classification\runs\NAS results\EfficientNet\2D,val_acc,0.8222222495962073,left_subarticular_stenosis,118,,efficientnet,2d,efficientnet_v2_s,64,64,128,0.0016,0.01,False,True,True,4,256,0.1,relu,AdamW,CosineAnnealingLR,,,8,13,78.90106511116028,0.8660869599331038,0.8222222495962073,0.8136882251659727,0.9147826136336497,0.9147826136336497,0.7985185473053543,0.8222222495962073,0.8045627497448214,0.8136882251659727,0.6957567333044267,0.6221128479254581,0.5720559290946651,0.507763785344583,0.3086039024143822,0.4708818111129587,0.8744664031620554,0.8222222222222223,0.8136882129277566,0.7850567518754423,0.7066828236515453,0.67422236050523,0.8744664031620554,0.8222222222222222,0.8136882129277566,0.9446640316205532,0.4034005210475799,0.9075098814229248,0.7204714140239261,0.8624505928853755,0.8008023238626846,0.7889328063241107,0.7813331673262219,0.8687747035573122,0.7727762402617211,0.925925925925926,0.3609211126310989,0.8666666666666667,0.6530088459133977,0.837037037037037,0.778139487596076,0.7148148148148148,0.6961251167133519,0.7666666666666667,0.6223696767733659,0.9277566539923956,0.3240371845949535,0.8783269961977186,0.5606471216227313,0.8136882129277566,0.677627350474269,0.6692015209125475,0.6575700700700701,0.779467680608365,0.6403979187113013,22486623,22486623,,F:\datasets_lumbar\rsna-2024-lumbar-spine-degenerative-classification\runs\NAS results\EfficientNet\2D\left_subarticular_stenosis\trial_118_left_subarticular_stenosis_efficientnet_efficientnet_v2_s_img64x64_bs128_lr0.0016_wd0.01_head4_hd256_cropcentered_srcpng_finetune_pre_amp\result.json,trial_118_left_subarticular_stenosis_efficientnet_efficientnet_v2_s_img64x64_bs128_lr0.0016_wd0.01_head4_hd256_cropcentered_srcpng_finetune_pre_amp,
best_per_condition,efficientnet,2d,EfficientNet 2D,efficientnet,F:\datasets_lumbar\rsna-2024-lumbar-spine-degenerative-classification\runs\NAS results\EfficientNet\2D,val_acc,0.8192592470734208,right_subarticular_stenosis,58,,efficientnet,2d,efficientnet_v2_s,64,64,128,0.0008,0.05,False,True,True,3,,0.1,relu,AdamW,CosineAnnealingLR,,,8,13,78.88450837135315,0.8413575570133603,0.8192592470734208,0.8164794230729007,0.9030781451792066,0.9030781451792066,0.7703703708118863,0.8192592470734208,0.7970037444700463,0.8164794230729007,0.6639698692403957,0.6006817562108935,0.5737457592850028,0.5101837897742236,0.3564097133083614,0.4854748153061456,0.8546172059984215,0.8192592592592594,0.8164794007490638,0.7448099228192385,0.6862082690046004,0.6950484387973566,0.8546172059984215,0.8192592592592592,0.8164794007490637,0.9400157853196528,0.4144990456229649,0.8942383583267561,0.6828683302287661,0.8555643251775849,0.7850228422797666,0.7537490134175217,0.7417203811656979,0.829518547750592,0.6957387469047825,0.9222222222222224,0.382220643939394,0.8777777777777778,0.6199731727733906,0.7592592592592593,0.6041359164850076,0.7296296296296296,0.7207561156412158,0.8074074074074075,0.6763229322154589,0.9250936329588016,0.3520585317460318,0.8651685393258427,0.5105947008729229,0.8164794007490637,0.7141409755391518,0.700374531835206,0.6991882336648828,0.7752808988764045,0.5927463546020247,36619103,36619103,,F:\datasets_lumbar\rsna-2024-lumbar-spine-degenerative-classification\runs\NAS results\EfficientNet\2D\right_subarticular_stenosis\trial_058_right_subarticular_stenosis_efficientnet_efficientnet_v2_s_img64x64_bs128_lr0.0008_wd0.05_head3_cropcentered_srcpng_finetune_pre_amp\result.json,trial_058_right_subarticular_stenosis_efficientnet_efficientnet_v2_s_img64x64_bs128_lr0.0008_wd0.05_head3_cropcentered_srcpng_finetune_pre_amp,
best_per_condition,maxvit,3d,MaxViT 3D,maxvit3d,F:\datasets_lumbar\rsna-2024-lumbar-spine-degenerative-classification\runs\NAS results\MaxViT\3d,val_acc,0.9075862193929738,spinal_canal_stenosis,331,,maxvit3d,3d_level_stack,maxvit3d_tiny,64,64,128,0.0003,0.001,False,True,True,2,256,0.1,gelu,AdamW,CosineAnnealingLR,,,10,15,82.1301589012146,0.9141566387142044,0.9075862193929738,0.8975089137240236,0.9323795301368437,0.9323795301368437,0.9013793246499423,0.9075862193929738,0.892526685130978,0.9024911151661992,0.5941154655733193,0.562063705635919,0.49171231081094613,0.24714694023132325,0.2100329711494675,0.2609293615690754,0.921686746987952,0.907586206896552,0.897508896797153,0.7164749447704689,0.6552244832041344,0.6156910812372998,0.9216867469879518,0.9075862068965516,0.8975088967971531,0.966867469879518,0.522350018205573,0.9134036144578314,0.5460502391195461,0.8862951807228916,0.7204630787862122,0.875,0.7537570025079535,0.966867469879518,0.4279569892473118,0.9724137931034482,0.4510118856408609,0.8931034482758621,0.4600700886415172,0.8689655172413793,0.6752014503132239,0.8448275862068966,0.7073177783560297,0.9586206896551724,0.5167173252279635,0.9501779359430604,0.4305866329409475,0.8861209964412812,0.4084501977705861,0.8540925266903915,0.6239994907412061,0.8434163701067615,0.6700850383093373,0.9537366548042704,0.3254401942926533,37345495,37345495,,F:\datasets_lumbar\rsna-2024-lumbar-spine-degenerative-classification\runs\NAS results\MaxViT\3d\spinal_canal_stenosis\spinal_canal_stenosis\trial_331_spinal_canal_stenosis_maxvit3d_maxvit3d_tiny_img64x64_bs128_lr0.0003_wd0.001_head2_hd256_layout3d_level_stack_cropcentered_srcpng_finetune_pre_amp\result.json,trial_331_spinal_canal_stenosis_maxvit3d_maxvit3d_tiny_img64x64_bs128_lr0.0003_wd0.001_head2_hd256_layout3d_level_stack_cropcentered_srcpng_finetune_pre_amp,
best_per_condition,maxvit,3d,MaxViT 3D,maxvit3d,F:\datasets_lumbar\rsna-2024-lumbar-spine-degenerative-classification\runs\NAS results\MaxViT\3d,val_acc,0.8337837940937763,left_neural_foraminal_narrowing,871,,maxvit3d,3d_level_stack,maxvit3d_small,64,64,128,0.0003,0.02,False,True,True,3,256,0.1,gelu,AdamW,CosineAnnealingLR,,,9,14,98.49749946594238,0.8578260988428973,0.8337837940937763,0.8135135077141427,0.9255072616148686,0.9255072616148686,0.7702702992671245,0.8337837940937763,0.7668918790044011,0.8135135334891241,0.5265454892123883,0.4600723443964353,0.43799013226653505,0.4433473058649012,0.3748082750085471,0.4934888772062353,0.8649275362318841,0.8337837837837838,0.8135135135135135,0.6610829967342524,0.5469619376219338,0.5388339008943063,0.864927536231884,0.8337837837837838,0.8135135135135135,0.9695652173913044,0.3440517100310915,0.9340579710144928,0.4833575320437762,0.8311594202898551,0.4653114494732486,0.763768115942029,0.6097502731749903,0.8260869565217391,0.7302564813388349,0.9527027027027029,0.3252595155709342,0.9155405405405406,0.4701964701964702,0.8445945945945946,0.45176131058484,0.6790540540540541,0.4205391927692068,0.777027027027027,0.6326052328607251,0.972972972972973,0.3287671232876712,0.8986486486486487,0.3860283620443514,0.777027027027027,0.3857334098297953,0.6959459459459459,0.5313267116612298,0.722972972972973,0.5580950545096275,83622011,83622011,,F:\datasets_lumbar\rsna-2024-lumbar-spine-degenerative-classification\runs\NAS results\MaxViT\3d\left_neural_foraminal_narrowing\left_neural_foraminal_narrowing\trial_871_left_neural_foraminal_narrowing_maxvit3d_maxvit3d_small_img64x64_bs128_lr0.0003_wd0.02_head3_hd256_layout3d_level_stack_cropcentered_srcpng_finetune_pre_amp\result.json,trial_871_left_neural_foraminal_narrowing_maxvit3d_maxvit3d_small_img64x64_bs128_lr0.0003_wd0.02_head3_hd256_layout3d_level_stack_cropcentered_srcpng_finetune_pre_amp,
best_per_condition,maxvit,3d,MaxViT 3D,maxvit3d,F:\datasets_lumbar\rsna-2024-lumbar-spine-degenerative-classification\runs\NAS results\MaxViT\3d,val_acc,0.8316498625559438,right_neural_foraminal_narrowing,951,,maxvit3d,3d_level_stack,maxvit3d_small,64,64,128,0.0005,0.08,False,True,True,3,256,0.1,gelu,AdamW,CosineAnnealingLR,,,7,12,85.65469717979431,0.8505831042809667,0.8316498625559438,0.8047297274744188,0.9032070045916054,0.9032070045916054,0.8053872260180387,0.8316498625559438,0.7885135299450642,0.8081081074637335,0.5087782133508978,0.46164437498171224,0.42527252284497186,0.4431976146168179,0.3825048777348098,0.5002191243944941,0.8626822157434402,0.8316498316498316,0.8047297297297297,0.6480723103500137,0.5775818168609931,0.5214584077120362,0.8626822157434403,0.8316498316498316,0.8047297297297298,0.9701166180758016,0.328277222838821,0.9271137026239068,0.4208926510196229,0.8418367346938775,0.4859233716475096,0.750728862973761,0.5917439258133687,0.8236151603498543,0.7170538954351668,0.9326599326599326,0.321718931475029,0.9090909090909092,0.3797905525846702,0.8215488215488216,0.4583476752583233,0.7407407407407407,0.5375146018003162,0.7542087542087542,0.6108501137902227,0.9493243243243245,0.3246678220681687,0.8918918918918919,0.3338252863869562,0.7972972972972973,0.4456036356451294,0.6993243243243243,0.5265732182027971,0.6858108108108109,0.4956926519218078,83622011,83622011,,F:\datasets_lumbar\rsna-2024-lumbar-spine-degenerative-classification\runs\NAS results\MaxViT\3d\right_neural_foraminal_narrowing\right_neural_foraminal_narrowing\trial_951_right_neural_foraminal_narrowing_maxvit3d_maxvit3d_small_img64x64_bs128_lr0.0005_wd0.08_head3_hd256_layout3d_level_stack_cropcentered_srcpng_finetune_pre_amp\result.json,trial_951_right_neural_foraminal_narrowing_maxvit3d_maxvit3d_small_img64x64_bs128_lr0.0005_wd0.08_head3_hd256_layout3d_level_stack_cropcentered_srcpng_finetune_pre_amp,
best_per_condition,maxvit,3d,MaxViT 3D,maxvit3d,F:\datasets_lumbar\rsna-2024-lumbar-spine-degenerative-classification\runs\NAS results\MaxViT\3d,val_acc,0.7888889109646833,left_subarticular_stenosis,201,,maxvit3d,3d_level_stack,maxvit3d_tiny,64,64,128,0.0001,0.001,False,True,True,2,,0.1,gelu,AdamW,CosineAnnealingLR,,,15,20,108.9913718700409,0.8167589048151913,0.7888889109646833,0.7863117928967276,0.8610276826285562,0.8610276826285562,0.7644444739377058,0.7888889109646833,0.7840304304438399,0.7946768242143406,0.643546155006082,0.5944076700585791,0.6069400076492435,0.5234186980459425,0.4150373073670232,0.4945552140587636,0.8270355731225297,0.788888888888889,0.7863117870722434,0.6903613054460066,0.6480702235630815,0.6276455900712344,0.8270355731225296,0.7888888888888889,0.7863117870722434,0.9517786561264822,0.5726619596184813,0.8766798418972332,0.6626071387971485,0.7944664031620553,0.6696230094551053,0.7241106719367589,0.6995386077847928,0.7881422924901186,0.6133000593748821,0.9074074074074074,0.447841332456717,0.8333333333333334,0.6069977426636569,0.7777777777777778,0.6570199988112866,0.662962962962963,0.6378641240710206,0.762962962962963,0.6223151522902146,0.9391634980988594,0.6525974025974026,0.8783269961977186,0.6372323972323972,0.7490494296577946,0.5866092765828913,0.6387832699619772,0.604889361290946,0.7262357414448669,0.5533716005425798,38005975,38005975,,F:\datasets_lumbar\rsna-2024-lumbar-spine-degenerative-classification\runs\NAS results\MaxViT\3d\left_subarticular_stenosis\left_subarticular_stenosis\trial_201_left_subarticular_stenosis_maxvit3d_maxvit3d_tiny_img64x64_bs128_lr0.0001_wd0.001_head2_layout3d_level_stack_cropcentered_srcpng_finetune_pre_amp\result.json,trial_201_left_subarticular_stenosis_maxvit3d_maxvit3d_tiny_img64x64_bs128_lr0.0001_wd0.001_head2_layout3d_level_stack_cropcentered_srcpng_finetune_pre_amp,
best_per_condition,maxvit,3d,MaxViT 3D,maxvit3d,F:\datasets_lumbar\rsna-2024-lumbar-spine-degenerative-classification\runs\NAS results\MaxViT\3d,val_acc,0.7851852072609795,right_subarticular_stenosis,833,,maxvit3d,3d_level_stack,maxvit3d_small,64,64,128,0.0003,0.0,False,True,True,2,,0.1,gelu,AdamW,CosineAnnealingLR,,,6,11,74.65872430801392,0.7733228165235874,0.7851852072609795,0.7775281004691392,0.840094725635923,0.840094725635923,0.7659259425269233,0.7851852072609795,0.7820224949483121,0.7902621946084812,0.4930608621079886,0.4792175950785823,0.43702977915122165,0.5294980684916178,0.5132318973164909,0.5128643546211585,0.790370955011839,0.7851851851851851,0.7775280898876404,0.5894527061556972,0.5928910866556825,0.5723556989474018,0.790370955011839,0.7851851851851852,0.7775280898876404,0.947119179163378,0.4840490922206306,0.8516179952644041,0.4255356802526613,0.7190213101815311,0.463475151066716,0.6819258089976322,0.6561138086312325,0.7521704814522494,0.4361305783687026,0.9296296296296296,0.4339869281045752,0.8592592592592593,0.4443877551020408,0.7111111111111111,0.4106564829969085,0.6444444444444445,0.6356205920226193,0.7814814814814814,0.4714362171667674,0.9213483146067416,0.3499377334993773,0.8352059925093633,0.3600560224089635,0.7191011235955056,0.3966552315608919,0.6704119850187266,0.6522683962467826,0.7415730337078652,0.4262315120400928,85264251,85264251,,F:\datasets_lumbar\rsna-2024-lumbar-spine-degenerative-classification\runs\NAS results\MaxViT\3d\right_subarticular_stenosis\right_subarticular_stenosis\trial_833_right_subarticular_stenosis_maxvit3d_maxvit3d_small_img64x64_bs128_lr0.0003_wd0_head2_layout3d_level_stack_cropcentered_srcpng_finetune_pre_amp\result.json,trial_833_right_subarticular_stenosis_maxvit3d_maxvit3d_small_img64x64_bs128_lr0.0003_wd0_head2_layout3d_level_stack_cropcentered_srcpng_finetune_pre_amp,
best_per_condition,maxvit,2d,MaxViT 2D,maxvit,F:\datasets_lumbar\rsna-2024-lumbar-spine-degenerative-classification\runs\NAS results\MaxViT\2d,val_acc,0.9310344979680818,spinal_canal_stenosis,278,,maxvit,2d,maxvit_tiny_tf_224,64,64,128,0.0008,0.005,False,True,True,3,128,0.1,gelu,AdamW,CosineAnnealingLR,,,6,11,108.70901346206665,0.9277108627629568,0.9310344979680818,0.917437727341024,0.947289162371532,0.947289162371532,0.9165517519260274,0.9310344979680818,0.9103202891943718,0.9195729706211022,0.6658788389075954,0.6988054640083481,0.5715889751589642,0.21939180082288282,0.2258508374173957,0.2357920864298674,0.9259036144578314,0.9310344827586208,0.9174377224199288,0.7280672209151501,0.7325798573056,0.6899420300272384,0.9259036144578312,0.9310344827586208,0.9174377224199288,0.9683734939759036,0.645410012559771,0.9262048192771084,0.6765558662925232,0.8878012048192772,0.7138059673257513,0.8765060240963856,0.7478501610783098,0.970632530120482,0.5457721872816212,0.9827586206896552,0.680048270313757,0.9413793103448276,0.7409044239096468,0.8896551724137931,0.7199354201306055,0.8758620689655172,0.7423061863289567,0.9655172413793104,0.6108330193587742,0.9608540925266904,0.4938271604938271,0.9217081850533808,0.6207713854772678,0.8861209964412812,0.7249982518704986,0.8647686832740213,0.6917179743578595,0.9537366548042704,0.3266301035953686,30792023,30792023,,F:\datasets_lumbar\rsna-2024-lumbar-spine-degenerative-classification\runs\NAS results\MaxViT\2d\spinal_canal_stenosis_2d\spinal_canal_stenosis\trial_278_spinal_canal_stenosis_maxvit_maxvit_tiny_tf_224_img64x64_bs128_lr0.0008_wd0.005_head3_hd128_cropcentered_srcpng_finetune_pre_amp\result.json,trial_278_spinal_canal_stenosis_maxvit_maxvit_tiny_tf_224_img64x64_bs128_lr0.0008_wd0.005_head3_hd128_cropcentered_srcpng_finetune_pre_amp,
best_per_condition,maxvit,2d,MaxViT 2D,maxvit,F:\datasets_lumbar\rsna-2024-lumbar-spine-degenerative-classification\runs\NAS results\MaxViT\2d,val_acc,0.8614865138724044,left_neural_foraminal_narrowing,834,,maxvit,2d,maxvit_small_tf_224,64,64,128,0.0012,0.0,False,True,True,2,128,0.1,gelu,AdamW,CosineAnnealingLR,,,5,10,111.1252031326294,0.842173927763234,0.8614865138724044,0.8506757020950317,0.8834782792174298,0.8834782792174298,0.7925675591906985,0.8614865138724044,0.7797297271522315,0.8506757020950317,0.508232338312381,0.5081420399580195,0.5049067708252728,0.38551272733791453,0.3655127936515255,0.3867994031390628,0.8501449275362318,0.8614864864864865,0.8506756756756758,0.673500109069972,0.6619297911030574,0.6708358933919043,0.8501449275362318,0.8614864864864865,0.8506756756756757,0.9688405797101448,0.3280579070052754,0.9181159420289856,0.374730719929595,0.813768115942029,0.4502440647179437,0.7536231884057971,0.6800758056159362,0.7963768115942029,0.7080531942931548,0.9527027027027029,0.3252595155709342,0.902027027027027,0.3575793845093666,0.8817567567567568,0.5062631478294128,0.7601351351351351,0.635841170323929,0.8108108108108109,0.7157669815564552,0.972972972972973,0.3287671232876712,0.9087837837837838,0.3617349970291146,0.8614864864864865,0.5053968511605259,0.7702702702702703,0.682598860097538,0.7398648648648649,0.6460360225515144,68612731,68612731,,F:\datasets_lumbar\rsna-2024-lumbar-spine-degenerative-classification\runs\NAS results\MaxViT\2d\left_neural_foraminal_narrowing\left_neural_foraminal_narrowing\trial_834_left_neural_foraminal_narrowing_maxvit_maxvit_small_tf_224_img64x64_bs128_lr0.0012_wd0_head2_hd128_cropcentered_srcpng_finetune_pre_amp\result.json,trial_834_left_neural_foraminal_narrowing_maxvit_maxvit_small_tf_224_img64x64_bs128_lr0.0012_wd0_head2_hd128_cropcentered_srcpng_finetune_pre_amp,
best_per_condition,maxvit,2d,MaxViT 2D,maxvit,F:\datasets_lumbar\rsna-2024-lumbar-spine-degenerative-classification\runs\NAS results\MaxViT\2d,val_acc,0.8565656801666877,right_neural_foraminal_narrowing,572,,maxvit,2d,maxvit_small_tf_224,64,64,128,5e-05,0.1,False,True,True,2,512,0.1,gelu,AdamW,CosineAnnealingLR,,,13,18,201.12320184707642,0.8698250819920799,0.8565656801666877,0.8236486605695776,0.8851311901915525,0.8851311901915525,0.8464646604326036,0.8565656801666877,0.8297297519606512,0.8310810955795082,0.5756023356003154,0.5870942988142378,0.5059842557703738,0.3656848671059014,0.3213494891849273,0.4126880120586704,0.8706997084548105,0.8565656565656565,0.8236486486486486,0.7151358294567026,0.7158507054219214,0.6079412381619512,0.8706997084548105,0.8565656565656565,0.8236486486486486,0.9723032069970844,0.3779100624834141,0.9278425655976676,0.410189452124936,0.8491253644314869,0.6389559899667135,0.8053935860058309,0.74439715243512,0.7988338192419825,0.7065590209913933,0.9393939393939394,0.3900758902510216,0.9292929292929292,0.4751457928353235,0.8215488215488216,0.6003128191207456,0.7777777777777778,0.7432084014313524,0.8148148148148148,0.7267285904327457,0.956081081081081,0.4507707969749854,0.9121621621621622,0.3962330451894019,0.8243243243243243,0.4915514592933947,0.7128378378378378,0.6460394909547452,0.7128378378378378,0.5453264864393412,70094971,70094971,,F:\datasets_lumbar\rsna-2024-lumbar-spine-degenerative-classification\runs\NAS results\MaxViT\2d\right_neural_foraminal_narrowing\right_neural_foraminal_narrowing\trial_572_right_neural_foraminal_narrowing_maxvit_maxvit_small_tf_224_img64x64_bs128_lr5e-05_wd0.1_head2_hd512_cropcentered_srcpng_finetune_pre_amp\result.json,trial_572_right_neural_foraminal_narrowing_maxvit_maxvit_small_tf_224_img64x64_bs128_lr5e-05_wd0.1_head2_hd512_cropcentered_srcpng_finetune_pre_amp,
best_per_condition,maxvit,2d,MaxViT 2D,maxvit,F:\datasets_lumbar\rsna-2024-lumbar-spine-degenerative-classification\runs\NAS results\MaxViT\2d,val_acc,0.827407412175779,left_subarticular_stenosis,1002,,maxvit,2d,maxvit_small_tf_224,64,64,128,0.0024,0.05,False,True,True,2,128,0.1,gelu,AdamW,CosineAnnealingLR,,,10,15,148.7190980911255,0.8398419138471128,0.827407412175779,0.8045627497448214,0.8795256932733558,0.8795256932733558,0.795555567741394,0.827407412175779,0.810646400025589,0.8106464059180634,0.6141917474309877,0.6005207665795679,0.5341687636771899,0.47033779312063145,0.3595881267498604,0.4496377346180237,0.838102766798419,0.8274074074074074,0.8045627376425856,0.714494708181681,0.7123948960956232,0.659900741219195,0.838102766798419,0.8274074074074074,0.8045627376425856,0.9407114624505928,0.3809313853204267,0.8766798418972332,0.6044615606156459,0.8213438735177866,0.7279239040529363,0.7367588932806324,0.7292012710245356,0.8150197628458498,0.6284406161413942,0.9296296296296296,0.3661947661947662,0.8592592592592593,0.6183738514223713,0.8444444444444444,0.7863870582620729,0.7444444444444445,0.7324551442198501,0.7592592592592593,0.4991930127987789,0.9315589353612168,0.3604300125174877,0.8631178707224335,0.4336671248118333,0.7946768060836502,0.64349702094063,0.6539923954372624,0.6557470302827505,0.779467680608365,0.5775026298332484,68612731,68612731,,F:\datasets_lumbar\rsna-2024-lumbar-spine-degenerative-classification\runs\NAS results\MaxViT\2d\left_subarticular_stenosis\left_subarticular_stenosis\trial_1002_left_subarticular_stenosis_maxvit_maxvit_small_tf_224_img64x64_bs128_lr0.0024_wd0.05_head2_hd128_cropcentered_srcpng_finetune_pre_amp\result.json,trial_1002_left_subarticular_stenosis_maxvit_maxvit_small_tf_224_img64x64_bs128_lr0.0024_wd0.05_head2_hd128_cropcentered_srcpng_finetune_pre_amp,
best_per_condition,maxvit,2d,MaxViT 2D,maxvit,F:\datasets_lumbar\rsna-2024-lumbar-spine-degenerative-classification\runs\NAS results\MaxViT\2d,val_acc,0.8251851916313171,right_subarticular_stenosis,636,,maxvit,2d,maxvit_small_tf_224,64,64,128,0.0001,0.1,False,True,True,2,512,0.1,gelu,AdamW,CosineAnnealingLR,,,11,16,162.8134949207306,0.8527229767948412,0.8251851916313171,0.8277153781290805,0.892975546990028,0.8937648138664986,0.7985185234634965,0.8251851916313171,0.8142322020584278,0.8277153781290805,0.6763602516626547,0.6180733856455701,0.6241982016831871,0.4390812600100482,0.345667690015159,0.4156814338116164,0.8527229676400946,0.8251851851851851,0.8277153558052435,0.7465981506990799,0.6861489399536325,0.7159399385446695,0.8527229676400947,0.8251851851851851,0.8277153558052435,0.9447513812154696,0.4618925831202046,0.90370955011839,0.7079430103083988,0.8500394632991318,0.7855828306879157,0.7505919494869772,0.7359060511584549,0.8145224940805051,0.6904767830382995,0.925925925925926,0.4193487671748541,0.8962962962962963,0.6590964005258857,0.7777777777777778,0.6450945626477541,0.737037037037037,0.71657218296187,0.7888888888888889,0.6502550149174866,0.9325842696629212,0.4055337262606417,0.8651685393258427,0.5751231527093597,0.8202247191011236,0.7403129169048981,0.7228464419475655,0.7117747998660701,0.797752808988764,0.688246412674966,70094971,70094971,,F:\datasets_lumbar\rsna-2024-lumbar-spine-degenerative-classification\runs\NAS results\MaxViT\2d\right_subarticular_stenosis\right_subarticular_stenosis\trial_636_right_subarticular_stenosis_maxvit_maxvit_small_tf_224_img64x64_bs128_lr0.0001_wd0.1_head2_hd512_cropcentered_srcpng_finetune_pre_amp\result.json,trial_636_right_subarticular_stenosis_maxvit_maxvit_small_tf_224_img64x64_bs128_lr0.0001_wd0.1_head2_hd512_cropcentered_srcpng_finetune_pre_amp,
best_per_condition,vit,3d,ViT 3D,vit3d,F:\datasets_lumbar\rsna-2024-lumbar-spine-degenerative-classification\runs\NAS results\ViT\3d,val_acc,0.893793105668035,spinal_canal_stenosis,398,,vit3d,3d_level_stack,vit3d_t,64,64,256,0.0005,0.001,False,False,True,3,128,0.1,gelu,AdamW,CosineAnnealingLR,,,34,39,160.83629322052002,0.893975934350347,0.893793105668035,0.8839857701304968,0.8921686906412424,0.893975934350347,0.8848276093088348,0.893793105668035,0.8804270512692869,0.8839857701304968,0.4014487466539999,0.41696600192168487,0.39349035172313884,0.3386516201085058,0.3066861726433398,0.3547282532865042,0.8906626506024095,0.8937931034482759,0.8839857651245552,0.4936128332451328,0.517167240602117,0.4664016294009233,0.8906626506024097,0.8937931034482759,0.8839857651245552,0.9533132530120482,0.3253662297609869,0.8930722891566265,0.342104075660172,0.8365963855421686,0.4740957640161798,0.8042168674698795,0.5195751412257308,0.9661144578313252,0.3461025226069303,0.9689655172413794,0.3280793928779918,0.903448275862069,0.3962393162393162,0.8379310344827586,0.480530955680061,0.803448275862069,0.5542895746758408,0.9551724137931036,0.3256907701352146,0.9466192170818504,0.3241925655088361,0.8932384341637011,0.3875534917599927,0.8256227758007118,0.4437669376693767,0.800711743772242,0.4864985693848355,0.9537366548042704,0.3254401942926533,1709519,1709519,,F:\datasets_lumbar\rsna-2024-lumbar-spine-degenerative-classification\runs\NAS results\ViT\3d\spinal_canal_stenosis_3d_vit\spinal_canal_stenosis\trial_398_spinal_canal_stenosis_vit3d_vit3d_t_img64x64_bs256_lr0.0005_wd0.001_head3_hd128_layout3d_level_stack_cropcentered_srcpng_finetune_scratch_amp\result.json,trial_398_spinal_canal_stenosis_vit3d_vit3d_t_img64x64_bs256_lr0.0005_wd0.001_head3_hd128_layout3d_level_stack_cropcentered_srcpng_finetune_scratch_amp,
best_per_condition,vit,3d,ViT 3D,vit3d,F:\datasets_lumbar\rsna-2024-lumbar-spine-degenerative-classification\runs\NAS results\ViT\3d,val_acc,0.7878378436372087,left_neural_foraminal_narrowing,1512,,vit3d,3d_level_stack,vit3d_b,64,64,256,0.0008,0.02,False,False,True,3,512,0.1,gelu,AdamW,CosineAnnealingLR,,,19,24,107.31666994094849,0.7795652418896772,0.7878378436372087,0.7783784109192926,0.7795652392981709,0.7820290109385615,0.7756756882409792,0.7878378436372087,0.7763513826035164,0.7797297416506587,0.3091050421915959,0.3103260502113405,0.30798341448534605,0.5595283218332239,0.5303109310675358,0.5467148761491518,0.7794202898550726,0.7878378378378379,0.7783783783783784,0.3241334213566775,0.3281365939912536,0.3245609632458857,0.7794202898550725,0.7878378378378378,0.7783783783783784,0.9688405797101448,0.3280579070052754,0.91231884057971,0.3180497663256283,0.7666666666666667,0.3044047825835215,0.6130434782608696,0.2626262626262626,0.636231884057971,0.3323864924172919,0.9527027027027029,0.3252595155709342,0.8952702702702703,0.314913844325609,0.8074324324324325,0.2978193146417445,0.6317567567567568,0.2652868945003777,0.652027027027027,0.3483506820180371,0.972972972972973,0.3287671232876712,0.902027027027027,0.3161634103019538,0.7702702702702703,0.2900763358778626,0.5945945945945946,0.2613312613312613,0.652027027027027,0.3435789416279814,13292303,13292303,,F:\datasets_lumbar\rsna-2024-lumbar-spine-degenerative-classification\runs\NAS results\ViT\3d\left_neural_foraminal_narrowing_3d\left_neural_foraminal_narrowing\trial_1512_left_neural_foraminal_narrowing_vit3d_vit3d_b_img64x64_bs256_lr0.0008_wd0.02_head3_hd512_layout3d_level_stack_cropcentered_srcpng_finetune_scratch_amp\result.json,trial_1512_left_neural_foraminal_narrowing_vit3d_vit3d_b_img64x64_bs256_lr0.0008_wd0.02_head3_hd512_layout3d_level_stack_cropcentered_srcpng_finetune_scratch_amp,
best_per_condition,vit,3d,ViT 3D,vit3d,F:\datasets_lumbar\rsna-2024-lumbar-spine-degenerative-classification\runs\NAS results\ViT\3d,val_acc,0.795286193038478,right_neural_foraminal_narrowing,1943,,vit3d,3d_level_stack,vit3d_l,64,64,256,0.0005,0.005,False,False,True,3,256,0.1,gelu,AdamW,CosineAnnealingLR,,,46,50,239.77579832077026,0.8005831022651828,0.795286193038478,0.772972957507984,0.7986880516519352,0.8005831022651828,0.7973063834989914,0.7979798252735074,0.772297282476683,0.7810810772148339,0.3591351370051067,0.36607115771709126,0.34816741212735103,0.5324993382399331,0.4868705630649978,0.5424476636422647,0.7969387755102041,0.7979797979797979,0.772972972972973,0.4007381020669294,0.4088998203289898,0.37773485518297,0.7969387755102041,0.797979797979798,0.772972972972973,0.9701166180758016,0.328277222838821,0.9176384839650146,0.3250665652339292,0.7944606413994169,0.4016200773607385,0.6508746355685131,0.4008316841409331,0.6516034985422741,0.3398801354511117,0.9326599326599326,0.321718931475029,0.9057239057239056,0.3397733757234857,0.7811447811447811,0.3665032679738562,0.6868686868686869,0.421562249421305,0.6835016835016835,0.3894357934093033,0.9493243243243245,0.3246678220681687,0.8986486486486487,0.3155397390272835,0.7702702702702703,0.3944154330844591,0.6114864864864865,0.3633717329369503,0.6351351351351351,0.321969774433015,26651919,26651919,,F:\datasets_lumbar\rsna-2024-lumbar-spine-degenerative-classification\runs\NAS results\ViT\3d\right_neural_foraminal_narrowing_3d\right_neural_foraminal_narrowing\trial_1943_right_neural_foraminal_narrowing_vit3d_vit3d_l_img64x64_bs256_lr0.0005_wd0.005_head3_hd256_layout3d_level_stack_cropcentered_srcpng_finetune_scratch_amp\result.json,trial_1943_right_neural_foraminal_narrowing_vit3d_vit3d_l_img64x64_bs256_lr0.0005_wd0.005_head3_hd256_layout3d_level_stack_cropcentered_srcpng_finetune_scratch_amp,
best_per_condition,vit,3d,ViT 3D,vit3d,F:\datasets_lumbar\rsna-2024-lumbar-spine-degenerative-classification\runs\NAS results\ViT\3d,val_acc,0.7548148499594795,left_subarticular_stenosis,856,,vit3d,3d_level_stack,vit3d_s,64,64,256,0.0003,0.005,False,False,True,3,512,0.1,gelu,AdamW,CosineAnnealingLR,,,19,24,106.24497866630554,0.7756521764480078,0.7548148499594795,0.7429657912752927,0.7808695800219599,0.7808695800219599,0.7392592929027698,0.7548148499594795,0.7490494182127964,0.7528517111399328,0.4174848709189366,0.4412262693234418,0.36825799798571335,0.6330727683173285,0.5257771217775911,0.5819418085845252,0.7628458498023717,0.7548148148148147,0.7429657794676806,0.4924771183495711,0.5083282411044714,0.430816267393657,0.7628458498023716,0.7548148148148148,0.7429657794676806,0.9407114624505928,0.3974142520343752,0.8324110671936759,0.383385794930439,0.7272727272727273,0.4632236218725472,0.5849802371541502,0.5098596579547704,0.7288537549407115,0.3335410278025517,0.9185185185185184,0.3815453952440253,0.8111111111111111,0.4007377229685091,0.7,0.4806892453951277,0.6148148148148148,0.5426914716949401,0.7296296296296296,0.4004675113146064,0.9239543726235742,0.3577792504233856,0.8250950570342205,0.302649930264993,0.7072243346007605,0.379908103592314,0.5399239543726235,0.4430493292435488,0.7186311787072244,0.3579033764043252,5367311,5367311,,F:\datasets_lumbar\rsna-2024-lumbar-spine-degenerative-classification\runs\NAS results\ViT\3d\left_subarticular_stenosis_3d\left_subarticular_stenosis\trial_856_left_subarticular_stenosis_vit3d_vit3d_s_img64x64_bs256_lr0.0003_wd0.005_head3_hd512_layout3d_level_stack_cropcentered_srcpng_finetune_scratch_amp\result.json,trial_856_left_subarticular_stenosis_vit3d_vit3d_s_img64x64_bs256_lr0.0003_wd0.005_head3_hd512_layout3d_level_stack_cropcentered_srcpng_finetune_scratch_amp,
best_per_condition,vit,3d,ViT 3D,vit3d,F:\datasets_lumbar\rsna-2024-lumbar-spine-degenerative-classification\runs\NAS results\ViT\3d,val_acc,0.7525925826143336,right_subarticular_stenosis,1376,,vit3d,3d_level_stack,vit3d_b,64,64,256,0.0003,0.01,False,False,True,3,512,0.1,gelu,AdamW,CosineAnnealingLR,,,11,16,72.29540872573853,0.7583267638884668,0.7525925826143336,0.741573045093022,0.7589581726852513,0.7684293732740979,0.740000022340704,0.7525925826143336,0.7445693112044746,0.7490636806809501,0.3905590237121442,0.4096917838364117,0.38570238509663446,0.6349562803904215,0.5730650108351704,0.6284377146302984,0.7516969218626677,0.7525925925925926,0.7415730337078651,0.4535665063386422,0.4935139953290807,0.4542773532126114,0.7516969218626677,0.7525925925925926,0.7415730337078652,0.930544593528019,0.3617163807242116,0.8358326756116812,0.350505206457036,0.7095501183898973,0.4341930703154377,0.5682715074980268,0.4788302880536548,0.7142857142857143,0.3275501730103806,0.9148148148148147,0.3535343212399932,0.8444444444444444,0.3834178709286375,0.6962962962962963,0.4206255008946869,0.5740740740740741,0.523573552127637,0.7333333333333333,0.367307673991104,0.9138576779026216,0.3183300717547292,0.8389513108614233,0.3949475278589203,0.704119850187266,0.3891878986959439,0.5280898876404494,0.4579813369116925,0.7228464419475655,0.3680650902618865,13292303,13292303,,F:\datasets_lumbar\rsna-2024-lumbar-spine-degenerative-classification\runs\NAS results\ViT\3d\right_subarticular_stenosis\right_subarticular_stenosis\trial_1376_right_subarticular_stenosis_vit3d_vit3d_b_img64x64_bs256_lr0.0003_wd0.01_head3_hd512_layout3d_level_stack_cropcentered_srcpng_finetune_scratch_amp\result.json,trial_1376_right_subarticular_stenosis_vit3d_vit3d_b_img64x64_bs256_lr0.0003_wd0.01_head3_hd512_layout3d_level_stack_cropcentered_srcpng_finetune_scratch_amp,
best_per_condition,vit,2d,ViT 2D,vit,F:\datasets_lumbar\rsna-2024-lumbar-spine-degenerative-classification\runs\NAS results\ViT\2d,val_acc,0.9296552053813276,spinal_canal_stenosis,72,,vit,2d,vit_b_16,64,64,256,0.0001,0.0,False,True,True,3,512,0.1,gelu,AdamW,CosineAnnealingLR,,,26,31,217.01406335830688,0.9555723114186022,0.9296552053813276,0.9231317096333487,0.9612951896276819,0.9612951896276819,0.9151724400191471,0.9310344946795497,0.9117437639270389,0.9231317096333487,0.7578237138502802,0.6789640963449861,0.6456299489245019,0.2311128727320967,0.164305203470839,0.2828442176465886,0.9528614457831326,0.9310344827586208,0.9103202846975088,0.8272569959222432,0.713036174707886,0.656685940097999,0.9528614457831324,0.9310344827586208,0.9103202846975088,0.9849397590361446,0.8291882031012466,0.9457831325301204,0.6645093278814209,0.9307228915662652,0.8200794319708632,0.9284638554216867,0.8541996309892282,0.9743975903614458,0.621141975308642,0.9793103448275862,0.7198497429814156,0.9517241379310344,0.6771372259177139,0.8931034482758621,0.679197724512719,0.8689655172413793,0.7270609540272462,0.9620689655172414,0.5168936254193803,0.9537366548042704,0.4870911360799001,0.900355871886121,0.5096809680968096,0.8790035587188612,0.6407875915621365,0.8754448398576512,0.713619648928051,0.9430604982206404,0.3253529772866789,88960271,88960271,,F:\datasets_lumbar\rsna-2024-lumbar-spine-degenerative-classification\runs\NAS results\ViT\2d\spinal_canal_stenosis_2d_vit\spinal_canal_stenosis\batch1\trial_072_spinal_canal_stenosis_vit_vit_b_16_img64x64_bs256_lr0.0001_wd0_head3_hd512_cropcentered_srcpng_finetune_pre_amp\result.json,trial_072_spinal_canal_stenosis_vit_vit_b_16_img64x64_bs256_lr0.0001_wd0_head3_hd512_cropcentered_srcpng_finetune_pre_amp,
best_per_condition,vit,2d,ViT 2D,vit,F:\datasets_lumbar\rsna-2024-lumbar-spine-degenerative-classification\runs\NAS results\ViT\2d,val_acc,0.8648648922507828,left_neural_foraminal_narrowing,2091,,vit,2d,vit_b_16,64,64,256,0.016,0.005,False,True,True,2,256,0.1,gelu,SGD,CosineAnnealingLR,,,45,50,369.4467258453369,0.8691304431445357,0.8648648922507828,0.8486486544480195,0.868260890159054,0.8701449428779492,0.860810809844249,0.8648648922507828,0.852702707857699,0.8574324636845976,0.5839236950595006,0.5525968556249989,0.5468069584807459,0.3471837543152474,0.311663061639537,0.3610050436612722,0.8656521739130435,0.8648648648648647,0.8486486486486486,0.7007435314173426,0.6604367193097219,0.6442434752722895,0.8656521739130435,0.8648648648648649,0.8486486486486486,0.977536231884058,0.484394275845053,0.9434782608695652,0.5282914179354092,0.8311594202898551,0.4963678498547718,0.7804347826086957,0.7112547241793056,0.7956521739130434,0.6993102074829632,0.9594594594594594,0.4097222222222221,0.9358108108108107,0.5269405359186189,0.8716216216216216,0.5149200784608322,0.7702702702702703,0.6349672438890646,0.7871621621621622,0.6764341976342568,0.9797297297297296,0.4632302405498281,0.9324324324324323,0.519659991656237,0.8141891891891891,0.4847916737680517,0.7871621621621622,0.6642296142296142,0.7297297297297297,0.6021232721999985,86648591,86648591,,F:\datasets_lumbar\rsna-2024-lumbar-spine-degenerative-classification\runs\NAS results\ViT\2d\left_neural_foraminal_narrowing_2d_vit\left_neural_foraminal_narrowing\trial_2091_left_neural_foraminal_narrowing_vit_vit_b_16_img64x64_bs256_lr0.016_wd0.005_head2_hd256_cropcentered_srcpng_finetune_pre_amp\result.json,trial_2091_left_neural_foraminal_narrowing_vit_vit_b_16_img64x64_bs256_lr0.016_wd0.005_head2_hd256_cropcentered_srcpng_finetune_pre_amp,
best_per_condition,vit,2d,ViT 2D,vit,F:\datasets_lumbar\rsna-2024-lumbar-spine-degenerative-classification\runs\NAS results\ViT\2d,val_acc,0.8572390705648095,right_neural_foraminal_narrowing,132,,vit,2d,vit_b_16,64,64,256,0.0002,0.0,False,True,True,2,512,0.1,gelu,AdamW,CosineAnnealingLR,,,34,39,282.8402669429779,0.8924198201029363,0.8572390705648095,0.8351351232142061,0.9067055579524693,0.9067055579524693,0.8511784716888711,0.8585858931043734,0.835810843351725,0.8391891991769945,0.8158899511013772,0.633302470521784,0.5495141825005698,0.3488955162591003,0.2403466950873939,0.4259346175838161,0.9081632653061223,0.8585858585858587,0.8317567567567566,0.8210007585300088,0.7199313462894131,0.6443995134428347,0.9081632653061223,0.8585858585858586,0.8317567567567568,0.9868804664723032,0.8203530633437176,0.9540816326530612,0.8448916292564421,0.8855685131195336,0.7811384143628547,0.857871720116618,0.8312874137756546,0.8564139941690962,0.8017792347682167,0.9461279461279462,0.6294660384766392,0.9292929292929292,0.5171116417046523,0.8282828282828283,0.7569278547539416,0.797979797979798,0.7118093922651934,0.7912457912457912,0.7125445917198494,0.956081081081081,0.4723715880575613,0.8918918918918919,0.4417853751187084,0.8175675675675675,0.4911071688500728,0.7736486486486487,0.7240699441519518,0.7195945945945946,0.56911236226848,87636751,87636751,,F:\datasets_lumbar\rsna-2024-lumbar-spine-degenerative-classification\runs\NAS results\ViT\2d\right_neural_foraminal_narrowing_2d_vit\right_neural_foraminal_narrowing\trial_132_right_neural_foraminal_narrowing_vit_vit_b_16_img64x64_bs256_lr0.0002_wd0_head2_hd512_cropcentered_srcpng_finetune_pre_amp\result.json,trial_132_right_neural_foraminal_narrowing_vit_vit_b_16_img64x64_bs256_lr0.0002_wd0_head2_hd512_cropcentered_srcpng_finetune_pre_amp,
best_per_condition,vit,2d,ViT 2D,vit,F:\datasets_lumbar\rsna-2024-lumbar-spine-degenerative-classification\runs\NAS results\ViT\2d,val_acc,0.8259259153295446,left_subarticular_stenosis,74,,vit,2d,vit_b_16,64,64,256,0.0001,0.001,False,True,True,2,128,0.1,gelu,AdamW,CosineAnnealingLR,,,20,25,175.92037796974182,0.8608695836406451,0.8259259153295446,0.8228136888021752,0.8739921058590704,0.8739921058590704,0.8111110991901822,0.8259259153295446,0.815209160739478,0.8258555255008742,0.7166551583985165,0.6684507129460044,0.6437840356046205,0.41516845005529895,0.3355587411539357,0.3813523641104027,0.8610276679841897,0.825925925925926,0.8228136882129278,0.7557942743782142,0.7234771589474597,0.7048100516444012,0.8610276679841897,0.825925925925926,0.8228136882129278,0.9604743083003952,0.6825123666487872,0.899604743083004,0.6930161919141674,0.8363636363636363,0.7550176450889013,0.7841897233201581,0.7733100572015248,0.824505928853755,0.6794195311392012,0.925925925925926,0.5393758300132802,0.8481481481481481,0.6810071154898741,0.837037037037037,0.7778847540142225,0.7555555555555555,0.740973283252695,0.762962962962963,0.6030125819599504,0.9315589353612168,0.4435912295952864,0.908745247148289,0.7398956002982849,0.8022813688212928,0.7001570698098317,0.6996197718631179,0.6875058405756471,0.7718631178707225,0.6477704377440525,86154511,86154511,,F:\datasets_lumbar\rsna-2024-lumbar-spine-degenerative-classification\runs\NAS results\ViT\2d\left_subarticular_stenosis_2d_vit\left_subarticular_stenosis\trial_074_left_subarticular_stenosis_vit_vit_b_16_img64x64_bs256_lr0.0001_wd0.001_head2_hd128_cropcentered_srcpng_finetune_pre_amp\result.json,trial_074_left_subarticular_stenosis_vit_vit_b_16_img64x64_bs256_lr0.0001_wd0.001_head2_hd128_cropcentered_srcpng_finetune_pre_amp,
best_per_condition,vit,2d,ViT 2D,vit,F:\datasets_lumbar\rsna-2024-lumbar-spine-degenerative-classification\runs\NAS results\ViT\2d,val_acc,0.833333322736952,right_subarticular_stenosis,1627,,vit,2d,vit_l_32,64,64,256,0.0001,0.01,False,True,True,2,256,0.1,gelu,AdamW,CosineAnnealingLR,,,11,16,122.22463512420654,0.8317285038489663,0.833333322736952,0.8322097712688232,0.8629834294413241,0.8629834294413241,0.8096296288349011,0.833333322736952,0.838202270229211,0.838202270229211,0.6405245783753,0.6341523464512162,0.6316455021357693,0.4181713859240214,0.394565221189794,0.3945371488506874,0.8388318863456986,0.8333333333333334,0.8322097378277155,0.7076904294355068,0.6998931038955539,0.7144706467722722,0.8388318863456985,0.8333333333333334,0.8322097378277153,0.9486977111286504,0.4844391377763333,0.8855564325177585,0.6556565279900508,0.823993685872139,0.7311892980386941,0.744277821625888,0.7243390279240774,0.7916337805840569,0.6069989001473446,0.937037037037037,0.4876307990080445,0.8851851851851852,0.6168458781362007,0.7777777777777778,0.6427032074090898,0.737037037037037,0.7193104590254163,0.8296296296296296,0.7042713886773293,0.9363295880149812,0.4462499390035622,0.8764044943820225,0.6003694581280788,0.8239700374531835,0.7500491207387759,0.7340823970037453,0.7198913955629426,0.7902621722846442,0.6416675972454867,306780175,306780175,,F:\datasets_lumbar\rsna-2024-lumbar-spine-degenerative-classification\runs\NAS results\ViT\2d\right_subarticular_stenosis_2d_vit\right_subarticular_stenosis\trial_1627_right_subarticular_stenosis_vit_vit_l_32_img64x64_bs256_lr0.0001_wd0.01_head2_hd256_cropcentered_srcpng_finetune_pre_amp\result.json,trial_1627_right_subarticular_stenosis_vit_vit_l_32_img64x64_bs256_lr0.0001_wd0.01_head2_hd256_cropcentered_srcpng_finetune_pre_amp,
