model_config,model_label,family,archive_layout,condition,n_repeats,metric,mean,std,mean_pm_std
nas_best_convnext3d_3d,ConvNeXt 3D,convnext3d,3d_level_stack,left_neural_foraminal_narrowing,5,train_acc,0.7478932085568736,0.006632565350669513,0.7479 ± 0.0066
nas_best_convnext3d_3d,ConvNeXt 3D,convnext3d,3d_level_stack,left_neural_foraminal_narrowing,5,val_acc,0.7726436170481019,0.004901927961135643,0.7726 ± 0.0049
nas_best_convnext3d_3d,ConvNeXt 3D,convnext3d,3d_level_stack,left_neural_foraminal_narrowing,5,test_acc,0.7720012940999272,0.008220812448099,0.7720 ± 0.0082
nas_best_convnext3d_3d,ConvNeXt 3D,convnext3d,3d_level_stack,left_neural_foraminal_narrowing,5,train_accuracy_overall,0.7804206105035122,0.0023537767979477904,0.7804 ± 0.0024
nas_best_convnext3d_3d,ConvNeXt 3D,convnext3d,3d_level_stack,left_neural_foraminal_narrowing,5,val_accuracy_overall,0.7726436097114062,0.004901928649407727,0.7726 ± 0.0049
nas_best_convnext3d_3d,ConvNeXt 3D,convnext3d,3d_level_stack,left_neural_foraminal_narrowing,5,test_accuracy_overall,0.7720012870012869,0.008220812019228703,0.7720 ± 0.0082
nas_best_convnext3d_3d,ConvNeXt 3D,convnext3d,3d_level_stack,left_neural_foraminal_narrowing,5,train_f1_macro_overall,0.2922227879823922,0.0004951721866624042,0.2922 ± 0.0005
nas_best_convnext3d_3d,ConvNeXt 3D,convnext3d,3d_level_stack,left_neural_foraminal_narrowing,5,val_f1_macro_overall,0.2905782330099923,0.001043452699355803,0.2906 ± 0.0010
nas_best_convnext3d_3d,ConvNeXt 3D,convnext3d,3d_level_stack,left_neural_foraminal_narrowing,5,test_f1_macro_overall,0.29043774311065756,0.0017440657675032321,0.2904 ± 0.0017
nas_best_convnext3d_3d,ConvNeXt 3D,convnext3d,3d_level_stack,left_subarticular_stenosis,5,train_acc,0.6960639627084955,0.00596881559389647,0.6961 ± 0.0060
nas_best_convnext3d_3d,ConvNeXt 3D,convnext3d,3d_level_stack,left_subarticular_stenosis,5,val_acc,0.7225440438053472,0.008077709218155121,0.7225 ± 0.0081
nas_best_convnext3d_3d,ConvNeXt 3D,convnext3d,3d_level_stack,left_subarticular_stenosis,5,test_acc,0.7222554206917609,0.015886648362258723,0.7223 ± 0.0159
nas_best_convnext3d_3d,ConvNeXt 3D,convnext3d,3d_level_stack,left_subarticular_stenosis,5,train_accuracy_overall,0.7256986505660554,0.003538167699941474,0.7257 ± 0.0035
nas_best_convnext3d_3d,ConvNeXt 3D,convnext3d,3d_level_stack,left_subarticular_stenosis,5,val_accuracy_overall,0.7225440376941694,0.00807770817083095,0.7225 ± 0.0081
nas_best_convnext3d_3d,ConvNeXt 3D,convnext3d,3d_level_stack,left_subarticular_stenosis,5,test_accuracy_overall,0.7222554120101986,0.01588664821518307,0.7223 ± 0.0159
nas_best_convnext3d_3d,ConvNeXt 3D,convnext3d,3d_level_stack,left_subarticular_stenosis,5,train_f1_macro_overall,0.28034840170539266,0.0007920299624677024,0.2803 ± 0.0008
nas_best_convnext3d_3d,ConvNeXt 3D,convnext3d,3d_level_stack,left_subarticular_stenosis,5,val_f1_macro_overall,0.2796353796784502,0.0018212479937404025,0.2796 ± 0.0018
nas_best_convnext3d_3d,ConvNeXt 3D,convnext3d,3d_level_stack,left_subarticular_stenosis,5,test_f1_macro_overall,0.2795508167629811,0.0035959465229943558,0.2796 ± 0.0036
nas_best_convnext3d_3d,ConvNeXt 3D,convnext3d,3d_level_stack,right_neural_foraminal_narrowing,5,train_acc,0.765532189760027,0.004198427678401152,0.7655 ± 0.0042
nas_best_convnext3d_3d,ConvNeXt 3D,convnext3d,3d_level_stack,right_neural_foraminal_narrowing,5,val_acc,0.7772325700736167,0.010369783787271993,0.7772 ± 0.0104
nas_best_convnext3d_3d,ConvNeXt 3D,convnext3d,3d_level_stack,right_neural_foraminal_narrowing,5,test_acc,0.7725372380172753,0.008962755772667027,0.7725 ± 0.0090
nas_best_convnext3d_3d,ConvNeXt 3D,convnext3d,3d_level_stack,right_neural_foraminal_narrowing,5,train_accuracy_overall,0.7847439642670715,0.0019581710707925063,0.7847 ± 0.0020
nas_best_convnext3d_3d,ConvNeXt 3D,convnext3d,3d_level_stack,right_neural_foraminal_narrowing,5,val_accuracy_overall,0.7772325639371644,0.010369784231829075,0.7772 ± 0.0104
nas_best_convnext3d_3d,ConvNeXt 3D,convnext3d,3d_level_stack,right_neural_foraminal_narrowing,5,test_accuracy_overall,0.7725372311086597,0.008962756158112472,0.7725 ± 0.0090
nas_best_convnext3d_3d,ConvNeXt 3D,convnext3d,3d_level_stack,right_neural_foraminal_narrowing,5,train_f1_macro_overall,0.29313000157426444,0.00040968691611162984,0.2931 ± 0.0004
nas_best_convnext3d_3d,ConvNeXt 3D,convnext3d,3d_level_stack,right_neural_foraminal_narrowing,5,val_f1_macro_overall,0.2915414196730258,0.002186387778095727,0.2915 ± 0.0022
nas_best_convnext3d_3d,ConvNeXt 3D,convnext3d,3d_level_stack,right_neural_foraminal_narrowing,5,test_f1_macro_overall,0.29055029927579684,0.0018964344469069852,0.2906 ± 0.0019
nas_best_convnext3d_3d,ConvNeXt 3D,convnext3d,3d_level_stack,right_subarticular_stenosis,5,train_acc,0.6990031175758651,0.007256113818854933,0.6990 ± 0.0073
nas_best_convnext3d_3d,ConvNeXt 3D,convnext3d,3d_level_stack,right_subarticular_stenosis,5,val_acc,0.7206321529631803,0.01409448635739831,0.7206 ± 0.0141
nas_best_convnext3d_3d,ConvNeXt 3D,convnext3d,3d_level_stack,right_subarticular_stenosis,5,test_acc,0.7165922725358025,0.004730332743859272,0.7166 ± 0.0047
nas_best_convnext3d_3d,ConvNeXt 3D,convnext3d,3d_level_stack,right_subarticular_stenosis,5,train_accuracy_overall,0.7225818946401753,0.0036016694408699157,0.7226 ± 0.0036
nas_best_convnext3d_3d,ConvNeXt 3D,convnext3d,3d_level_stack,right_subarticular_stenosis,5,val_accuracy_overall,0.7206321462319119,0.014094486926718316,0.7206 ± 0.0141
nas_best_convnext3d_3d,ConvNeXt 3D,convnext3d,3d_level_stack,right_subarticular_stenosis,5,test_accuracy_overall,0.7165922665930827,0.00473033237261336,0.7166 ± 0.0047
nas_best_convnext3d_3d,ConvNeXt 3D,convnext3d,3d_level_stack,right_subarticular_stenosis,5,train_f1_macro_overall,0.2796493671097545,0.0008074257299337784,0.2796 ± 0.0008
nas_best_convnext3d_3d,ConvNeXt 3D,convnext3d,3d_level_stack,right_subarticular_stenosis,5,val_f1_macro_overall,0.2791912692596394,0.0031890771890720647,0.2792 ± 0.0032
nas_best_convnext3d_3d,ConvNeXt 3D,convnext3d,3d_level_stack,right_subarticular_stenosis,5,test_f1_macro_overall,0.278297958564954,0.0010713454294195048,0.2783 ± 0.0011
nas_best_convnext3d_3d,ConvNeXt 3D,convnext3d,3d_level_stack,spinal_canal_stenosis,5,train_acc,0.8622888912642817,0.0064530785659447365,0.8623 ± 0.0065
nas_best_convnext3d_3d,ConvNeXt 3D,convnext3d,3d_level_stack,spinal_canal_stenosis,5,val_acc,0.8730040787439318,0.004462222824874156,0.8730 ± 0.0045
nas_best_convnext3d_3d,ConvNeXt 3D,convnext3d,3d_level_stack,spinal_canal_stenosis,5,test_acc,0.8806473984675696,0.007561378318953633,0.8806 ± 0.0076
nas_best_convnext3d_3d,ConvNeXt 3D,convnext3d,3d_level_stack,spinal_canal_stenosis,5,train_accuracy_overall,0.8782722370941315,0.0010682053653727943,0.8783 ± 0.0011
nas_best_convnext3d_3d,ConvNeXt 3D,convnext3d,3d_level_stack,spinal_canal_stenosis,5,val_accuracy_overall,0.8730040750188671,0.004462223194495161,0.8730 ± 0.0045
nas_best_convnext3d_3d,ConvNeXt 3D,convnext3d,3d_level_stack,spinal_canal_stenosis,5,test_accuracy_overall,0.8806473930950283,0.0075613775684815416,0.8806 ± 0.0076
nas_best_convnext3d_3d,ConvNeXt 3D,convnext3d,3d_level_stack,spinal_canal_stenosis,5,train_f1_macro_overall,0.3117304513448851,0.0002018707394772963,0.3117 ± 0.0002
nas_best_convnext3d_3d,ConvNeXt 3D,convnext3d,3d_level_stack,spinal_canal_stenosis,5,val_f1_macro_overall,0.3107306062830309,0.0008473589747418499,0.3107 ± 0.0008
nas_best_convnext3d_3d,ConvNeXt 3D,convnext3d,3d_level_stack,spinal_canal_stenosis,5,test_f1_macro_overall,0.3121742050946209,0.0014311360755257711,0.3122 ± 0.0014
nas_best_convnext_2d,ConvNeXt 2D,convnext,2d,left_neural_foraminal_narrowing,5,train_acc,0.8809239566685045,0.02239868082625294,0.8809 ± 0.0224
nas_best_convnext_2d,ConvNeXt 2D,convnext,2d,left_neural_foraminal_narrowing,5,val_acc,0.8490174159149593,0.0025370797853751063,0.8490 ± 0.0025
nas_best_convnext_2d,ConvNeXt 2D,convnext,2d,left_neural_foraminal_narrowing,5,test_acc,0.8479086353073534,0.010453963845123516,0.8479 ± 0.0105
nas_best_convnext_2d,ConvNeXt 2D,convnext,2d,left_neural_foraminal_narrowing,5,train_accuracy_overall,0.8945951979520782,0.022698509590807832,0.8946 ± 0.0227
nas_best_convnext_2d,ConvNeXt 2D,convnext,2d,left_neural_foraminal_narrowing,5,val_accuracy_overall,0.8490174072377462,0.0025370828904159692,0.8490 ± 0.0025
nas_best_convnext_2d,ConvNeXt 2D,convnext,2d,left_neural_foraminal_narrowing,5,test_accuracy_overall,0.8479086229086228,0.010453964546017453,0.8479 ± 0.0105
nas_best_convnext_2d,ConvNeXt 2D,convnext,2d,left_neural_foraminal_narrowing,5,train_f1_macro_overall,0.7940142179789837,0.054874397017253065,0.7940 ± 0.0549
nas_best_convnext_2d,ConvNeXt 2D,convnext,2d,left_neural_foraminal_narrowing,5,val_f1_macro_overall,0.6867374656646945,0.020267741148566765,0.6867 ± 0.0203
nas_best_convnext_2d,ConvNeXt 2D,convnext,2d,left_neural_foraminal_narrowing,5,test_f1_macro_overall,0.6853975866533413,0.027932743582737833,0.6854 ± 0.0279
nas_best_convnext_2d,ConvNeXt 2D,convnext,2d,left_subarticular_stenosis,5,train_acc,0.8820614983468991,0.04662564349256094,0.8821 ± 0.0466
nas_best_convnext_2d,ConvNeXt 2D,convnext,2d,left_subarticular_stenosis,5,val_acc,0.8480377766122652,0.010557030764812547,0.8480 ± 0.0106
nas_best_convnext_2d,ConvNeXt 2D,convnext,2d,left_subarticular_stenosis,5,test_acc,0.8336605366778507,0.012737043612787248,0.8337 ± 0.0127
nas_best_convnext_2d,ConvNeXt 2D,convnext,2d,left_subarticular_stenosis,5,train_accuracy_overall,0.8885793298202241,0.04831856300212573,0.8886 ± 0.0483
nas_best_convnext_2d,ConvNeXt 2D,convnext,2d,left_subarticular_stenosis,5,val_accuracy_overall,0.8480377645636645,0.010557028974688352,0.8480 ± 0.0106
nas_best_convnext_2d,ConvNeXt 2D,convnext,2d,left_subarticular_stenosis,5,test_accuracy_overall,0.8336605315102842,0.012737042441935183,0.8337 ± 0.0127
nas_best_convnext_2d,ConvNeXt 2D,convnext,2d,left_subarticular_stenosis,5,train_f1_macro_overall,0.8102007940613275,0.08775920592503289,0.8102 ± 0.0878
nas_best_convnext_2d,ConvNeXt 2D,convnext,2d,left_subarticular_stenosis,5,val_f1_macro_overall,0.7345779386350249,0.009993968292355345,0.7346 ± 0.0100
nas_best_convnext_2d,ConvNeXt 2D,convnext,2d,left_subarticular_stenosis,5,test_f1_macro_overall,0.7139855135758602,0.024753041500782648,0.7140 ± 0.0248
nas_best_convnext_2d,ConvNeXt 2D,convnext,2d,right_neural_foraminal_narrowing,5,train_acc,0.8823630276374109,0.008798172092169352,0.8824 ± 0.0088
nas_best_convnext_2d,ConvNeXt 2D,convnext,2d,right_neural_foraminal_narrowing,5,val_acc,0.854967240048967,0.00633243706492582,0.8550 ± 0.0063
nas_best_convnext_2d,ConvNeXt 2D,convnext,2d,right_neural_foraminal_narrowing,5,test_acc,0.8471024169994641,0.009752238618150421,0.8471 ± 0.0098
nas_best_convnext_2d,ConvNeXt 2D,convnext,2d,right_neural_foraminal_narrowing,5,train_accuracy_overall,0.8918524040041328,0.011362946790845289,0.8919 ± 0.0114
nas_best_convnext_2d,ConvNeXt 2D,convnext,2d,right_neural_foraminal_narrowing,5,val_accuracy_overall,0.8549672360011342,0.006332430827479834,0.8550 ± 0.0063
nas_best_convnext_2d,ConvNeXt 2D,convnext,2d,right_neural_foraminal_narrowing,5,test_accuracy_overall,0.84710240853098,0.009752243489194077,0.8471 ± 0.0098
nas_best_convnext_2d,ConvNeXt 2D,convnext,2d,right_neural_foraminal_narrowing,5,train_f1_macro_overall,0.7710503582533322,0.04240508328805295,0.7711 ± 0.0424
nas_best_convnext_2d,ConvNeXt 2D,convnext,2d,right_neural_foraminal_narrowing,5,val_f1_macro_overall,0.6861714113023656,0.005752913316070984,0.6862 ± 0.0058
nas_best_convnext_2d,ConvNeXt 2D,convnext,2d,right_neural_foraminal_narrowing,5,test_f1_macro_overall,0.6711080520770271,0.012433954175927728,0.6711 ± 0.0124
nas_best_convnext_2d,ConvNeXt 2D,convnext,2d,right_subarticular_stenosis,5,train_acc,0.8315709907027411,0.010348067682520602,0.8316 ± 0.0103
nas_best_convnext_2d,ConvNeXt 2D,convnext,2d,right_subarticular_stenosis,5,val_acc,0.8326023462589104,0.0025765393229514244,0.8326 ± 0.0026
nas_best_convnext_2d,ConvNeXt 2D,convnext,2d,right_subarticular_stenosis,5,test_acc,0.821879189470609,0.005716030684307494,0.8219 ± 0.0057
nas_best_convnext_2d,ConvNeXt 2D,convnext,2d,right_subarticular_stenosis,5,train_accuracy_overall,0.8424199964055876,0.01536463043603085,0.8424 ± 0.0154
nas_best_convnext_2d,ConvNeXt 2D,convnext,2d,right_subarticular_stenosis,5,val_accuracy_overall,0.8326023414707133,0.00257653581734499,0.8326 ± 0.0026
nas_best_convnext_2d,ConvNeXt 2D,convnext,2d,right_subarticular_stenosis,5,test_accuracy_overall,0.8218791845230218,0.005716036623087155,0.8219 ± 0.0057
nas_best_convnext_2d,ConvNeXt 2D,convnext,2d,right_subarticular_stenosis,5,train_f1_macro_overall,0.7195437551262558,0.032503380413341325,0.7195 ± 0.0325
nas_best_convnext_2d,ConvNeXt 2D,convnext,2d,right_subarticular_stenosis,5,val_f1_macro_overall,0.7116389892019406,0.01481358786914468,0.7116 ± 0.0148
nas_best_convnext_2d,ConvNeXt 2D,convnext,2d,right_subarticular_stenosis,5,test_f1_macro_overall,0.6970717513667277,0.014644719964793296,0.6971 ± 0.0146
nas_best_convnext_2d,ConvNeXt 2D,convnext,2d,spinal_canal_stenosis,5,train_acc,0.9537259025869617,0.02797504716824946,0.9537 ± 0.0280
nas_best_convnext_2d,ConvNeXt 2D,convnext,2d,spinal_canal_stenosis,5,val_acc,0.9206004704180348,0.006892790579917189,0.9206 ± 0.0069
nas_best_convnext_2d,ConvNeXt 2D,convnext,2d,spinal_canal_stenosis,5,test_acc,0.9247580844187551,0.005408477287395123,0.9248 ± 0.0054
nas_best_convnext_2d,ConvNeXt 2D,convnext,2d,spinal_canal_stenosis,5,train_accuracy_overall,0.9607463736858961,0.024668481614628784,0.9607 ± 0.0247
nas_best_convnext_2d,ConvNeXt 2D,convnext,2d,spinal_canal_stenosis,5,val_accuracy_overall,0.920600454864702,0.006892798190355463,0.9206 ± 0.0069
nas_best_convnext_2d,ConvNeXt 2D,convnext,2d,spinal_canal_stenosis,5,test_accuracy_overall,0.9247580786488674,0.005408470349090579,0.9248 ± 0.0054
nas_best_convnext_2d,ConvNeXt 2D,convnext,2d,spinal_canal_stenosis,5,train_f1_macro_overall,0.8494129328011628,0.09776716153088322,0.8494 ± 0.0978
nas_best_convnext_2d,ConvNeXt 2D,convnext,2d,spinal_canal_stenosis,5,val_f1_macro_overall,0.700922483915134,0.031151768972417528,0.7009 ± 0.0312
nas_best_convnext_2d,ConvNeXt 2D,convnext,2d,spinal_canal_stenosis,5,test_f1_macro_overall,0.7036857338882143,0.013598247287311477,0.7037 ± 0.0136
nas_best_efficientnet3d_3d,EfficientNet 3D,efficientnet3d,3d_level_stack,left_neural_foraminal_narrowing,5,train_acc,0.8052632506415407,0.030176737606770157,0.8053 ± 0.0302
nas_best_efficientnet3d_3d,EfficientNet 3D,efficientnet3d,3d_level_stack,left_neural_foraminal_narrowing,5,val_acc,0.8066422453671489,0.030786852041454406,0.8066 ± 0.0308
nas_best_efficientnet3d_3d,EfficientNet 3D,efficientnet3d,3d_level_stack,left_neural_foraminal_narrowing,5,test_acc,0.7975905584136141,0.024541427767577083,0.7976 ± 0.0245
nas_best_efficientnet3d_3d,EfficientNet 3D,efficientnet3d,3d_level_stack,left_neural_foraminal_narrowing,5,train_accuracy_overall,0.8154288628155169,0.03312319925787101,0.8154 ± 0.0331
nas_best_efficientnet3d_3d,EfficientNet 3D,efficientnet3d,3d_level_stack,left_neural_foraminal_narrowing,5,val_accuracy_overall,0.8066422354557947,0.030786849625767092,0.8066 ± 0.0308
nas_best_efficientnet3d_3d,EfficientNet 3D,efficientnet3d,3d_level_stack,left_neural_foraminal_narrowing,5,test_accuracy_overall,0.7975905497334068,0.024541427510833373,0.7976 ± 0.0245
nas_best_efficientnet3d_3d,EfficientNet 3D,efficientnet3d,3d_level_stack,left_neural_foraminal_narrowing,5,train_f1_macro_overall,0.46399490123133635,0.15834418961097216,0.4640 ± 0.1583
nas_best_efficientnet3d_3d,EfficientNet 3D,efficientnet3d,3d_level_stack,left_neural_foraminal_narrowing,5,val_f1_macro_overall,0.4485576754977352,0.1468582237822987,0.4486 ± 0.1469
nas_best_efficientnet3d_3d,EfficientNet 3D,efficientnet3d,3d_level_stack,left_neural_foraminal_narrowing,5,test_f1_macro_overall,0.42846896947649205,0.1277077338435918,0.4285 ± 0.1277
nas_best_efficientnet3d_3d,EfficientNet 3D,efficientnet3d,3d_level_stack,left_subarticular_stenosis,5,train_acc,0.7298522266366441,0.016260855064671627,0.7299 ± 0.0163
nas_best_efficientnet3d_3d,EfficientNet 3D,efficientnet3d,3d_level_stack,left_subarticular_stenosis,5,val_acc,0.7347875883756398,0.007163575074161815,0.7348 ± 0.0072
nas_best_efficientnet3d_3d,EfficientNet 3D,efficientnet3d,3d_level_stack,left_subarticular_stenosis,5,test_acc,0.7334280259806977,0.02281736421534069,0.7334 ± 0.0228
nas_best_efficientnet3d_3d,EfficientNet 3D,efficientnet3d,3d_level_stack,left_subarticular_stenosis,5,train_accuracy_overall,0.7380666860975776,0.015549967554916118,0.7381 ± 0.0155
nas_best_efficientnet3d_3d,EfficientNet 3D,efficientnet3d,3d_level_stack,left_subarticular_stenosis,5,val_accuracy_overall,0.7347875795553584,0.007163574617472439,0.7348 ± 0.0072
nas_best_efficientnet3d_3d,EfficientNet 3D,efficientnet3d,3d_level_stack,left_subarticular_stenosis,5,test_accuracy_overall,0.7334280185790316,0.022817364247143524,0.7334 ± 0.0228
nas_best_efficientnet3d_3d,EfficientNet 3D,efficientnet3d,3d_level_stack,left_subarticular_stenosis,5,train_f1_macro_overall,0.37500623818782775,0.09638256089788633,0.3750 ± 0.0964
nas_best_efficientnet3d_3d,EfficientNet 3D,efficientnet3d,3d_level_stack,left_subarticular_stenosis,5,val_f1_macro_overall,0.3697488635032536,0.09216291273441332,0.3697 ± 0.0922
nas_best_efficientnet3d_3d,EfficientNet 3D,efficientnet3d,3d_level_stack,left_subarticular_stenosis,5,test_f1_macro_overall,0.3681544516744005,0.08955352302349852,0.3682 ± 0.0896
nas_best_efficientnet3d_3d,EfficientNet 3D,efficientnet3d,3d_level_stack,right_neural_foraminal_narrowing,5,train_acc,0.763932166246022,0.004480628180514607,0.7639 ± 0.0045
nas_best_efficientnet3d_3d,EfficientNet 3D,efficientnet3d,3d_level_stack,right_neural_foraminal_narrowing,5,val_acc,0.7772325700736167,0.010369783787271993,0.7772 ± 0.0104
nas_best_efficientnet3d_3d,EfficientNet 3D,efficientnet3d,3d_level_stack,right_neural_foraminal_narrowing,5,test_acc,0.7725372380172753,0.008962755772667027,0.7725 ± 0.0090
nas_best_efficientnet3d_3d,EfficientNet 3D,efficientnet3d,3d_level_stack,right_neural_foraminal_narrowing,5,train_accuracy_overall,0.7847439642670715,0.0019581710707925063,0.7847 ± 0.0020
nas_best_efficientnet3d_3d,EfficientNet 3D,efficientnet3d,3d_level_stack,right_neural_foraminal_narrowing,5,val_accuracy_overall,0.7772325639371644,0.010369784231829075,0.7772 ± 0.0104
nas_best_efficientnet3d_3d,EfficientNet 3D,efficientnet3d,3d_level_stack,right_neural_foraminal_narrowing,5,test_accuracy_overall,0.7725372311086597,0.008962756158112472,0.7725 ± 0.0090
nas_best_efficientnet3d_3d,EfficientNet 3D,efficientnet3d,3d_level_stack,right_neural_foraminal_narrowing,5,train_f1_macro_overall,0.29313000157426444,0.00040968691611162984,0.2931 ± 0.0004
nas_best_efficientnet3d_3d,EfficientNet 3D,efficientnet3d,3d_level_stack,right_neural_foraminal_narrowing,5,val_f1_macro_overall,0.2915414196730258,0.002186387778095727,0.2915 ± 0.0022
nas_best_efficientnet3d_3d,EfficientNet 3D,efficientnet3d,3d_level_stack,right_neural_foraminal_narrowing,5,test_f1_macro_overall,0.29055029927579684,0.0018964344469069852,0.2906 ± 0.0019
nas_best_efficientnet3d_3d,EfficientNet 3D,efficientnet3d,3d_level_stack,right_subarticular_stenosis,5,train_acc,0.7980833917725321,0.024698465066187027,0.7981 ± 0.0247
nas_best_efficientnet3d_3d,EfficientNet 3D,efficientnet3d,3d_level_stack,right_subarticular_stenosis,5,val_acc,0.8101925680314238,0.010437420156270949,0.8102 ± 0.0104
nas_best_efficientnet3d_3d,EfficientNet 3D,efficientnet3d,3d_level_stack,right_subarticular_stenosis,5,test_acc,0.7926300682059099,0.0168975963271141,0.7926 ± 0.0169
nas_best_efficientnet3d_3d,EfficientNet 3D,efficientnet3d,3d_level_stack,right_subarticular_stenosis,5,train_accuracy_overall,0.817483028234574,0.024226001745944317,0.8175 ± 0.0242
nas_best_efficientnet3d_3d,EfficientNet 3D,efficientnet3d,3d_level_stack,right_subarticular_stenosis,5,val_accuracy_overall,0.8101925579233076,0.010437418894462102,0.8102 ± 0.0104
nas_best_efficientnet3d_3d,EfficientNet 3D,efficientnet3d,3d_level_stack,right_subarticular_stenosis,5,test_accuracy_overall,0.7926300538163066,0.01689759556889961,0.7926 ± 0.0169
nas_best_efficientnet3d_3d,EfficientNet 3D,efficientnet3d,3d_level_stack,right_subarticular_stenosis,5,train_f1_macro_overall,0.6741449811636012,0.04480802124584902,0.6741 ± 0.0448
nas_best_efficientnet3d_3d,EfficientNet 3D,efficientnet3d,3d_level_stack,right_subarticular_stenosis,5,val_f1_macro_overall,0.6725916192936301,0.014361308851303883,0.6726 ± 0.0144
nas_best_efficientnet3d_3d,EfficientNet 3D,efficientnet3d,3d_level_stack,right_subarticular_stenosis,5,test_f1_macro_overall,0.6477675771280329,0.03294180853400726,0.6478 ± 0.0329
nas_best_efficientnet3d_3d,EfficientNet 3D,efficientnet3d,3d_level_stack,spinal_canal_stenosis,5,train_acc,0.8386893211041112,0.005414396612937388,0.8387 ± 0.0054
nas_best_efficientnet3d_3d,EfficientNet 3D,efficientnet3d,3d_level_stack,spinal_canal_stenosis,5,val_acc,0.8730040787439318,0.004462222824874156,0.8730 ± 0.0045
nas_best_efficientnet3d_3d,EfficientNet 3D,efficientnet3d,3d_level_stack,spinal_canal_stenosis,5,test_acc,0.8806473984675696,0.007561378318953633,0.8806 ± 0.0076
nas_best_efficientnet3d_3d,EfficientNet 3D,efficientnet3d,3d_level_stack,spinal_canal_stenosis,5,train_accuracy_overall,0.8782722370941315,0.0010682053653727943,0.8783 ± 0.0011
nas_best_efficientnet3d_3d,EfficientNet 3D,efficientnet3d,3d_level_stack,spinal_canal_stenosis,5,val_accuracy_overall,0.8730040750188671,0.004462223194495161,0.8730 ± 0.0045
nas_best_efficientnet3d_3d,EfficientNet 3D,efficientnet3d,3d_level_stack,spinal_canal_stenosis,5,test_accuracy_overall,0.8806473930950283,0.0075613775684815416,0.8806 ± 0.0076
nas_best_efficientnet3d_3d,EfficientNet 3D,efficientnet3d,3d_level_stack,spinal_canal_stenosis,5,train_f1_macro_overall,0.3117304513448851,0.0002018707394772963,0.3117 ± 0.0002
nas_best_efficientnet3d_3d,EfficientNet 3D,efficientnet3d,3d_level_stack,spinal_canal_stenosis,5,val_f1_macro_overall,0.3107306062830309,0.0008473589747418499,0.3107 ± 0.0008
nas_best_efficientnet3d_3d,EfficientNet 3D,efficientnet3d,3d_level_stack,spinal_canal_stenosis,5,test_f1_macro_overall,0.3121742050946209,0.0014311360755257711,0.3122 ± 0.0014
nas_best_efficientnet_2d,EfficientNet 2D,efficientnet,2d,left_neural_foraminal_narrowing,5,train_acc,0.8815098556147888,0.015572196726805945,0.8815 ± 0.0156
nas_best_efficientnet_2d,EfficientNet 2D,efficientnet,2d,left_neural_foraminal_narrowing,5,val_acc,0.8399432146401782,0.006788579297785302,0.8399 ± 0.0068
nas_best_efficientnet_2d,EfficientNet 2D,efficientnet,2d,left_neural_foraminal_narrowing,5,test_acc,0.8326071042483246,0.006721413549331124,0.8326 ± 0.0067
nas_best_efficientnet_2d,EfficientNet 2D,efficientnet,2d,left_neural_foraminal_narrowing,5,train_accuracy_overall,0.8938483912881127,0.016893666932282836,0.8938 ± 0.0169
nas_best_efficientnet_2d,EfficientNet 2D,efficientnet,2d,left_neural_foraminal_narrowing,5,val_accuracy_overall,0.8399431974347229,0.006788582855710204,0.8399 ± 0.0068
nas_best_efficientnet_2d,EfficientNet 2D,efficientnet,2d,left_neural_foraminal_narrowing,5,test_accuracy_overall,0.8326070968928111,0.006721413272227799,0.8326 ± 0.0067
nas_best_efficientnet_2d,EfficientNet 2D,efficientnet,2d,left_neural_foraminal_narrowing,5,train_f1_macro_overall,0.7936350519026827,0.03769863833390142,0.7936 ± 0.0377
nas_best_efficientnet_2d,EfficientNet 2D,efficientnet,2d,left_neural_foraminal_narrowing,5,val_f1_macro_overall,0.6599989381755518,0.03592845426588524,0.6600 ± 0.0359
nas_best_efficientnet_2d,EfficientNet 2D,efficientnet,2d,left_neural_foraminal_narrowing,5,test_f1_macro_overall,0.6531186730184947,0.013627246376656944,0.6531 ± 0.0136
nas_best_efficientnet_2d,EfficientNet 2D,efficientnet,2d,left_subarticular_stenosis,5,train_acc,0.8796128486410009,0.031596560999125625,0.8796 ± 0.0316
nas_best_efficientnet_2d,EfficientNet 2D,efficientnet,2d,left_subarticular_stenosis,5,val_acc,0.8251704240847682,0.012132567185796668,0.8252 ± 0.0121
nas_best_efficientnet_2d,EfficientNet 2D,efficientnet,2d,left_subarticular_stenosis,5,test_acc,0.8131165531413151,0.011002029000340053,0.8131 ± 0.0110
nas_best_efficientnet_2d,EfficientNet 2D,efficientnet,2d,left_subarticular_stenosis,5,train_accuracy_overall,0.8807549818320342,0.03209305803867346,0.8808 ± 0.0321
nas_best_efficientnet_2d,EfficientNet 2D,efficientnet,2d,left_subarticular_stenosis,5,val_accuracy_overall,0.8251704138218624,0.012132578320047334,0.8252 ± 0.0121
nas_best_efficientnet_2d,EfficientNet 2D,efficientnet,2d,left_subarticular_stenosis,5,test_accuracy_overall,0.8131165451318623,0.011002038965832224,0.8131 ± 0.0110
nas_best_efficientnet_2d,EfficientNet 2D,efficientnet,2d,left_subarticular_stenosis,5,train_f1_macro_overall,0.7991005487059251,0.0547865767718525,0.7991 ± 0.0548
nas_best_efficientnet_2d,EfficientNet 2D,efficientnet,2d,left_subarticular_stenosis,5,val_f1_macro_overall,0.7011629495423266,0.016422724407696196,0.7012 ± 0.0164
nas_best_efficientnet_2d,EfficientNet 2D,efficientnet,2d,left_subarticular_stenosis,5,test_f1_macro_overall,0.6813865551534911,0.021517065185624074,0.6814 ± 0.0215
nas_best_efficientnet_2d,EfficientNet 2D,efficientnet,2d,right_neural_foraminal_narrowing,5,train_acc,0.9181012758907812,0.02555054123512608,0.9181 ± 0.0256
nas_best_efficientnet_2d,EfficientNet 2D,efficientnet,2d,right_neural_foraminal_narrowing,5,val_acc,0.8431788222071488,0.010179625679007728,0.8432 ± 0.0102
nas_best_efficientnet_2d,EfficientNet 2D,efficientnet,2d,right_neural_foraminal_narrowing,5,test_acc,0.8434427282985112,0.0058952939809463634,0.8434 ± 0.0059
nas_best_efficientnet_2d,EfficientNet 2D,efficientnet,2d,right_neural_foraminal_narrowing,5,train_accuracy_overall,0.9262819978165433,0.025312858070752377,0.9263 ± 0.0253
nas_best_efficientnet_2d,EfficientNet 2D,efficientnet,2d,right_neural_foraminal_narrowing,5,val_accuracy_overall,0.8431788090407946,0.010179625904100525,0.8432 ± 0.0102
nas_best_efficientnet_2d,EfficientNet 2D,efficientnet,2d,right_neural_foraminal_narrowing,5,test_accuracy_overall,0.8434427284427285,0.0058952965559266775,0.8434 ± 0.0059
nas_best_efficientnet_2d,EfficientNet 2D,efficientnet,2d,right_neural_foraminal_narrowing,5,train_f1_macro_overall,0.8451437513201961,0.051554082055333995,0.8451 ± 0.0516
nas_best_efficientnet_2d,EfficientNet 2D,efficientnet,2d,right_neural_foraminal_narrowing,5,val_f1_macro_overall,0.667246337948322,0.018430054216938135,0.6672 ± 0.0184
nas_best_efficientnet_2d,EfficientNet 2D,efficientnet,2d,right_neural_foraminal_narrowing,5,test_f1_macro_overall,0.6628902199164383,0.024154332298970422,0.6629 ± 0.0242
nas_best_efficientnet_2d,EfficientNet 2D,efficientnet,2d,right_subarticular_stenosis,5,train_acc,0.8664000568517565,0.027657937228787798,0.8664 ± 0.0277
nas_best_efficientnet_2d,EfficientNet 2D,efficientnet,2d,right_subarticular_stenosis,5,val_acc,0.8055548390982994,0.006850338349678197,0.8056 ± 0.0069
nas_best_efficientnet_2d,EfficientNet 2D,efficientnet,2d,right_subarticular_stenosis,5,test_acc,0.800740451669103,0.007874057472141082,0.8007 ± 0.0079
nas_best_efficientnet_2d,EfficientNet 2D,efficientnet,2d,right_subarticular_stenosis,5,train_accuracy_overall,0.8679601426196426,0.026746557409443362,0.8680 ± 0.0267
nas_best_efficientnet_2d,EfficientNet 2D,efficientnet,2d,right_subarticular_stenosis,5,val_accuracy_overall,0.8055548283672304,0.006850344074029957,0.8056 ± 0.0069
nas_best_efficientnet_2d,EfficientNet 2D,efficientnet,2d,right_subarticular_stenosis,5,test_accuracy_overall,0.8007404340178896,0.007874064439709744,0.8007 ± 0.0079
nas_best_efficientnet_2d,EfficientNet 2D,efficientnet,2d,right_subarticular_stenosis,5,train_f1_macro_overall,0.7784469956526782,0.04556257175084487,0.7784 ± 0.0456
nas_best_efficientnet_2d,EfficientNet 2D,efficientnet,2d,right_subarticular_stenosis,5,val_f1_macro_overall,0.6660722044565444,0.01348622179341408,0.6661 ± 0.0135
nas_best_efficientnet_2d,EfficientNet 2D,efficientnet,2d,right_subarticular_stenosis,5,test_f1_macro_overall,0.6622931112283437,0.01921127131802697,0.6623 ± 0.0192
nas_best_efficientnet_2d,EfficientNet 2D,efficientnet,2d,spinal_canal_stenosis,5,train_acc,0.9548836240189946,0.011208189062971797,0.9549 ± 0.0112
nas_best_efficientnet_2d,EfficientNet 2D,efficientnet,2d,spinal_canal_stenosis,5,val_acc,0.915111782849736,0.00447837910367816,0.9151 ± 0.0045
nas_best_efficientnet_2d,EfficientNet 2D,efficientnet,2d,spinal_canal_stenosis,5,test_acc,0.9202879644523803,0.009279624749009781,0.9203 ± 0.0093
nas_best_efficientnet_2d,EfficientNet 2D,efficientnet,2d,spinal_canal_stenosis,5,train_accuracy_overall,0.9582868092811593,0.009430242042241316,0.9583 ± 0.0094
nas_best_efficientnet_2d,EfficientNet 2D,efficientnet,2d,spinal_canal_stenosis,5,val_accuracy_overall,0.9151117555643531,0.004478383350009885,0.9151 ± 0.0045
nas_best_efficientnet_2d,EfficientNet 2D,efficientnet,2d,spinal_canal_stenosis,5,test_accuracy_overall,0.9202879467406918,0.009279623179040337,0.9203 ± 0.0093
nas_best_efficientnet_2d,EfficientNet 2D,efficientnet,2d,spinal_canal_stenosis,5,train_f1_macro_overall,0.8444633699656945,0.03921803539245252,0.8445 ± 0.0392
nas_best_efficientnet_2d,EfficientNet 2D,efficientnet,2d,spinal_canal_stenosis,5,val_f1_macro_overall,0.6841460256175844,0.026947908297726038,0.6841 ± 0.0269
nas_best_efficientnet_2d,EfficientNet 2D,efficientnet,2d,spinal_canal_stenosis,5,test_f1_macro_overall,0.6865868313062946,0.028220329554364685,0.6866 ± 0.0282
nas_best_vit3d_3d,ViT 3D,vit3d,3d_level_stack,left_neural_foraminal_narrowing,5,train_acc,0.7760170491142315,0.005546430051740708,0.7760 ± 0.0055
nas_best_vit3d_3d,ViT 3D,vit3d,3d_level_stack,left_neural_foraminal_narrowing,5,val_acc,0.7775240717079461,0.005483048438968717,0.7775 ± 0.0055
nas_best_vit3d_3d,ViT 3D,vit3d,3d_level_stack,left_neural_foraminal_narrowing,5,test_acc,0.7657657762730159,0.004585431210634384,0.7658 ± 0.0046
nas_best_vit3d_3d,ViT 3D,vit3d,3d_level_stack,left_neural_foraminal_narrowing,5,train_accuracy_overall,0.7768599448225892,0.007532428261798918,0.7769 ± 0.0075
nas_best_vit3d_3d,ViT 3D,vit3d,3d_level_stack,left_neural_foraminal_narrowing,5,val_accuracy_overall,0.7775240494732021,0.005483039744061142,0.7775 ± 0.0055
nas_best_vit3d_3d,ViT 3D,vit3d,3d_level_stack,left_neural_foraminal_narrowing,5,test_accuracy_overall,0.7657657657657657,0.004585421862950964,0.7658 ± 0.0046
nas_best_vit3d_3d,ViT 3D,vit3d,3d_level_stack,left_neural_foraminal_narrowing,5,train_f1_macro_overall,0.3407387948981401,0.04087679680659902,0.3407 ± 0.0409
nas_best_vit3d_3d,ViT 3D,vit3d,3d_level_stack,left_neural_foraminal_narrowing,5,val_f1_macro_overall,0.35189020376365787,0.04748473124306316,0.3519 ± 0.0475
nas_best_vit3d_3d,ViT 3D,vit3d,3d_level_stack,left_neural_foraminal_narrowing,5,test_f1_macro_overall,0.3328518412439957,0.036973017803041464,0.3329 ± 0.0370
nas_best_vit3d_3d,ViT 3D,vit3d,3d_level_stack,left_subarticular_stenosis,5,train_acc,0.7729168910697711,0.0070511145024281865,0.7729 ± 0.0071
nas_best_vit3d_3d,ViT 3D,vit3d,3d_level_stack,left_subarticular_stenosis,5,val_acc,0.7572015653128317,0.007186847569746495,0.7572 ± 0.0072
nas_best_vit3d_3d,ViT 3D,vit3d,3d_level_stack,left_subarticular_stenosis,5,test_acc,0.745381373936566,0.014586039019445381,0.7454 ± 0.0146
nas_best_vit3d_3d,ViT 3D,vit3d,3d_level_stack,left_subarticular_stenosis,5,train_accuracy_overall,0.7655610211695164,0.009931277852743364,0.7656 ± 0.0099
nas_best_vit3d_3d,ViT 3D,vit3d,3d_level_stack,left_subarticular_stenosis,5,val_accuracy_overall,0.7572015550702995,0.0071868509648379385,0.7572 ± 0.0072
nas_best_vit3d_3d,ViT 3D,vit3d,3d_level_stack,left_subarticular_stenosis,5,test_accuracy_overall,0.7453813617049709,0.014586047737378345,0.7454 ± 0.0146
nas_best_vit3d_3d,ViT 3D,vit3d,3d_level_stack,left_subarticular_stenosis,5,train_f1_macro_overall,0.5095307041254851,0.05384457771958703,0.5095 ± 0.0538
nas_best_vit3d_3d,ViT 3D,vit3d,3d_level_stack,left_subarticular_stenosis,5,val_f1_macro_overall,0.5174622313081927,0.03018008943709645,0.5175 ± 0.0302
nas_best_vit3d_3d,ViT 3D,vit3d,3d_level_stack,left_subarticular_stenosis,5,test_f1_macro_overall,0.5100057067301537,0.033792032305374024,0.5100 ± 0.0338
nas_best_vit3d_3d,ViT 3D,vit3d,3d_level_stack,right_neural_foraminal_narrowing,5,train_acc,0.7878304354819047,0.005762119633460695,0.7878 ± 0.0058
nas_best_vit3d_3d,ViT 3D,vit3d,3d_level_stack,right_neural_foraminal_narrowing,5,val_acc,0.7825216970037367,0.007517200617911134,0.7825 ± 0.0075
nas_best_vit3d_3d,ViT 3D,vit3d,3d_level_stack,right_neural_foraminal_narrowing,5,test_acc,0.7725344857434882,0.009489555474803782,0.7725 ± 0.0095
nas_best_vit3d_3d,ViT 3D,vit3d,3d_level_stack,right_neural_foraminal_narrowing,5,train_accuracy_overall,0.7884130214850276,0.005321740511647211,0.7884 ± 0.0053
nas_best_vit3d_3d,ViT 3D,vit3d,3d_level_stack,right_neural_foraminal_narrowing,5,val_accuracy_overall,0.7825216717928581,0.007517197123360025,0.7825 ± 0.0075
nas_best_vit3d_3d,ViT 3D,vit3d,3d_level_stack,right_neural_foraminal_narrowing,5,test_accuracy_overall,0.7725344732487589,0.00948954505479321,0.7725 ± 0.0095
nas_best_vit3d_3d,ViT 3D,vit3d,3d_level_stack,right_neural_foraminal_narrowing,5,train_f1_macro_overall,0.33910735087303107,0.05408092128377102,0.3391 ± 0.0541
nas_best_vit3d_3d,ViT 3D,vit3d,3d_level_stack,right_neural_foraminal_narrowing,5,val_f1_macro_overall,0.3326346652866182,0.04265282853292661,0.3326 ± 0.0427
nas_best_vit3d_3d,ViT 3D,vit3d,3d_level_stack,right_neural_foraminal_narrowing,5,test_f1_macro_overall,0.3292352910611239,0.049697471543589354,0.3292 ± 0.0497
nas_best_vit3d_3d,ViT 3D,vit3d,3d_level_stack,right_subarticular_stenosis,5,train_acc,0.762324050496062,0.0018299129115066151,0.7623 ± 0.0018
nas_best_vit3d_3d,ViT 3D,vit3d,3d_level_stack,right_subarticular_stenosis,5,val_acc,0.7424728043064024,0.010747041269834022,0.7425 ± 0.0107
nas_best_vit3d_3d,ViT 3D,vit3d,3d_level_stack,right_subarticular_stenosis,5,test_acc,0.735246067041168,0.010371381407380238,0.7352 ± 0.0104
nas_best_vit3d_3d,ViT 3D,vit3d,3d_level_stack,right_subarticular_stenosis,5,train_accuracy_overall,0.7539167094159349,0.01268028067330678,0.7539 ± 0.0127
nas_best_vit3d_3d,ViT 3D,vit3d,3d_level_stack,right_subarticular_stenosis,5,val_accuracy_overall,0.7424727885515295,0.0107470400876914,0.7425 ± 0.0107
nas_best_vit3d_3d,ViT 3D,vit3d,3d_level_stack,right_subarticular_stenosis,5,test_accuracy_overall,0.7352460460134452,0.010371370625020204,0.7352 ± 0.0104
nas_best_vit3d_3d,ViT 3D,vit3d,3d_level_stack,right_subarticular_stenosis,5,train_f1_macro_overall,0.4788642103805244,0.05377234026278692,0.4789 ± 0.0538
nas_best_vit3d_3d,ViT 3D,vit3d,3d_level_stack,right_subarticular_stenosis,5,val_f1_macro_overall,0.4776479246124795,0.04200735106652885,0.4776 ± 0.0420
nas_best_vit3d_3d,ViT 3D,vit3d,3d_level_stack,right_subarticular_stenosis,5,test_f1_macro_overall,0.47579247852439266,0.038815206584623146,0.4758 ± 0.0388
nas_best_vit3d_3d,ViT 3D,vit3d,3d_level_stack,spinal_canal_stenosis,5,train_acc,0.8851053446620828,0.0034412942994777223,0.8851 ± 0.0034
nas_best_vit3d_3d,ViT 3D,vit3d,3d_level_stack,spinal_canal_stenosis,5,val_acc,0.8803056753255996,0.003718893006255583,0.8803 ± 0.0037
nas_best_vit3d_3d,ViT 3D,vit3d,3d_level_stack,spinal_canal_stenosis,5,test_acc,0.8834547076225597,0.00947462316781649,0.8835 ± 0.0095
nas_best_vit3d_3d,ViT 3D,vit3d,3d_level_stack,spinal_canal_stenosis,5,train_accuracy_overall,0.8866384042270784,0.002978864748856555,0.8866 ± 0.0030
nas_best_vit3d_3d,ViT 3D,vit3d,3d_level_stack,spinal_canal_stenosis,5,val_accuracy_overall,0.8803056697164283,0.0037189002366338074,0.8803 ± 0.0037
nas_best_vit3d_3d,ViT 3D,vit3d,3d_level_stack,spinal_canal_stenosis,5,test_accuracy_overall,0.8834546948734341,0.009474626829664662,0.8835 ± 0.0095
nas_best_vit3d_3d,ViT 3D,vit3d,3d_level_stack,spinal_canal_stenosis,5,train_f1_macro_overall,0.4684920652058799,0.03378289271677753,0.4685 ± 0.0338
nas_best_vit3d_3d,ViT 3D,vit3d,3d_level_stack,spinal_canal_stenosis,5,val_f1_macro_overall,0.46791347730697275,0.029598145192896233,0.4679 ± 0.0296
nas_best_vit3d_3d,ViT 3D,vit3d,3d_level_stack,spinal_canal_stenosis,5,test_f1_macro_overall,0.44691411408413567,0.039325395203827454,0.4469 ± 0.0393
nas_best_vit_2d,ViT 2D,vit,2d,left_neural_foraminal_narrowing,5,train_acc,0.7145826645869311,0.024713841659494185,0.7146 ± 0.0247
nas_best_vit_2d,ViT 2D,vit,2d,left_neural_foraminal_narrowing,5,val_acc,0.7726436362777671,0.004901930391931899,0.7726 ± 0.0049
nas_best_vit_2d,ViT 2D,vit,2d,left_neural_foraminal_narrowing,5,test_acc,0.772001292190913,0.008220815932591894,0.7720 ± 0.0082
nas_best_vit_2d,ViT 2D,vit,2d,left_neural_foraminal_narrowing,5,train_accuracy_overall,0.7804206105035122,0.0023537767979477904,0.7804 ± 0.0024
nas_best_vit_2d,ViT 2D,vit,2d,left_neural_foraminal_narrowing,5,val_accuracy_overall,0.7726436097114062,0.004901928649407727,0.7726 ± 0.0049
nas_best_vit_2d,ViT 2D,vit,2d,left_neural_foraminal_narrowing,5,test_accuracy_overall,0.7720012870012869,0.008220812019228703,0.7720 ± 0.0082
nas_best_vit_2d,ViT 2D,vit,2d,left_neural_foraminal_narrowing,5,train_f1_macro_overall,0.2922227879823922,0.0004951721866624042,0.2922 ± 0.0005
nas_best_vit_2d,ViT 2D,vit,2d,left_neural_foraminal_narrowing,5,val_f1_macro_overall,0.2905782330099923,0.001043452699355803,0.2906 ± 0.0010
nas_best_vit_2d,ViT 2D,vit,2d,left_neural_foraminal_narrowing,5,test_f1_macro_overall,0.29043774311065756,0.0017440657675032321,0.2904 ± 0.0017
nas_best_vit_2d,ViT 2D,vit,2d,left_subarticular_stenosis,4,train_acc,0.7331661333746287,0.12921839904856644,0.7332 ± 0.1292
nas_best_vit_2d,ViT 2D,vit,2d,left_subarticular_stenosis,4,val_acc,0.7807177154607678,0.06716271668340645,0.7807 ± 0.0672
nas_best_vit_2d,ViT 2D,vit,2d,left_subarticular_stenosis,4,test_acc,0.7755014180026016,0.0575952889681878,0.7755 ± 0.0576
nas_best_vit_2d,ViT 2D,vit,2d,left_subarticular_stenosis,4,train_accuracy_overall,0.7873902448916327,0.07291883591927768,0.7874 ± 0.0729
nas_best_vit_2d,ViT 2D,vit,2d,left_subarticular_stenosis,4,val_accuracy_overall,0.7807176946553593,0.06716270099124365,0.7807 ± 0.0672
nas_best_vit_2d,ViT 2D,vit,2d,left_subarticular_stenosis,4,test_accuracy_overall,0.7755013976948809,0.05759527805190978,0.7755 ± 0.0576
nas_best_vit_2d,ViT 2D,vit,2d,left_subarticular_stenosis,4,train_f1_macro_overall,0.5090442900606724,0.26449089250885494,0.5090 ± 0.2645
nas_best_vit_2d,ViT 2D,vit,2d,left_subarticular_stenosis,4,val_f1_macro_overall,0.4987888917030911,0.25307715134288994,0.4988 ± 0.2531
nas_best_vit_2d,ViT 2D,vit,2d,left_subarticular_stenosis,4,test_f1_macro_overall,0.4968338644363749,0.25096841065690734,0.4968 ± 0.2510
nas_best_vit_2d,ViT 2D,vit,2d,right_neural_foraminal_narrowing,5,train_acc,0.8745372804572156,0.015231191972559762,0.8745 ± 0.0152
nas_best_vit_2d,ViT 2D,vit,2d,right_neural_foraminal_narrowing,5,val_acc,0.8498119426294662,0.012669874192083486,0.8498 ± 0.0127
nas_best_vit_2d,ViT 2D,vit,2d,right_neural_foraminal_narrowing,5,test_acc,0.8438417104636731,0.005999873455012904,0.8438 ± 0.0060
nas_best_vit_2d,ViT 2D,vit,2d,right_neural_foraminal_narrowing,5,train_accuracy_overall,0.8790181960614631,0.012484637792225374,0.8790 ± 0.0125
nas_best_vit_2d,ViT 2D,vit,2d,right_neural_foraminal_narrowing,5,val_accuracy_overall,0.849811917070997,0.012669880569973514,0.8498 ± 0.0127
nas_best_vit_2d,ViT 2D,vit,2d,right_neural_foraminal_narrowing,5,test_accuracy_overall,0.8438416988416988,0.005999871422721506,0.8438 ± 0.0060
nas_best_vit_2d,ViT 2D,vit,2d,right_neural_foraminal_narrowing,5,train_f1_macro_overall,0.7383912056979784,0.04376716497859594,0.7384 ± 0.0438
nas_best_vit_2d,ViT 2D,vit,2d,right_neural_foraminal_narrowing,5,val_f1_macro_overall,0.6663302867198133,0.02763328020021599,0.6663 ± 0.0276
nas_best_vit_2d,ViT 2D,vit,2d,right_neural_foraminal_narrowing,5,test_f1_macro_overall,0.65430110030824,0.034206426789161616,0.6543 ± 0.0342
nas_best_vit_2d,ViT 2D,vit,2d,spinal_canal_stenosis,5,train_acc,0.9365203830006935,0.011181227701890858,0.9365 ± 0.0112
nas_best_vit_2d,ViT 2D,vit,2d,spinal_canal_stenosis,5,val_acc,0.9215521620895792,0.0049033946161748014,0.9216 ± 0.0049
nas_best_vit_2d,ViT 2D,vit,2d,spinal_canal_stenosis,5,test_acc,0.9241531750884636,0.004716718588156944,0.9242 ± 0.0047
nas_best_vit_2d,ViT 2D,vit,2d,spinal_canal_stenosis,5,train_accuracy_overall,0.9408283574112287,0.012336492997029628,0.9408 ± 0.0123
nas_best_vit_2d,ViT 2D,vit,2d,spinal_canal_stenosis,5,val_accuracy_overall,0.9215521474073464,0.0049033858818359885,0.9216 ± 0.0049
nas_best_vit_2d,ViT 2D,vit,2d,spinal_canal_stenosis,5,test_accuracy_overall,0.924153167554737,0.004716726532723452,0.9242 ± 0.0047
nas_best_vit_2d,ViT 2D,vit,2d,spinal_canal_stenosis,5,train_f1_macro_overall,0.7688987433464242,0.06417888505422013,0.7689 ± 0.0642
nas_best_vit_2d,ViT 2D,vit,2d,spinal_canal_stenosis,5,val_f1_macro_overall,0.7011574576376718,0.034633529456347636,0.7012 ± 0.0346
nas_best_vit_2d,ViT 2D,vit,2d,spinal_canal_stenosis,5,test_f1_macro_overall,0.6988425763463417,0.032888739569538916,0.6988 ± 0.0329
