model_config,model_label,family,archive_layout,condition,n_repeats,train_acc_mean,train_acc_std,train_acc_pm,val_acc_mean,val_acc_std,val_acc_pm,test_acc_mean,test_acc_std,test_acc_pm,train_loss_mean,train_loss_std,train_loss_pm,val_loss_mean,val_loss_std,val_loss_pm,test_loss_mean,test_loss_std,test_loss_pm,train_accuracy_macro_levels_mean,train_accuracy_macro_levels_std,train_accuracy_macro_levels_pm,val_accuracy_macro_levels_mean,val_accuracy_macro_levels_std,val_accuracy_macro_levels_pm,test_accuracy_macro_levels_mean,test_accuracy_macro_levels_std,test_accuracy_macro_levels_pm,train_f1_macro_levels_mean,train_f1_macro_levels_std,train_f1_macro_levels_pm,val_f1_macro_levels_mean,val_f1_macro_levels_std,val_f1_macro_levels_pm,test_f1_macro_levels_mean,test_f1_macro_levels_std,test_f1_macro_levels_pm,train_precision_macro_levels_mean,train_precision_macro_levels_std,train_precision_macro_levels_pm,val_precision_macro_levels_mean,val_precision_macro_levels_std,val_precision_macro_levels_pm,test_precision_macro_levels_mean,test_precision_macro_levels_std,test_precision_macro_levels_pm,train_recall_macro_levels_mean,train_recall_macro_levels_std,train_recall_macro_levels_pm,val_recall_macro_levels_mean,val_recall_macro_levels_std,val_recall_macro_levels_pm,test_recall_macro_levels_mean,test_recall_macro_levels_std,test_recall_macro_levels_pm,train_accuracy_overall_mean,train_accuracy_overall_std,train_accuracy_overall_pm,val_accuracy_overall_mean,val_accuracy_overall_std,val_accuracy_overall_pm,test_accuracy_overall_mean,test_accuracy_overall_std,test_accuracy_overall_pm,train_f1_macro_overall_mean,train_f1_macro_overall_std,train_f1_macro_overall_pm,val_f1_macro_overall_mean,val_f1_macro_overall_std,val_f1_macro_overall_pm,test_f1_macro_overall_mean,test_f1_macro_overall_std,test_f1_macro_overall_pm,train_precision_macro_overall_mean,train_precision_macro_overall_std,train_precision_macro_overall_pm,val_precision_macro_overall_mean,val_precision_macro_overall_std,val_precision_macro_overall_pm,test_precision_macro_overall_mean,test_precision_macro_overall_std,test_precision_macro_overall_pm,train_recall_macro_overall_mean,train_recall_macro_overall_std,train_recall_macro_overall_pm,val_recall_macro_overall_mean,val_recall_macro_overall_std,val_recall_macro_overall_pm,test_recall_macro_overall_mean,test_recall_macro_overall_std,test_recall_macro_overall_pm,train_oa_overall_mean,train_oa_overall_std,train_oa_overall_pm,train_omae_overall_mean,train_omae_overall_std,train_omae_overall_pm,train_qwk_overall_mean,train_qwk_overall_std,train_qwk_overall_pm,train_ser_overall_mean,train_ser_overall_std,train_ser_overall_pm,val_oa_overall_mean,val_oa_overall_std,val_oa_overall_pm,val_omae_overall_mean,val_omae_overall_std,val_omae_overall_pm,val_qwk_overall_mean,val_qwk_overall_std,val_qwk_overall_pm,val_ser_overall_mean,val_ser_overall_std,val_ser_overall_pm,test_oa_overall_mean,test_oa_overall_std,test_oa_overall_pm,test_omae_overall_mean,test_omae_overall_std,test_omae_overall_pm,test_qwk_overall_mean,test_qwk_overall_std,test_qwk_overall_pm,test_ser_overall_mean,test_ser_overall_std,test_ser_overall_pm
nas_best_convnext3d_3d,ConvNeXt 3D,convnext3d,3d_level_stack,left_neural_foraminal_narrowing,5,0.7498055183544855,0.0026168879113462776,0.7498 ± 0.0026,0.7726436170481019,0.004901927961135643,0.7726 ± 0.0049,0.7720012940999272,0.008220812448099,0.7720 ± 0.0082,0.8955078259634,0.04111208225855935,0.8955 ± 0.0411,0.5910419358450286,0.033983149046537625,0.5910 ± 0.0340,0.6070767727751222,0.015004618181721928,0.6071 ± 0.0150,0.7804206105035123,0.002353776797947772,0.7804 ± 0.0024,0.7726436097114062,0.004901928649407712,0.7726 ± 0.0049,0.7720012870012869,0.008220812019228762,0.7720 ± 0.0082,0.28982863808035586,0.0005656699260844061,0.2898 ± 0.0006,0.2879356719599627,0.0010394557966560457,0.2879 ± 0.0010,0.2880074333080924,0.002037723957898178,0.2880 ± 0.0020,0.26014020350117073,0.0007845922659825817,0.2601 ± 0.0008,0.257547869903802,0.0016339762164692328,0.2575 ± 0.0016,0.25733376233376226,0.0027402706730762253,0.2573 ± 0.0027,0.3333333333333333,0.0,0.3333 ± 0.0000,0.3333333333333333,0.0,0.3333 ± 0.0000,0.3333333333333333,0.0,0.3333 ± 0.0000,0.7804206105035122,0.0023537767979477904,0.7804 ± 0.0024,0.7726436097114062,0.004901928649407727,0.7726 ± 0.0049,0.7720012870012869,0.008220812019228703,0.7720 ± 0.0082,0.2922227879823922,0.0004951721866624042,0.2922 ± 0.0005,0.2905782330099923,0.001043452699355803,0.2906 ± 0.0010,0.29043774311065756,0.0017440657675032321,0.2904 ± 0.0017,0.26014020350117073,0.0007845922659826058,0.2601 ± 0.0008,0.25754786990380213,0.0016339762164692588,0.2575 ± 0.0016,0.25733376233376226,0.0027402706730762253,0.2573 ± 0.0027,0.3333333333333333,0.0,0.3333 ± 0.0000,0.3333333333333333,0.0,0.3333 ± 0.0000,0.3333333333333333,0.0,0.3333 ± 0.0000,0.7804206105035122,0.0023537767979477904,0.7804 ± 0.0024,0.2598111559140091,0.0021643978673524487,0.2598 ± 0.0022,0.0,0.0,0.0000 ± 0.0000,0.0402317664175213,0.0007228779187544955,0.0402 ± 0.0007,0.7726436097114062,0.004901928649407727,0.7726 ± 0.0049,0.2678419606046724,0.005041537870522753,0.2678 ± 0.0050,0.0,0.0,0.0000 ± 0.0000,0.04048557031607876,0.0019471888114780357,0.0405 ± 0.0019,0.7720012870012869,0.008220812019228703,0.7720 ± 0.0082,0.268189924618496,0.007783514071973228,0.2682 ± 0.0078,0.0,0.0,0.0000 ± 0.0000,0.040191211619783,0.0014595864783141026,0.0402 ± 0.0015
nas_best_convnext3d_3d,ConvNeXt 3D,convnext3d,3d_level_stack,left_subarticular_stenosis,5,0.6972719637703015,0.00462187009299945,0.6973 ± 0.0046,0.7225440438053472,0.008077709218155121,0.7225 ± 0.0081,0.7222554206917609,0.015886648362258723,0.7223 ± 0.0159,1.1160590847048457,0.0661598888234967,1.1161 ± 0.0662,0.7294181246733549,0.0350949421808095,0.7294 ± 0.0351,0.7395634791155022,0.04423398789992434,0.7396 ± 0.0442,0.7256986505660554,0.0035381676999414174,0.7257 ± 0.0035,0.7225440376941694,0.008077708170830979,0.7225 ± 0.0081,0.7222554120101987,0.015886648215183083,0.7223 ± 0.0159,0.27708031743516637,0.0008238038818447845,0.2771 ± 0.0008,0.27569869824878407,0.0017005413456877266,0.2757 ± 0.0017,0.27614791203791167,0.003609736424766186,0.2761 ± 0.0036,0.2418995501886851,0.0011793892333138015,0.2419 ± 0.0012,0.24084801256472307,0.0026925693902770183,0.2408 ± 0.0027,0.2407518040033995,0.005295549405061036,0.2408 ± 0.0053,0.3333333333333333,0.0,0.3333 ± 0.0000,0.3333333333333333,0.0,0.3333 ± 0.0000,0.3333333333333333,0.0,0.3333 ± 0.0000,0.7256986505660554,0.003538167699941474,0.7257 ± 0.0035,0.7225440376941694,0.00807770817083095,0.7225 ± 0.0081,0.7222554120101986,0.01588664821518307,0.7223 ± 0.0159,0.28034840170539266,0.0007920299624677024,0.2803 ± 0.0008,0.2796353796784502,0.0018212479937404025,0.2796 ± 0.0018,0.2795508167629811,0.0035959465229943558,0.2796 ± 0.0036,0.2418995501886851,0.001179389233313831,0.2419 ± 0.0012,0.24084801256472313,0.002692569390276974,0.2408 ± 0.0027,0.2407518040033995,0.005295549405061019,0.2408 ± 0.0053,0.3333333333333333,0.0,0.3333 ± 0.0000,0.3333333333333333,0.0,0.3333 ± 0.0000,0.3333333333333333,0.0,0.3333 ± 0.0000,0.7256986505660554,0.003538167699941474,0.7257 ± 0.0035,0.36499244658537827,0.0036141958596762978,0.3650 ± 0.0036,0.0,0.0,0.0000 ± 0.0000,0.09069109715143361,0.0013387178021609808,0.0907 ± 0.0013,0.7225440376941694,0.00807770817083095,0.7225 ± 0.0081,0.3647577836594518,0.006768763350698055,0.3648 ± 0.0068,0.0,0.0,0.0000 ± 0.0000,0.0873018213536211,0.004675826069252129,0.0873 ± 0.0047,0.7222554120101986,0.01588664821518307,0.7223 ± 0.0159,0.37158499662127037,0.020700781189267197,0.3716 ± 0.0207,0.0,0.0,0.0000 ± 0.0000,0.09384040863146895,0.005766004069559348,0.0938 ± 0.0058
nas_best_convnext3d_3d,ConvNeXt 3D,convnext3d,3d_level_stack,right_neural_foraminal_narrowing,5,0.7622697257543483,0.003505279765176983,0.7623 ± 0.0035,0.7772325700736167,0.010369783787271993,0.7772 ± 0.0104,0.7725372380172753,0.008962755772667027,0.7725 ± 0.0090,,,,,,,,,,0.7847439642670715,0.001958171070792452,0.7847 ± 0.0020,0.7772325639371644,0.01036978423182913,0.7772 ± 0.0104,0.7725372311086597,0.008962756158112511,0.7725 ± 0.0090,0.29088826744251073,0.00038966829291204095,0.2909 ± 0.0004,0.2893211355258312,0.002246165980075845,0.2893 ± 0.0022,0.2883233429291451,0.0019261458403813817,0.2883 ± 0.0019,0.2615813214223571,0.0006527236902641607,0.2616 ± 0.0007,0.25907752131238815,0.003456594743943023,0.2591 ± 0.0035,0.2575124103695532,0.002987585386037518,0.2575 ± 0.0030,0.3333333333333333,0.0,0.3333 ± 0.0000,0.3333333333333333,0.0,0.3333 ± 0.0000,0.3333333333333333,0.0,0.3333 ± 0.0000,0.7847439642670715,0.0019581710707925063,0.7847 ± 0.0020,0.7772325639371644,0.010369784231829075,0.7772 ± 0.0104,0.7725372311086597,0.008962756158112472,0.7725 ± 0.0090,0.29313000157426444,0.00040968691611162984,0.2931 ± 0.0004,0.2915414196730258,0.002186387778095727,0.2915 ± 0.0022,0.29055029927579684,0.0018964344469069852,0.2906 ± 0.0019,0.2615813214223571,0.0006527236902641607,0.2616 ± 0.0007,0.2590775213123881,0.0034565947439430316,0.2591 ± 0.0035,0.2575124103695532,0.0029875853860374976,0.2575 ± 0.0030,0.3333333333333333,0.0,0.3333 ± 0.0000,0.3333333333333333,0.0,0.3333 ± 0.0000,0.3333333333333333,0.0,0.3333 ± 0.0000,0.7847439642670715,0.0019581710707925063,0.7847 ± 0.0020,0.2530434649053245,0.0019415232932191897,0.2530 ± 0.0019,0.0,0.0,0.0000 ± 0.0000,0.03778742917239602,0.00041166530560102487,0.0378 ± 0.0004,0.7772325639371644,0.010369784231829075,0.7772 ± 0.0104,0.26217165106995616,0.011758802883668222,0.2622 ± 0.0118,0.0,0.0,0.0000 ± 0.0000,0.03940421500712055,0.002759830095985016,0.0394 ± 0.0028,0.7725372311086597,0.008962756158112472,0.7725 ± 0.0090,0.26819360176503027,0.010119643634544415,0.2682 ± 0.0101,0.0,0.0,0.0000 ± 0.0000,0.04073083287368998,0.0014636612319230589,0.0407 ± 0.0015
nas_best_convnext3d_3d,ConvNeXt 3D,convnext3d,3d_level_stack,right_subarticular_stenosis,5,0.69167887976403,0.01274103861438896,0.6917 ± 0.0127,0.7057315502336009,0.024930375838072772,0.7057 ± 0.0249,0.7033937187071289,0.021272443185906893,0.7034 ± 0.0213,1.0018446679953088,0.12252905425727736,1.0018 ± 0.1225,0.8735150824712351,0.24563936036532194,0.8735 ± 0.2456,0.8767955129773123,0.21938242629078192,0.8768 ± 0.2194,0.7066784470615685,0.02225477161233348,0.7067 ± 0.0223,0.7057315412189473,0.024930378702768,0.7057 ± 0.0249,0.7033937106364041,0.021272445759874907,0.7034 ± 0.0213,0.27048893492880344,0.008152530378729561,0.2705 ± 0.0082,0.27015177543817076,0.00853722004942041,0.2702 ± 0.0085,0.26980114985560266,0.007619883750487522,0.2698 ± 0.0076,0.2355594823538561,0.0074182572041111535,0.2356 ± 0.0074,0.23524384707298238,0.008310126234256008,0.2352 ± 0.0083,0.23446457021213463,0.007090815253291653,0.2345 ± 0.0071,0.3333333333333333,0.0,0.3333 ± 0.0000,0.3333333333333333,0.0,0.3333 ± 0.0000,0.3333333333333333,0.0,0.3333 ± 0.0000,0.7066784470615685,0.02225477161233348,0.7067 ± 0.0223,0.7057315412189473,0.024930378702767986,0.7057 ± 0.0249,0.703393710636404,0.021272445759874956,0.7034 ± 0.0213,0.32033849030048733,0.05612103311583739,0.3203 ± 0.0561,0.31891419249513864,0.05353105893302508,0.3189 ± 0.0535,0.3202607034601512,0.0568582982252497,0.3203 ± 0.0569,0.2851146587768669,0.06214656455831155,0.2851 ± 0.0621,0.28498249793522873,0.060686764736334484,0.2850 ± 0.0607,0.2848492983600397,0.06246422340346948,0.2848 ± 0.0625,0.37184709142039446,0.0553935042876566,0.3718 ± 0.0554,0.3692736391666416,0.05316283052953463,0.3693 ± 0.0532,0.3724704810790896,0.05887601115723218,0.3725 ± 0.0589,0.7066784470615685,0.02225477161233348,0.7067 ± 0.0223,0.3854007357326307,0.04676792055632564,0.3854 ± 0.0468,0.11056575508920688,0.1519093682074318,0.1106 ± 0.1519,0.09207918279419905,0.032558654322372586,0.0921 ± 0.0326,0.7057315412189473,0.024930378702767986,0.7057 ± 0.0249,0.3847483490605749,0.041593470425851306,0.3847 ± 0.0416,0.11064250858684092,0.15211541800797912,0.1106 ± 0.1521,0.09047989027952216,0.03399764649930456,0.0905 ± 0.0340,0.703393710636404,0.021272445759874956,0.7034 ± 0.0213,0.38771592164472723,0.038854176234303775,0.3877 ± 0.0389,0.11869852534494604,0.16340858769828231,0.1187 ± 0.1634,0.09110963228113124,0.03207781849399316,0.0911 ± 0.0321
nas_best_convnext3d_3d,ConvNeXt 3D,convnext3d,3d_level_stack,spinal_canal_stenosis,5,0.8635303569080615,0.0039274367906530685,0.8635 ± 0.0039,0.8730040787439318,0.004462222824874156,0.8730 ± 0.0045,0.8806473984675696,0.007561378318953633,0.8806 ± 0.0076,0.6146388754069474,0.04359102243709337,0.6146 ± 0.0436,0.49733656134019366,0.04740513647193887,0.4973 ± 0.0474,0.45766251303683364,0.02641033991430967,0.4577 ± 0.0264,0.8782722370941316,0.0010682053653727553,0.8783 ± 0.0011,0.8730040750188671,0.004462223194495121,0.8730 ± 0.0045,0.8806473930950283,0.007561377568481495,0.8806 ± 0.0076,0.31103875653111135,0.00021438802265650363,0.3110 ± 0.0002,0.3101414049209924,0.0008779560178157602,0.3101 ± 0.0009,0.3114903643322616,0.0014980694121021535,0.3115 ± 0.0015,0.2927574123647105,0.0003560684551242722,0.2928 ± 0.0004,0.2910013583396224,0.001487407731498407,0.2910 ± 0.0015,0.29354913103167607,0.0025204591894938248,0.2935 ± 0.0025,0.3333333333333333,0.0,0.3333 ± 0.0000,0.3333333333333333,0.0,0.3333 ± 0.0000,0.3333333333333333,0.0,0.3333 ± 0.0000,0.8782722370941315,0.0010682053653727943,0.8783 ± 0.0011,0.8730040750188671,0.004462223194495161,0.8730 ± 0.0045,0.8806473930950283,0.0075613775684815416,0.8806 ± 0.0076,0.3117304513448851,0.0002018707394772963,0.3117 ± 0.0002,0.3107306062830309,0.0008473589747418499,0.3107 ± 0.0008,0.3121742050946209,0.0014311360755257711,0.3122 ± 0.0014,0.2927574123647105,0.000356068455124282,0.2928 ± 0.0004,0.2910013583396224,0.0014874077314983955,0.2910 ± 0.0015,0.29354913103167607,0.002520459189493827,0.2935 ± 0.0025,0.3333333333333333,0.0,0.3333 ± 0.0000,0.3333333333333333,0.0,0.3333 ± 0.0000,0.3333333333333333,0.0,0.3333 ± 0.0000,0.8782722370941315,0.0010682053653727943,0.8783 ± 0.0011,0.16936491499637413,0.001974964036576891,0.1694 ± 0.0020,0.0,0.0,0.0000 ± 0.0000,0.04763715209050562,0.0010408952270642342,0.0476 ± 0.0010,0.8730040750188671,0.004462223194495161,0.8730 ± 0.0045,0.17696966381820903,0.003197495204136739,0.1770 ± 0.0032,0.0,0.0,0.0000 ± 0.0000,0.04997373883707612,0.0025729605734520736,0.0500 ± 0.0026,0.8806473930950283,0.0075613775684815416,0.8806 ± 0.0076,0.16653162881177375,0.011821745138860246,0.1665 ± 0.0118,0.0,0.0,0.0000 ± 0.0000,0.04717902190680194,0.00461795699269976,0.0472 ± 0.0046
nas_best_convnext_2d,ConvNeXt 2D,convnext,2d,left_neural_foraminal_narrowing,5,0.8668514772857293,0.022244297640788297,0.8669 ± 0.0222,0.8491488883007134,0.005627297381126559,0.8491 ± 0.0056,0.8477836096302116,0.008628564820065871,0.8478 ± 0.0086,0.31539985910699164,0.04286876255524547,0.3154 ± 0.0429,0.3869123733202034,0.05668674998645784,0.3869 ± 0.0567,0.37632084572703156,0.026570360079737863,0.3763 ± 0.0266,0.874061867607596,0.015258807747541531,0.8741 ± 0.0153,0.8491488776912506,0.00562730186211464,0.8491 ± 0.0056,0.8477835999264572,0.008628561901604655,0.8478 ± 0.0086,0.6331771630914342,0.05500148611529929,0.6332 ± 0.0550,0.5584802238694682,0.04706012709864844,0.5585 ± 0.0471,0.5683912665611854,0.038440083200677454,0.5684 ± 0.0384,0.6965223911661299,0.08521980673294006,0.6965 ± 0.0852,0.6120761324239704,0.05713687616857242,0.6121 ± 0.0571,0.6166205739205091,0.02021262316745108,0.6166 ± 0.0202,0.6121054152433958,0.05473579358357239,0.6121 ± 0.0547,0.5429408260511256,0.05105606980922037,0.5429 ± 0.0511,0.5574284813741673,0.05303941933588098,0.5574 ± 0.0530,0.8740618676075957,0.015258807747541603,0.8741 ± 0.0153,0.8491488776912506,0.005627301862114614,0.8491 ± 0.0056,0.847783599926457,0.008628561901604681,0.8478 ± 0.0086,0.7288723599821032,0.042310619232968805,0.7289 ± 0.0423,0.6713960678888707,0.03329585179097128,0.6714 ± 0.0333,0.6625773596608255,0.04607013607250798,0.6626 ± 0.0461,0.7794827494872106,0.06152434211606869,0.7795 ± 0.0615,0.7410321244080131,0.04892701357578549,0.7410 ± 0.0489,0.7135278007570741,0.024895262687709706,0.7135 ± 0.0249,0.6988264037068268,0.05520091285137101,0.6988 ± 0.0552,0.641500162255326,0.05821323790468166,0.6415 ± 0.0582,0.6391998899558482,0.06340369482068207,0.6392 ± 0.0634,0.8740618676075957,0.015258807747541603,0.8741 ± 0.0153,0.12816829585628445,0.01508005419961715,0.1282 ± 0.0151,0.7371039174114121,0.03581932579973799,0.7371 ± 0.0358,0.00223016346388032,0.0003907269332748444,0.0022 ± 0.0004,0.8491488776912506,0.005627301862114614,0.8491 ± 0.0056,0.15491617040769579,0.007809198124498558,0.1549 ± 0.0078,0.6734400743421128,0.048770441737653374,0.6734 ± 0.0488,0.00406504809894636,0.0023017986097843756,0.0041 ± 0.0023,0.847783599926457,0.008628561901604681,0.8478 ± 0.0086,0.15546607832322115,0.00776140739550413,0.1555 ± 0.0078,0.6798220039137955,0.03981009975372248,0.6798 ± 0.0398,0.0032496782496781993,0.0012186227068471923,0.0032 ± 0.0012
nas_best_convnext_2d,ConvNeXt 2D,convnext,2d,left_subarticular_stenosis,5,0.865847207099191,0.01909691187570941,0.8658 ± 0.0191,0.8464200720890854,0.010091652758026128,0.8464 ± 0.0101,0.8388832320014954,0.012279225088568338,0.8389 ± 0.0123,0.3130550066148696,0.04029680614303189,0.3131 ± 0.0403,0.37045738170597725,0.020091005815799715,0.3705 ± 0.0201,0.38949327695303376,0.022314132716409193,0.3895 ± 0.0223,0.8811633957387315,0.02285201849684135,0.8812 ± 0.0229,0.8464200533638637,0.010091641232885331,0.8464 ± 0.0101,0.8388832221669373,0.012279232126091185,0.8389 ± 0.0123,0.7712435433876692,0.0538952718292016,0.7712 ± 0.0539,0.6943184261141762,0.027699786438647494,0.6943 ± 0.0277,0.6858426330709797,0.026366116675046868,0.6858 ± 0.0264,0.804893567066261,0.03898938317442958,0.8049 ± 0.0390,0.7241372445846913,0.031237954041096902,0.7241 ± 0.0312,0.7086683329473213,0.013477957174049263,0.7087 ± 0.0135,0.7512077764742557,0.06102320099152485,0.7512 ± 0.0610,0.6827320777988807,0.029123878313164004,0.6827 ± 0.0291,0.6760857271734647,0.034756650194944776,0.6761 ± 0.0348,0.8811633957387315,0.022852018496841372,0.8812 ± 0.0229,0.8464200533638637,0.01009164123288527,0.8464 ± 0.0101,0.8388832221669373,0.012279232126091135,0.8389 ± 0.0123,0.7998547352189174,0.04322299239556022,0.7999 ± 0.0432,0.7410585840506976,0.006937521106582377,0.7411 ± 0.0069,0.7300634051049211,0.017739016408735608,0.7301 ± 0.0177,0.820893163020069,0.03609978678823066,0.8209 ± 0.0361,0.7513771882618652,0.010254433803739674,0.7514 ± 0.0103,0.7428962842460954,0.016493007132719884,0.7429 ± 0.0165,0.7842534245058975,0.050013180966167005,0.7843 ± 0.0500,0.7344847759818833,0.01374062605251093,0.7345 ± 0.0137,0.7215538288714269,0.020667784154936506,0.7216 ± 0.0207,0.8811633957387315,0.022852018496841372,0.8812 ± 0.0229,0.12118907862877144,0.023938828232120162,0.1212 ± 0.0239,0.8422381934771501,0.03458537067131083,0.8422 ± 0.0346,0.00235247436750282,0.001267786246466133,0.0024 ± 0.0013,0.8464200533638637,0.01009164123288527,0.8464 ± 0.0101,0.15873970805314092,0.009517467295164672,0.1587 ± 0.0095,0.7874358042917395,0.013122629336740911,0.7874 ± 0.0131,0.00515976141700456,0.0017897221495763982,0.0052 ± 0.0018,0.8388832221669373,0.012279232126091135,0.8389 ± 0.0123,0.1661775658077266,0.011599340636046607,0.1662 ± 0.0116,0.7851327828093858,0.011004462246441828,0.7851 ± 0.0110,0.00506078797466388,0.0023272949755446257,0.0051 ± 0.0023
nas_best_convnext_2d,ConvNeXt 2D,convnext,2d,right_neural_foraminal_narrowing,5,0.8716694038072232,0.014181084456829769,0.8717 ± 0.0142,0.8556456786059765,0.006084059485594128,0.8556 ± 0.0061,0.8443896024800066,0.009341707745854617,0.8444 ± 0.0093,0.3080293026425979,0.033349854784105626,0.3080 ± 0.0333,0.3738208091166094,0.020971925555519643,0.3738 ± 0.0210,0.38187840179740384,0.013900109107081438,0.3819 ± 0.0139,0.878568513632745,0.015964137951870707,0.8786 ± 0.0160,0.8556456695367107,0.006084059736255807,0.8556 ± 0.0061,0.844389593675308,0.009341707702196096,0.8444 ± 0.0093,0.6574423509542019,0.06043196984709765,0.6574 ± 0.0604,0.5961841849308094,0.022268823981747107,0.5962 ± 0.0223,0.5626468807645442,0.025331249456319725,0.5626 ± 0.0253,0.7103691485972223,0.08992975189882856,0.7104 ± 0.0899,0.657976258589751,0.04636485166994586,0.6580 ± 0.0464,0.6027372266510955,0.025371161804389766,0.6027 ± 0.0254,0.64180246082636,0.0457306894191579,0.6418 ± 0.0457,0.5879523496641456,0.03317433688094347,0.5880 ± 0.0332,0.5501093002584307,0.02017207245173033,0.5501 ± 0.0202,0.8785685136327451,0.01596413795187067,0.8786 ± 0.0160,0.8556456695367107,0.006084059736255803,0.8556 ± 0.0061,0.844389593675308,0.009341707702196068,0.8444 ± 0.0093,0.7392595139990201,0.03071168052335909,0.7393 ± 0.0307,0.6903320162747819,0.016666234554795586,0.6903 ± 0.0167,0.6549982006358336,0.018480397583149046,0.6550 ± 0.0185,0.7831419199442379,0.06028349621914615,0.7831 ± 0.0603,0.7304128210246599,0.025864459160840587,0.7304 ± 0.0259,0.710424846318109,0.04343251227346981,0.7104 ± 0.0434,0.7122056003094928,0.01187045998970369,0.7122 ± 0.0119,0.6640940323026331,0.026024218304538483,0.6641 ± 0.0260,0.6222705625769445,0.018385005924848118,0.6223 ± 0.0184,0.8785685136327451,0.01596413795187067,0.8786 ± 0.0160,0.12501320715582454,0.016995746202790495,0.1250 ± 0.0170,0.7352061917695967,0.02579204021560894,0.7352 ± 0.0258,0.0035817207885696,0.001358932257540373,0.0036 ± 0.0014,0.8556456695367107,0.006084059736255803,0.8556 ± 0.0061,0.1485494903412578,0.006052371925842161,0.1485 ± 0.0061,0.6896912647661003,0.0171246605781995,0.6897 ± 0.0171,0.00419515987796856,0.0014591369339837128,0.0042 ± 0.0015,0.844389593675308,0.009341707702196068,0.8444 ± 0.0093,0.16048078690935827,0.010017294389399313,0.1605 ± 0.0100,0.6618851062046712,0.014258051847437907,0.6619 ± 0.0143,0.0048703805846662595,0.0015371945940421846,0.0049 ± 0.0015
nas_best_convnext_2d,ConvNeXt 2D,convnext,2d,right_subarticular_stenosis,5,0.8287536969738415,0.005830817126084338,0.8288 ± 0.0058,0.8321596577302806,0.003169080292978154,0.8322 ± 0.0032,0.8201255072382748,0.006601205083782276,0.8201 ± 0.0066,0.3963538533011519,0.013029939654485853,0.3964 ± 0.0130,0.39996670161866127,0.009800006370484565,0.4000 ± 0.0098,0.4128440434722244,0.017378431663599585,0.4128 ± 0.0174,0.8364018797981325,0.004307594330508916,0.8364 ± 0.0043,0.8321596524126905,0.0031690843620706868,0.8322 ± 0.0032,0.8201255078155321,0.0066012016894313325,0.8201 ± 0.0066,0.6454028983327992,0.012185376115973649,0.6454 ± 0.0122,0.6444661910354597,0.0311031905831684,0.6445 ± 0.0311,0.6263977911069878,0.018193326606615375,0.6264 ± 0.0182,0.6969969362398702,0.03028489930976728,0.6970 ± 0.0303,0.6907225004809295,0.057897513051644124,0.6907 ± 0.0579,0.6800968510553271,0.0322300811522148,0.6801 ± 0.0322,0.6228588775084756,0.020927166919955217,0.6229 ± 0.0209,0.6302541343158008,0.03303583914373097,0.6303 ± 0.0330,0.6106470841678087,0.029905811545935915,0.6106 ± 0.0299,0.8364018797981325,0.0043075943305088925,0.8364 ± 0.0043,0.8321596524126905,0.003169084362070776,0.8322 ± 0.0032,0.8201255078155321,0.006601201689431328,0.8201 ± 0.0066,0.7039417289375016,0.012064787609887264,0.7039 ± 0.0121,0.7039666746891038,0.02095842532204515,0.7040 ± 0.0210,0.6834144134752903,0.026234628010484404,0.6834 ± 0.0262,0.745843034278982,0.011069837029419514,0.7458 ± 0.0111,0.7387824673616422,0.023673291572770636,0.7388 ± 0.0237,0.7200243803954715,0.017248648647843336,0.7200 ± 0.0172,0.6765402173091228,0.024614693515330754,0.6765 ± 0.0246,0.6814481662864641,0.03541582436507285,0.6814 ± 0.0354,0.6603615769212563,0.04041216179936151,0.6604 ± 0.0404,0.8364018797981325,0.0043075943305088925,0.8364 ± 0.0043,0.16928214978539588,0.005869684669347445,0.1693 ± 0.0059,0.7665451256700978,0.019026204711570054,0.7665 ± 0.0190,0.005684029583528419,0.0018774618471003126,0.0057 ± 0.0019,0.8321596524126905,0.003169084362070776,0.8322 ± 0.0032,0.1740781925413898,0.002231763944673996,0.1741 ± 0.0022,0.7579620085744764,0.012734789208438454,0.7580 ± 0.0127,0.00623784495408034,0.0017702887999007585,0.0062 ± 0.0018,0.8201255078155321,0.006601201689431328,0.8201 ± 0.0066,0.18601711815265862,0.006837386591645051,0.1860 ± 0.0068,0.7465320001535828,0.024115954632173316,0.7465 ± 0.0241,0.00614262596819066,0.001981996647419775,0.0061 ± 0.0020
nas_best_convnext_2d,ConvNeXt 2D,convnext,2d,spinal_canal_stenosis,5,0.9278333528277475,0.01277013847234718,0.9278 ± 0.0128,0.92143624452683,0.005442146815256711,0.9214 ± 0.0054,0.9206757901280465,0.008602225572658903,0.9207 ± 0.0086,0.1768831839847784,0.03299213309073488,0.1769 ± 0.0330,0.2222019389653282,0.030093313801642364,0.2222 ± 0.0301,0.21428989166214105,0.02076350071019256,0.2143 ± 0.0208,0.9355920310933804,0.010732217031615065,0.9356 ± 0.0107,0.9214362311852161,0.005442145096316996,0.9214 ± 0.0054,0.9206757780992645,0.008602231490641711,0.9207 ± 0.0086,0.6819244846886093,0.0842510496404279,0.6819 ± 0.0843,0.6117953727327954,0.05700780227077801,0.6118 ± 0.0570,0.5791027222099008,0.04486502582477727,0.5791 ± 0.0449,0.7559732740714498,0.09584138332864389,0.7560 ± 0.0958,0.6464282011267622,0.06176128243053851,0.6464 ± 0.0618,0.6126973340312224,0.04741706188160288,0.6127 ± 0.0474,0.6648576340486313,0.07191524780422355,0.6649 ± 0.0719,0.6125253855653834,0.06062437235150817,0.6125 ± 0.0606,0.5850553377962232,0.04645526870270929,0.5851 ± 0.0465,0.9355920310933804,0.010732217031615103,0.9356 ± 0.0107,0.9214362311852161,0.005442145096316968,0.9214 ± 0.0054,0.9206757780992645,0.008602231490641711,0.9207 ± 0.0086,0.7480386009112083,0.041111245306841605,0.7480 ± 0.0411,0.6913545397029454,0.02619793484616089,0.6914 ± 0.0262,0.6819650707965861,0.026067962042756732,0.6820 ± 0.0261,0.7980498606610789,0.04782128708795584,0.7980 ± 0.0478,0.7379500079581588,0.02554533380964414,0.7380 ± 0.0255,0.7280230840460754,0.039925577278915485,0.7280 ± 0.0399,0.7131324151660343,0.040038857158261144,0.7131 ± 0.0400,0.6636965496289048,0.037779240354521654,0.6637 ± 0.0378,0.6519880750398037,0.023387632458527853,0.6520 ± 0.0234,0.9355920310933804,0.010732217031615103,0.9356 ± 0.0107,0.06919352464789208,0.012171189381429371,0.0692 ± 0.0122,0.8179710246743339,0.03721533240914682,0.8180 ± 0.0372,0.0047855557412724795,0.001535785196997513,0.0048 ± 0.0015,0.9214362311852161,0.005442145096316968,0.9214 ± 0.0054,0.0859989681708913,0.007666586929634116,0.0860 ± 0.0077,0.7752076209623538,0.033475209869220986,0.7752 ± 0.0335,0.00743519935610748,0.0030253977714740526,0.0074 ± 0.0030,0.9206757780992645,0.008602231490641711,0.9207 ± 0.0086,0.08732233727332489,0.010040403921309018,0.0873 ± 0.0100,0.7562734662789187,0.020917929142320293,0.7563 ± 0.0209,0.0079981153725893,0.0020592857634672526,0.0080 ± 0.0021
nas_best_efficientnet3d_3d,EfficientNet 3D,efficientnet3d,3d_level_stack,left_neural_foraminal_narrowing,5,0.7827630964059512,0.02200764698582048,0.7828 ± 0.0220,0.793921675880841,0.02082217612950315,0.7939 ± 0.0208,0.7876843283765564,0.024341455964406653,0.7877 ± 0.0243,0.5308849496458976,0.08227588520457038,0.5309 ± 0.0823,0.5404019080342036,0.10456522096023901,0.5404 ± 0.1046,0.5527713085573195,0.09838603267083908,0.5528 ± 0.0984,0.7944113112583292,0.027115390565910995,0.7944 ± 0.0271,0.7939216674301419,0.020822175541231093,0.7939 ± 0.0208,0.7876843169700314,0.024341455595918913,0.7877 ± 0.0243,0.36948914522360676,0.07983391504427152,0.3695 ± 0.0798,0.35783853134145194,0.06264033881700141,0.3578 ± 0.0626,0.3638519291859067,0.07466488812163112,0.3639 ± 0.0747,0.374642095779569,0.1081511316619487,0.3746 ± 0.1082,0.3711321743393573,0.09534298361663783,0.3711 ± 0.0953,0.39079768592042885,0.14106928504744234,0.3908 ± 0.1411,0.3886079959438872,0.0563754848684496,0.3886 ± 0.0564,0.3785058203759338,0.04257187611517552,0.3785 ± 0.0426,0.38241669245551485,0.0496056585486667,0.3824 ± 0.0496,0.7944113112583292,0.027115390565910995,0.7944 ± 0.0271,0.793921667430142,0.020822175541231086,0.7939 ± 0.0208,0.7876843169700314,0.024341455595918875,0.7877 ± 0.0243,0.4164378555951475,0.12281764250859283,0.4164 ± 0.1228,0.40284200204827963,0.09742749602121462,0.4028 ± 0.0974,0.40493266915530485,0.10885311086933847,0.4049 ± 0.1089,0.45625337010233735,0.15498347812403582,0.4563 ± 0.1550,0.4977609483960233,0.19908760364267256,0.4978 ± 0.1991,0.45937721209709304,0.15976478190012405,0.4594 ± 0.1598,0.42767892728677454,0.09200092580793344,0.4277 ± 0.0920,0.41281817846453794,0.07118507127281243,0.4128 ± 0.0712,0.4139500496782632,0.0770538089709213,0.4140 ± 0.0771,0.7944113112583292,0.027115390565910995,0.7944 ± 0.0271,0.22682352436602377,0.039922941686674734,0.2268 ± 0.0399,0.30148122620428286,0.2781971716298046,0.3015 ± 0.2782,0.021234835624352938,0.0170092623543029,0.0212 ± 0.0170,0.793921667430142,0.020822175541231086,0.7939 ± 0.0208,0.2276028401282638,0.037522231110774795,0.2276 ± 0.0375,0.29549710642827065,0.265469938891618,0.2955 ± 0.2655,0.02152450755840582,0.01746702561260219,0.0215 ± 0.0175,0.7876843169700314,0.024341455595918875,0.7877 ± 0.0243,0.23611969111969106,0.037636334562271785,0.2361 ± 0.0376,0.26975025427894284,0.25203235508107663,0.2698 ± 0.2520,0.023804008089722342,0.015609668877634205,0.0238 ± 0.0156
nas_best_efficientnet3d_3d,EfficientNet 3D,efficientnet3d,3d_level_stack,left_subarticular_stenosis,5,0.7394168502835117,0.020428207647757463,0.7394 ± 0.0204,0.7465049736416987,0.02431512733648709,0.7465 ± 0.0243,0.7470563968223127,0.023797231724316664,0.7471 ± 0.0238,0.6497202614744767,0.08373816948243112,0.6497 ± 0.0837,0.6293668271678191,0.08322748611068082,0.6294 ± 0.0832,0.6345478338691799,0.08059886741928587,0.6345 ± 0.0806,0.7473105763246239,0.02113680108182329,0.7473 ± 0.0211,0.7465049656550973,0.0243151253729986,0.7465 ± 0.0243,0.7470563888111754,0.023797231550226065,0.7471 ± 0.0238,0.3396681352021484,0.05785715411001282,0.3397 ± 0.0579,0.3416261829043793,0.06194925543256086,0.3416 ± 0.0619,0.34122363547020773,0.05899666992258398,0.3412 ± 0.0590,0.3388859147848982,0.09592282029557786,0.3389 ± 0.0959,0.3382517125285943,0.09565014953302223,0.3383 ± 0.0957,0.3280291470302451,0.07920519751450977,0.3280 ± 0.0792,0.3764922579135782,0.03977248325528609,0.3765 ± 0.0398,0.3788170242683083,0.042813176789028226,0.3788 ± 0.0428,0.37778547318892797,0.04166323333010359,0.3778 ± 0.0417,0.747310576324624,0.021136801081823347,0.7473 ± 0.0211,0.7465049656550974,0.02431512537299862,0.7465 ± 0.0243,0.7470563888111754,0.02379723155022606,0.7471 ± 0.0238,0.41172604286184294,0.12057290611814664,0.4117 ± 0.1206,0.41842241566782185,0.12854253737058524,0.4184 ± 0.1285,0.4190494451646546,0.13021599834687012,0.4190 ± 0.1302,0.4572832231743285,0.19737298503645975,0.4573 ± 0.1974,0.45642648953447085,0.19748972433547876,0.4564 ± 0.1975,0.4666184676171124,0.20492082406157563,0.4666 ± 0.2049,0.42007470360985055,0.0801460025986797,0.4201 ± 0.0801,0.4287684829220561,0.08980837626623152,0.4288 ± 0.0898,0.4277224379268486,0.09222078711990363,0.4277 ± 0.0922,0.747310576324624,0.021136801081823347,0.7473 ± 0.0211,0.31578095742921675,0.04611917192978428,0.3158 ± 0.0461,0.27528206590596366,0.2522904136932348,0.2753 ± 0.2523,0.06309153375384077,0.025115351793454647,0.0631 ± 0.0251,0.7465049656550974,0.02431512537299862,0.7465 ± 0.0243,0.3137524926541607,0.04868250756148969,0.3138 ± 0.0487,0.28653860601155007,0.26595012067359647,0.2865 ± 0.2660,0.060257458309258084,0.025570539618999598,0.0603 ± 0.0256,0.7470563888111754,0.02379723155022606,0.7471 ± 0.0238,0.3194808045170782,0.04806539338625055,0.3195 ± 0.0481,0.27376566708276323,0.257555347380775,0.2738 ± 0.2576,0.06653719332825364,0.02609878745881905,0.0665 ± 0.0261
nas_best_efficientnet3d_3d,EfficientNet 3D,efficientnet3d,3d_level_stack,right_neural_foraminal_narrowing,5,0.7663163732625746,0.0012222520045804557,0.7663 ± 0.0012,0.7772325700736167,0.010369783787271993,0.7772 ± 0.0104,0.7725372380172753,0.008962755772667027,0.7725 ± 0.0090,0.7140428424980247,0.03280372525964192,0.7140 ± 0.0328,0.5953733377937424,0.029416225670742795,0.5954 ± 0.0294,0.6024170970583602,0.02241995356871803,0.6024 ± 0.0224,0.7847439642670715,0.001958171070792452,0.7847 ± 0.0020,0.7772325639371644,0.01036978423182913,0.7772 ± 0.0104,0.7725372311086597,0.008962756158112511,0.7725 ± 0.0090,0.29088826744251073,0.00038966829291204095,0.2909 ± 0.0004,0.2893211355258312,0.002246165980075845,0.2893 ± 0.0022,0.2883233429291451,0.0019261458403813817,0.2883 ± 0.0019,0.2615813214223571,0.0006527236902641607,0.2616 ± 0.0007,0.25907752131238815,0.003456594743943023,0.2591 ± 0.0035,0.2575124103695532,0.002987585386037518,0.2575 ± 0.0030,0.3333333333333333,0.0,0.3333 ± 0.0000,0.3333333333333333,0.0,0.3333 ± 0.0000,0.3333333333333333,0.0,0.3333 ± 0.0000,0.7847439642670715,0.0019581710707925063,0.7847 ± 0.0020,0.7772325639371644,0.010369784231829075,0.7772 ± 0.0104,0.7725372311086597,0.008962756158112472,0.7725 ± 0.0090,0.29313000157426444,0.00040968691611162984,0.2931 ± 0.0004,0.2915414196730258,0.002186387778095727,0.2915 ± 0.0022,0.29055029927579684,0.0018964344469069852,0.2906 ± 0.0019,0.2615813214223571,0.0006527236902641607,0.2616 ± 0.0007,0.2590775213123881,0.0034565947439430316,0.2591 ± 0.0035,0.2575124103695532,0.0029875853860374976,0.2575 ± 0.0030,0.3333333333333333,0.0,0.3333 ± 0.0000,0.3333333333333333,0.0,0.3333 ± 0.0000,0.3333333333333333,0.0,0.3333 ± 0.0000,0.7847439642670715,0.0019581710707925063,0.7847 ± 0.0020,0.2530434649053245,0.0019415232932191897,0.2530 ± 0.0019,0.0,0.0,0.0000 ± 0.0000,0.03778742917239602,0.00041166530560102487,0.0378 ± 0.0004,0.7772325639371644,0.010369784231829075,0.7772 ± 0.0104,0.26217165106995616,0.011758802883668222,0.2622 ± 0.0118,0.0,0.0,0.0000 ± 0.0000,0.03940421500712055,0.002759830095985016,0.0394 ± 0.0028,0.7725372311086597,0.008962756158112472,0.7725 ± 0.0090,0.26819360176503027,0.010119643634544415,0.2682 ± 0.0101,0.0,0.0,0.0000 ± 0.0000,0.04073083287368998,0.0014636612319230589,0.0407 ± 0.0015
nas_best_efficientnet3d_3d,EfficientNet 3D,efficientnet3d,3d_level_stack,right_subarticular_stenosis,5,0.7770212499237626,0.005769248359002602,0.7770 ± 0.0058,0.7941236273853184,0.00898329320926915,0.7941 ± 0.0090,0.7828515471578396,0.00937530194675789,0.7829 ± 0.0094,0.5157426742101633,0.013988446034965431,0.5157 ± 0.0140,0.49102203486666873,0.013718326757445226,0.4910 ± 0.0137,0.5034404870489902,0.011902009321865978,0.5034 ± 0.0119,0.799018837562054,0.008403813942814767,0.7990 ± 0.0084,0.7941236162955472,0.00898329525794409,0.7941 ± 0.0090,0.7828515361720313,0.009375301889122428,0.7829 ± 0.0094,0.5190280130856039,0.03655993185551097,0.5190 ± 0.0366,0.515533491455668,0.03164440396335977,0.5155 ± 0.0316,0.4973819161912136,0.0327362232969699,0.4974 ± 0.0327,0.5922215138981645,0.05139388194691247,0.5922 ± 0.0514,0.5490057195576973,0.017215900234229347,0.5490 ± 0.0172,0.554070725277251,0.035548931010516774,0.5541 ± 0.0355,0.5208068552487278,0.045478786118818476,0.5208 ± 0.0455,0.5237049715057416,0.04946604398149519,0.5237 ± 0.0495,0.5105938185558981,0.0480983481891775,0.5106 ± 0.0481,0.799018837562054,0.008403813942814753,0.7990 ± 0.0084,0.7941236162955472,0.008983295257944099,0.7941 ± 0.0090,0.7828515361720313,0.00937530188912247,0.7829 ± 0.0094,0.6184037212165372,0.03374705151897722,0.6184 ± 0.0337,0.6230126254247873,0.023169229999655525,0.6230 ± 0.0232,0.5972136918030843,0.03581085171163586,0.5972 ± 0.0358,0.6833297937733807,0.03339649939641532,0.6833 ± 0.0334,0.680139841995763,0.04504399835664137,0.6801 ± 0.0450,0.6586663891604221,0.03901968201635946,0.6587 ± 0.0390,0.6003363687588149,0.050007582505397254,0.6003 ± 0.0500,0.6089932075950677,0.04837660179519644,0.6090 ± 0.0484,0.5878394311383499,0.05699654644062939,0.5878 ± 0.0570,0.799018837562054,0.008403813942814753,0.7990 ± 0.0084,0.2165719896601484,0.010090347341503863,0.2166 ± 0.0101,0.6737413019020699,0.03463230799917462,0.6737 ± 0.0346,0.015590827222202458,0.004314649715385663,0.0156 ± 0.0043,0.7941236162955472,0.008983295257944099,0.7941 ± 0.0090,0.2254402514866209,0.010004373710941218,0.2254 ± 0.0100,0.6543435754176724,0.03887779550184122,0.6543 ± 0.0389,0.019563867782168,0.0025442596447484314,0.0196 ± 0.0025,0.7828515361720313,0.00937530188912247,0.7829 ± 0.0094,0.23464965333878962,0.013107120865287583,0.2346 ± 0.0131,0.6540400123795177,0.041172533330541265,0.6540 ± 0.0412,0.01750118951082092,0.00740588387260665,0.0175 ± 0.0074
nas_best_efficientnet3d_3d,EfficientNet 3D,efficientnet3d,3d_level_stack,spinal_canal_stenosis,5,0.8398991075252338,0.005636178106768777,0.8399 ± 0.0056,0.8730040787439318,0.004462222824874156,0.8730 ± 0.0045,0.8806473984675696,0.007561378318953633,0.8806 ± 0.0076,1.261691601196608,0.2800128645382266,1.2617 ± 0.2800,0.4855330048847069,0.03104572030622464,0.4855 ± 0.0310,0.4516583258903893,0.034451505663100464,0.4517 ± 0.0345,0.8782722370941316,0.0010682053653727553,0.8783 ± 0.0011,0.8730040750188671,0.004462223194495121,0.8730 ± 0.0045,0.8806473930950283,0.007561377568481495,0.8806 ± 0.0076,0.31103875653111135,0.00021438802265650363,0.3110 ± 0.0002,0.3101414049209924,0.0008779560178157602,0.3101 ± 0.0009,0.3114903643322616,0.0014980694121021535,0.3115 ± 0.0015,0.2927574123647105,0.0003560684551242722,0.2928 ± 0.0004,0.2910013583396224,0.001487407731498407,0.2910 ± 0.0015,0.29354913103167607,0.0025204591894938248,0.2935 ± 0.0025,0.3333333333333333,0.0,0.3333 ± 0.0000,0.3333333333333333,0.0,0.3333 ± 0.0000,0.3333333333333333,0.0,0.3333 ± 0.0000,0.8782722370941315,0.0010682053653727943,0.8783 ± 0.0011,0.8730040750188671,0.004462223194495161,0.8730 ± 0.0045,0.8806473930950283,0.0075613775684815416,0.8806 ± 0.0076,0.3117304513448851,0.0002018707394772963,0.3117 ± 0.0002,0.3107306062830309,0.0008473589747418499,0.3107 ± 0.0008,0.3121742050946209,0.0014311360755257711,0.3122 ± 0.0014,0.2927574123647105,0.000356068455124282,0.2928 ± 0.0004,0.2910013583396224,0.0014874077314983955,0.2910 ± 0.0015,0.29354913103167607,0.002520459189493827,0.2935 ± 0.0025,0.3333333333333333,0.0,0.3333 ± 0.0000,0.3333333333333333,0.0,0.3333 ± 0.0000,0.3333333333333333,0.0,0.3333 ± 0.0000,0.8782722370941315,0.0010682053653727943,0.8783 ± 0.0011,0.16936491499637413,0.001974964036576891,0.1694 ± 0.0020,0.0,0.0,0.0000 ± 0.0000,0.04763715209050562,0.0010408952270642342,0.0476 ± 0.0010,0.8730040750188671,0.004462223194495161,0.8730 ± 0.0045,0.17696966381820903,0.003197495204136739,0.1770 ± 0.0032,0.0,0.0,0.0000 ± 0.0000,0.04997373883707612,0.0025729605734520736,0.0500 ± 0.0026,0.8806473930950283,0.0075613775684815416,0.8806 ± 0.0076,0.16653162881177375,0.011821745138860246,0.1665 ± 0.0118,0.0,0.0,0.0000 ± 0.0000,0.04717902190680194,0.00461795699269976,0.0472 ± 0.0046
nas_best_efficientnet_2d,EfficientNet 2D,efficientnet,2d,left_neural_foraminal_narrowing,5,0.8648820394048575,0.021640114421107994,0.8649 ± 0.0216,0.8381754597108187,0.008015017176864416,0.8382 ± 0.0080,0.8280244653442805,0.012687777324405184,0.8280 ± 0.0127,0.31961628769723116,0.05494616801987783,0.3196 ± 0.0549,0.42688475676430404,0.02198034898569551,0.4269 ± 0.0220,0.44097170183206663,0.02862153774315786,0.4410 ± 0.0286,0.8695150311492805,0.022276988156655707,0.8695 ± 0.0223,0.8381754466330736,0.008015018122648477,0.8382 ± 0.0080,0.8280244530244529,0.012687778346795157,0.8280 ± 0.0127,0.6016597415757509,0.07180708932261386,0.6017 ± 0.0718,0.5145703711798629,0.028709095402699215,0.5146 ± 0.0287,0.5121191708119579,0.03198814469609976,0.5121 ± 0.0320,0.667991764371956,0.09728202290490452,0.6680 ± 0.0973,0.5663054524902543,0.05981445229938703,0.5663 ± 0.0598,0.5777007154391102,0.056998075368544295,0.5777 ± 0.0570,0.5890767380148839,0.06250738997396994,0.5891 ± 0.0625,0.5122148758870733,0.028821979624252602,0.5122 ± 0.0288,0.5151851121204482,0.03841430994064793,0.5152 ± 0.0384,0.8695150311492805,0.022276988156655672,0.8695 ± 0.0223,0.8381754466330736,0.008015018122648498,0.8382 ± 0.0080,0.828024453024453,0.012687778346795088,0.8280 ± 0.0127,0.7226804081079652,0.06258068301207498,0.7227 ± 0.0626,0.648112467481445,0.04116190795469356,0.6481 ± 0.0412,0.6276821660391515,0.0369914844191923,0.6277 ± 0.0370,0.7433657956027743,0.05505309525025727,0.7434 ± 0.0551,0.6901862209004317,0.02995479767709089,0.6902 ± 0.0300,0.665455636447474,0.03803977956468364,0.6655 ± 0.0380,0.7239897335111756,0.07484187676644014,0.7240 ± 0.0748,0.6431768552188712,0.06228035719248258,0.6432 ± 0.0623,0.6269379445767573,0.047781675927835804,0.6269 ± 0.0478,0.8695150311492805,0.022276988156655672,0.8695 ± 0.0223,0.1332366195189076,0.023092998105956702,0.1332 ± 0.0231,0.7428585654884781,0.051975810490838686,0.7429 ± 0.0520,0.00275165066818812,0.001144956475772742,0.0028 ± 0.0011,0.8381754466330736,0.008015018122648498,0.8382 ± 0.0080,0.1666999541914796,0.008448165255754286,0.1667 ± 0.0084,0.6652246716391241,0.03322276039072971,0.6652 ± 0.0332,0.00487540082455332,0.0020534877033879266,0.0049 ± 0.0021,0.828024453024453,0.012687778346795088,0.8280 ± 0.0127,0.17698290126861554,0.01404864498842187,0.1770 ± 0.0140,0.6494800762657494,0.027574396202253246,0.6495 ± 0.0276,0.00500735429306852,0.0016296141543318404,0.0050 ± 0.0016
nas_best_efficientnet_2d,EfficientNet 2D,efficientnet,2d,left_subarticular_stenosis,5,0.8723754122590371,0.036025530273087726,0.8724 ± 0.0360,0.8223860726164911,0.009736444848157931,0.8224 ± 0.0097,0.8156465217096501,0.013972452645903095,0.8156 ± 0.0140,0.30304010350094,0.0733254570197674,0.3030 ± 0.0733,0.5050533113439724,0.05729812595306509,0.5051 ± 0.0573,0.5174722840540136,0.09191877191527478,0.5175 ± 0.0919,0.8716946549074127,0.030058707228565892,0.8717 ± 0.0301,0.8223860650778999,0.009736435355239052,0.8224 ± 0.0097,0.815646509534416,0.013972449479182344,0.8156 ± 0.0140,0.6933763971042917,0.050280956189993994,0.6934 ± 0.0503,0.5966409892616823,0.022025716023033454,0.5966 ± 0.0220,0.6118191960391275,0.024034278523009555,0.6118 ± 0.0240,0.7639398774591871,0.07274093179554267,0.7639 ± 0.0727,0.6452364797854886,0.044668385000191047,0.6452 ± 0.0447,0.6791084986400968,0.05796097959115426,0.6791 ± 0.0580,0.6722840397738997,0.040305654480773064,0.6723 ± 0.0403,0.5839338160298727,0.018748475474446098,0.5839 ± 0.0187,0.5966240603022309,0.02256554135640888,0.5966 ± 0.0226,0.8716946549074128,0.030058707228565844,0.8717 ± 0.0301,0.8223860650778999,0.009736435355239005,0.8224 ± 0.0097,0.815646509534416,0.013972449479182343,0.8156 ± 0.0140,0.7849396444371484,0.058836849495042975,0.7849 ± 0.0588,0.6878722456490667,0.016877233793146526,0.6879 ± 0.0169,0.6855057383258012,0.020162155810329114,0.6855 ± 0.0202,0.8017565700948921,0.07403497719695452,0.8018 ± 0.0740,0.6994711658343727,0.02046935691618578,0.6995 ± 0.0205,0.6951786105529607,0.023548669232508392,0.6952 ± 0.0235,0.7752208510773217,0.043092577239164855,0.7752 ± 0.0431,0.6866243653969797,0.021676591931896493,0.6866 ± 0.0217,0.6840393887981001,0.028244067415016904,0.6840 ± 0.0282,0.8716946549074128,0.030058707228565844,0.8717 ± 0.0301,0.13336288324644505,0.03228980699226677,0.1334 ± 0.0323,0.8262715340840359,0.03528049391454978,0.8263 ± 0.0353,0.00505753815385786,0.002740139199610517,0.0051 ± 0.0027,0.8223860650778999,0.009736435355239005,0.8224 ± 0.0097,0.1873490128542806,0.011269387804217301,0.1873 ± 0.0113,0.7474330160032545,0.009848220644236771,0.7474 ± 0.0098,0.009735077932180581,0.0018444406197433384,0.0097 ± 0.0018,0.815646509534416,0.013972449479182343,0.8156 ± 0.0140,0.19309221102439786,0.014589548726715558,0.1931 ± 0.0146,0.7513031232840077,0.018332220032079936,0.7513 ± 0.0183,0.008738720558813822,0.002015781309242939,0.0087 ± 0.0020
nas_best_efficientnet_2d,EfficientNet 2D,efficientnet,2d,right_neural_foraminal_narrowing,5,0.8794997912931265,0.011189604396614736,0.8795 ± 0.0112,0.8429044006389714,0.012721981121349674,0.8429 ± 0.0127,0.842771659804346,0.012636444117293238,0.8428 ± 0.0126,0.2996873356730182,0.027567851146938126,0.2997 ± 0.0276,0.4099380666607577,0.02386587100902497,0.4099 ± 0.0239,0.4160297913660041,0.03344321244835957,0.4160 ± 0.0334,0.8863116762109483,0.010552789502134362,0.8863 ± 0.0106,0.8429043910738827,0.012721982415681305,0.8429 ± 0.0127,0.8427716492002206,0.012636440634294284,0.8428 ± 0.0126,0.6067397018541794,0.039937461990574304,0.6067 ± 0.0399,0.5354391115545372,0.03166616214311789,0.5354 ± 0.0317,0.5354805593177382,0.05006337719354623,0.5355 ± 0.0501,0.673115348296214,0.04467156576542489,0.6731 ± 0.0447,0.6021565596615186,0.03611467184230576,0.6022 ± 0.0361,0.5883166828228107,0.053201107441343626,0.5883 ± 0.0532,0.5928047514446392,0.0363444502034135,0.5928 ± 0.0363,0.5236898645886867,0.02762443185476597,0.5237 ± 0.0276,0.524049155720818,0.046974163107984745,0.5240 ± 0.0470,0.8863116762109483,0.010552789502134362,0.8863 ± 0.0106,0.8429043910738827,0.012721982415681309,0.8429 ± 0.0127,0.8427716492002206,0.012636440634294236,0.8428 ± 0.0126,0.7627332766981607,0.028408741531969397,0.7627 ± 0.0284,0.6756514569473848,0.015980794956307578,0.6757 ± 0.0160,0.669824763132952,0.033553252421814415,0.6698 ± 0.0336,0.7860652168988471,0.02651994214838744,0.7861 ± 0.0265,0.7092930950643528,0.018375477452134154,0.7093 ± 0.0184,0.7208462775400735,0.03900963116028874,0.7208 ± 0.0390,0.7475266195829601,0.034371699410642415,0.7475 ± 0.0344,0.6535315258560347,0.027298301706666063,0.6535 ± 0.0273,0.639351538266099,0.03609127249882963,0.6394 ± 0.0361,0.8863116762109483,0.010552789502134362,0.8863 ± 0.0106,0.11552268312625394,0.011533983749806232,0.1155 ± 0.0115,0.7660854157145753,0.030411341502011437,0.7661 ± 0.0304,0.00183435933720232,0.0010536639418144388,0.0018 ± 0.0011,0.8429043910738827,0.012721982415681309,0.8429 ± 0.0127,0.16047857438898597,0.012685733651131353,0.1605 ± 0.0127,0.6725068775171849,0.021726855190879423,0.6725 ± 0.0217,0.0033829654628685603,0.0015093229590329672,0.0034 ± 0.0015,0.8427716492002206,0.012636440634294236,0.8428 ± 0.0126,0.16155819084390508,0.01263364151959305,0.1616 ± 0.0126,0.6646703764506736,0.025234980639599707,0.6647 ± 0.0252,0.00432984004412572,0.001554372753630793,0.0043 ± 0.0016
nas_best_efficientnet_2d,EfficientNet 2D,efficientnet,2d,right_subarticular_stenosis,5,0.8377173457715605,0.036199245264506276,0.8377 ± 0.0362,0.803884414128724,0.01004779284210309,0.8039 ± 0.0100,0.8046122928465624,0.009133029055742108,0.8046 ± 0.0091,0.3827424393497017,0.07332753515189441,0.3827 ± 0.0733,0.5052590623422404,0.06280875308268696,0.5053 ± 0.0628,0.49563374901295515,0.04670339246266663,0.4956 ± 0.0467,0.8400708344295384,0.03227574641467179,0.8401 ± 0.0323,0.803884399821437,0.0100477909830083,0.8039 ± 0.0100,0.8046122822941735,0.009133029282841973,0.8046 ± 0.0091,0.6616390990131468,0.0893588596748686,0.6616 ± 0.0894,0.5730111877939525,0.02315953988929561,0.5730 ± 0.0232,0.5763650867010186,0.01980993643365509,0.5764 ± 0.0198,0.7260355295037468,0.09908278729713892,0.7260 ± 0.0991,0.6513475222380611,0.0503928937999264,0.6513 ± 0.0504,0.6468262391512233,0.05020182575967617,0.6468 ± 0.0502,0.643750769466167,0.08204283610756309,0.6438 ± 0.0820,0.563695653670502,0.01637011750533608,0.5637 ± 0.0164,0.566313219880375,0.012078252243137848,0.5663 ± 0.0121,0.8400708344295384,0.03227574641467184,0.8401 ± 0.0323,0.803884399821437,0.010047790983008273,0.8039 ± 0.0100,0.8046122822941733,0.009133029282842027,0.8046 ± 0.0091,0.7303568529964035,0.0659196188572093,0.7304 ± 0.0659,0.6709504959368887,0.012793234852243747,0.6710 ± 0.0128,0.6748634678492664,0.0152699085940057,0.6749 ± 0.0153,0.7322955217952369,0.05947331454411603,0.7323 ± 0.0595,0.6822153222479107,0.02282634054138722,0.6822 ± 0.0228,0.6890854295076947,0.020669654076790795,0.6891 ± 0.0207,0.7340856818015529,0.07084036706407353,0.7341 ± 0.0708,0.667896692135068,0.013840044889434104,0.6679 ± 0.0138,0.6697406630933236,0.016170043930240678,0.6697 ± 0.0162,0.8400708344295384,0.03227574641467184,0.8401 ± 0.0323,0.16821338658436086,0.03524704426327928,0.1682 ± 0.0352,0.7812239675574275,0.04785980073388288,0.7812 ± 0.0479,0.008284221013899399,0.0035733845264851348,0.0083 ± 0.0036,0.803884399821437,0.010047790983008273,0.8039 ± 0.0100,0.20707878809871993,0.011507701425399768,0.2071 ± 0.0115,0.7210137410004458,0.0194141908466359,0.7210 ± 0.0194,0.01096318792015692,0.0039040542496113217,0.0110 ± 0.0039,0.8046122822941733,0.009133029282842027,0.8046 ± 0.0091,0.20620768029996142,0.00894333043818896,0.2062 ± 0.0089,0.725338162463839,0.01209748522390433,0.7253 ± 0.0121,0.01081996259413486,0.002131799907902455,0.0108 ± 0.0021
nas_best_efficientnet_2d,EfficientNet 2D,efficientnet,2d,spinal_canal_stenosis,5,0.9270179635209985,0.0124102061281805,0.9270 ± 0.0124,0.9107772832173694,0.010589733685285986,0.9108 ± 0.0106,0.919568442049016,0.007162532380492447,0.9196 ± 0.0072,0.1781333614548897,0.03389953234773956,0.1781 ± 0.0339,0.27963436085054083,0.06125977809987676,0.2796 ± 0.0613,0.259842192143309,0.034046437043945145,0.2598 ± 0.0340,0.9318906632602537,0.01294401352274637,0.9319 ± 0.0129,0.9107772751165164,0.010589742290968365,0.9108 ± 0.0106,0.9195684362394407,0.007162533569284233,0.9196 ± 0.0072,0.5862932393913244,0.05272681287253736,0.5863 ± 0.0527,0.553530870027517,0.056888117934117265,0.5535 ± 0.0569,0.5391777536541644,0.03983009877588376,0.5392 ± 0.0398,0.6514486864951003,0.07186174347888473,0.6514 ± 0.0719,0.5995914639878339,0.07437839432740266,0.5996 ± 0.0744,0.5567899956750274,0.044046136534125015,0.5568 ± 0.0440,0.5775591597692735,0.045622083586297844,0.5776 ± 0.0456,0.550734235882768,0.04123700396001977,0.5507 ± 0.0412,0.5482399387714706,0.039366989088269334,0.5482 ± 0.0394,0.9318906632602537,0.012944013522746423,0.9319 ± 0.0129,0.9107772751165166,0.010589742290968417,0.9108 ± 0.0106,0.9195684362394407,0.007162533569284233,0.9196 ± 0.0072,0.7325991338889295,0.05960937810096704,0.7326 ± 0.0596,0.6582453608947347,0.03978096924165674,0.6582 ± 0.0398,0.6767158866461854,0.02660945715819429,0.6767 ± 0.0266,0.7760896987721186,0.06252348046870464,0.7761 ± 0.0625,0.6849260866624309,0.041643462178771934,0.6849 ± 0.0416,0.7114560849711169,0.037000504007880755,0.7115 ± 0.0370,0.7106534337439061,0.05006598504318224,0.7107 ± 0.0501,0.647764946325369,0.026923111410576676,0.6478 ± 0.0269,0.6629123792063827,0.0294796943735925,0.6629 ± 0.0295,0.9318906632602537,0.012944013522746423,0.9319 ± 0.0129,0.07536502301696509,0.017726055536813525,0.0754 ± 0.0177,0.8037617618811981,0.04885846168299974,0.8038 ± 0.0489,0.00725568627721882,0.004890654220732781,0.0073 ± 0.0049,0.9107772751165166,0.010589742290968417,0.9108 ± 0.0106,0.09903797945448943,0.013106297166551538,0.0990 ± 0.0131,0.754321289786471,0.029455128759465033,0.7543 ± 0.0295,0.00981525457100596,0.0029335565743562986,0.0098 ± 0.0029,0.9195684362394407,0.007162533569284233,0.9196 ± 0.0072,0.08968946728843576,0.009450922478843195,0.0897 ± 0.0095,0.7618067357834883,0.02942434613847973,0.7618 ± 0.0294,0.00925790352787654,0.00380306027208787,0.0093 ± 0.0038
nas_best_maxvit3d_3d,MaxViT 3D,maxvit3d,3d_level_stack,right_subarticular_stenosis,5,0.8172382694180085,0.05691787829674217,0.8172 ± 0.0569,0.7830241612207445,0.009361880348268892,0.7830 ± 0.0094,0.7750691030009789,0.006659588093982578,0.7751 ± 0.0067,0.4217749119148036,0.11861622011463267,0.4218 ± 0.1186,0.5584058012930855,0.03991481501926969,0.5584 ± 0.0399,0.5590948126807255,0.03730061828838444,0.5591 ± 0.0373,0.8274269265416232,0.05250598055107826,0.8274 ± 0.0525,0.7830241542332376,0.009361881217592386,0.7830 ± 0.0094,0.7750691018222342,0.006659585239868774,0.7751 ± 0.0067,0.6025816555033385,0.13991102515128756,0.6026 ± 0.1399,0.5031435438488983,0.06346988823027674,0.5031 ± 0.0635,0.5030832371023781,0.05462646708522873,0.5031 ± 0.0546,0.6882336655378745,0.09185325157949101,0.6882 ± 0.0919,0.5429370675610153,0.06503473910145442,0.5429 ± 0.0650,0.5593916428005772,0.036950936903507266,0.5594 ± 0.0370,0.5981552040758729,0.13130347390080965,0.5982 ± 0.1313,0.5015677477410742,0.05279942121984142,0.5016 ± 0.0528,0.5003428142670188,0.048564644305807224,0.5003 ± 0.0486,0.827426926541623,0.052505980551078184,0.8274 ± 0.0525,0.7830241542332376,0.009361881217592346,0.7830 ± 0.0094,0.7750691018222342,0.006659585239868807,0.7751 ± 0.0067,0.6813674609245562,0.11208294556849976,0.6814 ± 0.1121,0.5975659364059978,0.042582414757326395,0.5976 ± 0.0426,0.5880285428020969,0.034523108219942804,0.5880 ± 0.0345,0.7194327388365727,0.08235856326108,0.7194 ± 0.0824,0.6454754700594174,0.023428498974730556,0.6455 ± 0.0234,0.6394552272112329,0.017009545284309133,0.6395 ± 0.0170,0.6655334423733539,0.12302481030243687,0.6655 ± 0.1230,0.5782352352921326,0.05135866863146486,0.5782 ± 0.0514,0.5679990279318059,0.04867656255625265,0.5680 ± 0.0487,0.827426926541623,0.052505980551078184,0.8274 ± 0.0525,0.18943687356449027,0.0649367073350828,0.1894 ± 0.0649,0.7107968499454594,0.13301620897959,0.7108 ± 0.1330,0.01686380010611324,0.012865374225948153,0.0169 ± 0.0129,0.7830241542332376,0.009361881217592346,0.7830 ± 0.0094,0.24631489615309884,0.016650446710390815,0.2463 ± 0.0167,0.5952982990519965,0.06095182584043547,0.5953 ± 0.0610,0.029339050386336364,0.008611056663803624,0.0293 ± 0.0086,0.7750691018222342,0.006659585239868807,0.7751 ± 0.0067,0.25026064122690184,0.01604636482952266,0.2503 ± 0.0160,0.6031411728020075,0.08435613455903895,0.6031 ± 0.0844,0.025329743049136065,0.01181681920183235,0.0253 ± 0.0118
nas_best_maxvit_2d,MaxViT 2D,maxvit,2d,right_subarticular_stenosis,5,0.8523091854035332,0.01946437125586454,0.8523 ± 0.0195,0.8230236111522883,0.005504038717542951,0.8230 ± 0.0055,0.8069838007788943,0.013487080119351003,0.8070 ± 0.0135,0.3454981750137548,0.03801904866493844,0.3455 ± 0.0380,0.432478824448741,0.014954851275950504,0.4325 ± 0.0150,0.4373757773453546,0.010346545639457087,0.4374 ± 0.0103,0.8535110651803972,0.015148384468526118,0.8535 ± 0.0151,0.8230235969326865,0.005504044850407973,0.8230 ± 0.0055,0.8069837808268053,0.013487095286369792,0.8070 ± 0.0135,0.6760995448028216,0.02988095700209395,0.6761 ± 0.0299,0.6191012654373599,0.01601999438424153,0.6191 ± 0.0160,0.594193426171783,0.014208003551420309,0.5942 ± 0.0142,0.7217115106968401,0.032129184931693665,0.7217 ± 0.0321,0.6583867130386419,0.03684806355979697,0.6584 ± 0.0368,0.6362322649947785,0.01404297523230251,0.6362 ± 0.0140,0.6543630288667186,0.026683124318022517,0.6544 ± 0.0267,0.6046032538462914,0.012965687118603278,0.6046 ± 0.0130,0.5853948141236686,0.007475688049297274,0.5854 ± 0.0075,0.8535110651803972,0.015148384468526134,0.8535 ± 0.0151,0.8230235969326865,0.005504044850407905,0.8230 ± 0.0055,0.8069837808268053,0.01348709528636979,0.8070 ± 0.0135,0.7455290475278803,0.030555179301696198,0.7455 ± 0.0306,0.6921509886808848,0.017949682108307274,0.6922 ± 0.0179,0.6699953057806047,0.02339256085798682,0.6700 ± 0.0234,0.7628127836927311,0.03351375743133321,0.7628 ± 0.0335,0.7061297785879673,0.027597820041714315,0.7061 ± 0.0276,0.6813875038526019,0.03574008091026861,0.6814 ± 0.0357,0.7355455350086283,0.028708228327321988,0.7355 ± 0.0287,0.6849126271136922,0.016867309373495964,0.6849 ± 0.0169,0.6683907779303253,0.011180512989007955,0.6684 ± 0.0112,0.8535110651803972,0.015148384468526134,0.8535 ± 0.0151,0.15178924218928236,0.017053750013160566,0.1518 ± 0.0171,0.8031491954559323,0.023590937937386737,0.8031 ± 0.0236,0.00530030736967948,0.0021235210663327563,0.0053 ± 0.0021,0.8230235969326865,0.005504044850407905,0.8230 ± 0.0055,0.18645356057482587,0.007700675385905293,0.1865 ± 0.0077,0.7487606448214106,0.0176958023423809,0.7488 ± 0.0177,0.00947715750751238,0.003566790432920077,0.0095 ± 0.0036,0.8069837808268053,0.01348709528636979,0.8070 ± 0.0135,0.20238127073426915,0.012717804427052372,0.2024 ± 0.0127,0.7382146972238608,0.008045381251642794,0.7382 ± 0.0080,0.0093650515610744,0.001900241041821939,0.0094 ± 0.0019
nas_best_vit3d_3d,ViT 3D,vit3d,3d_level_stack,left_neural_foraminal_narrowing,5,0.7757267581158402,0.0044983018509869655,0.7757 ± 0.0045,0.7729148206413747,0.005829281840731989,0.7729 ± 0.0058,0.7710507436937478,0.0072492873707072185,0.7711 ± 0.0072,0.5881757566529192,0.04740405023800332,0.5882 ± 0.0474,0.6194940042998122,0.05878140432727804,0.6195 ± 0.0588,0.6249698933618737,0.054635446309115016,0.6250 ± 0.0546,0.7801890410646422,0.0026791031923685356,0.7802 ± 0.0027,0.7729147961520842,0.00582926912304623,0.7729 ± 0.0058,0.7710507446221732,0.007249281441359581,0.7711 ± 0.0072,0.2912918209534623,0.0017439985559333736,0.2913 ± 0.0017,0.2907222325694451,0.003131261868697682,0.2907 ± 0.0031,0.29011999944481326,0.004080871778719918,0.2901 ± 0.0041,0.2755051820497426,0.0152127074011737,0.2755 ± 0.0152,0.2855483659494474,0.02047708965643142,0.2855 ± 0.0205,0.2866286129515891,0.037129002436463686,0.2866 ± 0.0371,0.3336699834181398,0.0007184305692859206,0.3337 ± 0.0007,0.3343137536207692,0.0013523835174899935,0.3343 ± 0.0014,0.33364316885991285,0.0010895143898047824,0.3336 ± 0.0011,0.7801890410646422,0.002679103192368527,0.7802 ± 0.0027,0.7729147961520842,0.005829269123046237,0.7729 ± 0.0058,0.7710507446221732,0.00724928144135956,0.7711 ± 0.0072,0.2946088453261933,0.0027718506903405826,0.2946 ± 0.0028,0.29490479283515647,0.0038847805673576418,0.2949 ± 0.0039,0.29485001224910634,0.0068205039037285186,0.2949 ± 0.0068,0.3356049826542199,0.07633864023242748,0.3356 ± 0.0763,0.3969070430368351,0.09952696412485158,0.3969 ± 0.0995,0.3751969504942875,0.175333218757815,0.3752 ± 0.1753,0.33418039737328104,0.0012077968277148094,0.3342 ± 0.0012,0.33510216415286637,0.001728983851354916,0.3351 ± 0.0017,0.33492260381274075,0.0025099268977063468,0.3349 ± 0.0025,0.7801890410646422,0.002679103192368527,0.7802 ± 0.0027,0.25981103016356716,0.002427186716525879,0.2598 ± 0.0024,0.004355724373099159,0.0048749493007484304,0.0044 ± 0.0049,0.04000007122820924,0.0006717233463509541,0.0400 ± 0.0007,0.7729147961520842,0.005829269123046237,0.7729 ± 0.0058,0.2672995877233165,0.005876518144773175,0.2673 ± 0.0059,0.006326593452632539,0.004439244822035418,0.0063 ± 0.0044,0.0402143838754008,0.0022244309260845197,0.0402 ± 0.0022,0.7710507446221732,0.00724928144135956,0.7711 ± 0.0072,0.2685980878838021,0.007322181081998438,0.2686 ± 0.0073,0.006975087559369821,0.006566095309685761,0.0070 ± 0.0066,0.03964883250597532,0.001248170715200244,0.0396 ± 0.0012
nas_best_vit3d_3d,ViT 3D,vit3d,3d_level_stack,left_subarticular_stenosis,5,0.763575190891087,0.013793144576781947,0.7636 ± 0.0138,0.7508099598779667,0.014038746647945764,0.7508 ± 0.0140,0.7410930079238979,0.013316067261915724,0.7411 ± 0.0133,0.5610627844926993,0.04684546333437542,0.5611 ± 0.0468,0.6257596878682983,0.0779276902087761,0.6258 ± 0.0779,0.6559643304342331,0.06874238454400065,0.6560 ± 0.0687,0.7523405682319495,0.015796455731032836,0.7523 ± 0.0158,0.7508099476045043,0.014038764926856347,0.7508 ± 0.0140,0.7410930005989534,0.013316082600843554,0.7411 ± 0.0133,0.3904385097472666,0.04296430876516818,0.3904 ± 0.0430,0.3954605030724757,0.041100356381966206,0.3955 ± 0.0411,0.3941729013661989,0.04515427076147504,0.3942 ± 0.0452,0.5028455487825099,0.1007230754430472,0.5028 ± 0.1007,0.4481902930947566,0.08813032737997456,0.4482 ± 0.0881,0.4933118773567452,0.08578546247830122,0.4933 ± 0.0858,0.4033268241889784,0.023055518146319866,0.4033 ± 0.0231,0.410134663911531,0.022161315409963373,0.4101 ± 0.0222,0.4052424373189596,0.028215994399943465,0.4052 ± 0.0282,0.7523405682319495,0.015796455731032864,0.7523 ± 0.0158,0.7508099476045043,0.014038764926856283,0.7508 ± 0.0140,0.7410930005989533,0.013316082600843557,0.7411 ± 0.0133,0.4732154941881698,0.045998238410009454,0.4732 ± 0.0460,0.48304076958498116,0.03923944292299158,0.4830 ± 0.0392,0.4780480303735451,0.03830884360366456,0.4780 ± 0.0383,0.6185857535308492,0.07401094558592392,0.6186 ± 0.0740,0.5785609078597147,0.04234006693242397,0.5786 ± 0.0423,0.5904061148059825,0.05733776011260677,0.5904 ± 0.0573,0.45905945642980567,0.03278579690031074,0.4591 ± 0.0328,0.4743292993814393,0.03270812255990105,0.4743 ± 0.0327,0.4655349240615953,0.035668428581785434,0.4655 ± 0.0357,0.7523405682319495,0.015796455731032864,0.7523 ± 0.0158,0.2998728698931768,0.027964833229127562,0.2999 ± 0.0280,0.3966894837783924,0.061435191914241634,0.3967 ± 0.0614,0.0522134381251262,0.01348584123573899,0.0522 ± 0.0135,0.7508099476045043,0.014038764926856283,0.7508 ± 0.0140,0.29378904693654473,0.02620918872948985,0.2938 ± 0.0262,0.44043442188374327,0.061093503404919876,0.4404 ± 0.0611,0.04459899454104892,0.012886490331670027,0.0446 ± 0.0129,0.7410930005989533,0.013316082600843557,0.7411 ± 0.0133,0.3089713078456377,0.023326647155001698,0.3090 ± 0.0233,0.4148326788266191,0.0625495607149927,0.4148 ± 0.0625,0.05006430844459105,0.012787590440174829,0.0501 ± 0.0128
nas_best_vit3d_3d,ViT 3D,vit3d,3d_level_stack,right_neural_foraminal_narrowing,5,0.7825309232861091,0.0024802054360895196,0.7825 ± 0.0025,0.7785862156053438,0.009193490246591732,0.7786 ± 0.0092,0.7659119355511985,0.006927767600267364,0.7659 ± 0.0069,0.6040302136632952,0.04671461544735366,0.6040 ± 0.0467,0.6300920147959872,0.051630580411419116,0.6301 ± 0.0516,0.6457265747187441,0.0686442425818186,0.6457 ± 0.0686,0.7842782131841972,0.0016060918063587123,0.7843 ± 0.0016,0.7785861963658574,0.009193496864272479,0.7786 ± 0.0092,0.7659119323405038,0.006927777403200517,0.7659 ± 0.0069,0.30020821850448504,0.011207137451224283,0.3002 ± 0.0112,0.3022614599719184,0.01166272869372299,0.3023 ± 0.0117,0.2937780933447845,0.007587752985550957,0.2938 ± 0.0076,0.3370524745038709,0.037149463677436274,0.3371 ± 0.0371,0.3224643255641097,0.04569293756876898,0.3225 ± 0.0457,0.3071582606955807,0.029203305741783238,0.3072 ± 0.0292,0.3364574264547069,0.004443610197183951,0.3365 ± 0.0044,0.3384570565156577,0.004994145512641878,0.3385 ± 0.0050,0.33244192801970474,0.0018541408419345505,0.3324 ± 0.0019,0.7842782131841972,0.0016060918063586537,0.7843 ± 0.0016,0.7785861963658574,0.009193496864272416,0.7786 ± 0.0092,0.7659119323405038,0.006927777403200526,0.7659 ± 0.0069,0.3092321486198719,0.018871752724884224,0.3092 ± 0.0189,0.31276042552773164,0.019132175029293503,0.3128 ± 0.0191,0.3014362919848939,0.013262573296830433,0.3014 ± 0.0133,0.4247288334621436,0.023270878867301285,0.4247 ± 0.0233,0.42932209855851405,0.12125965312352219,0.4293 ± 0.1213,0.3548972803806056,0.04724890001036779,0.3549 ± 0.0472,0.3402225934256202,0.008859968320015893,0.3402 ± 0.0089,0.342810495817553,0.009448801728380835,0.3428 ± 0.0094,0.3358819594030264,0.004339220560160666,0.3359 ± 0.0043,0.7842782131841972,0.0016060918063586537,0.7843 ± 0.0016,0.2530141614710769,0.002089504417653608,0.2530 ± 0.0021,0.022623102835923014,0.03247671475866084,0.0226 ± 0.0325,0.03729237465527404,0.0019895161722078727,0.0373 ± 0.0020,0.7785861963658574,0.009193496864272416,0.7786 ± 0.0092,0.2600076752643338,0.010935241274199816,0.2600 ± 0.0109,0.0314217042247096,0.036279111577071574,0.0314 ± 0.0363,0.0385938716301912,0.0031014942459187123,0.0386 ± 0.0031,0.7659119323405038,0.006927777403200526,0.7659 ± 0.0069,0.27454495311638166,0.008792595207572354,0.2745 ± 0.0088,0.00985508542622024,0.020301961470889304,0.0099 ± 0.0203,0.0404568854568854,0.002291847213547816,0.0405 ± 0.0023
nas_best_vit3d_3d,ViT 3D,vit3d,3d_level_stack,right_subarticular_stenosis,5,0.7481637513133962,0.008674177404599633,0.7482 ± 0.0087,0.7303947710621393,0.02147179901437701,0.7304 ± 0.0215,0.7293419574740141,0.0193662578500117,0.7293 ± 0.0194,0.6101892656789158,0.028932415017256612,0.6102 ± 0.0289,0.6924746140806806,0.07880987742193372,0.6925 ± 0.0788,0.690401401898424,0.0746625751496243,0.6904 ± 0.0747,0.7383570150010097,0.01347826055160642,0.7384 ± 0.0135,0.7303947411412277,0.021471794541629344,0.7304 ± 0.0215,0.7293419384472765,0.01936626053626731,0.7293 ± 0.0194,0.37357795656899,0.0244829490226897,0.3736 ± 0.0245,0.3741476238824922,0.018425430145550616,0.3741 ± 0.0184,0.3872050178694796,0.029709826902984453,0.3872 ± 0.0297,0.4461663546285572,0.051710925209776624,0.4462 ± 0.0517,0.4263909559328999,0.05720492332563378,0.4264 ± 0.0572,0.43490566481968596,0.06595076302879489,0.4349 ± 0.0660,0.3903046662658715,0.01935530992148626,0.3903 ± 0.0194,0.39085186814759754,0.011964001373053205,0.3909 ± 0.0120,0.399864170353161,0.021832250805431084,0.3999 ± 0.0218,0.7383570150010097,0.01347826055160642,0.7384 ± 0.0135,0.7303947411412277,0.021471794541629303,0.7304 ± 0.0215,0.7293419384472765,0.019366260536267332,0.7293 ± 0.0194,0.4545116213117294,0.04551917122129008,0.4545 ± 0.0455,0.46691790441167225,0.02149355731238332,0.4669 ± 0.0215,0.4764648722998436,0.04869998512650473,0.4765 ± 0.0487,0.5598323514488456,0.03999011124734862,0.5598 ± 0.0400,0.5456776628576773,0.03248355292337896,0.5457 ± 0.0325,0.5542260297839186,0.06357864076653945,0.5542 ± 0.0636,0.44554851023872233,0.04493035694618893,0.4455 ± 0.0449,0.4552709648842785,0.02920080111814359,0.4553 ± 0.0292,0.46248671195831587,0.04589047105430525,0.4625 ± 0.0459,0.7383570150010097,0.01347826055160642,0.7384 ± 0.0135,0.32293061932714756,0.017383279329714424,0.3229 ± 0.0174,0.3436318647122502,0.09662614665303496,0.3436 ± 0.0966,0.06128763432815716,0.007864434980589956,0.0613 ± 0.0079,0.7303947411412277,0.021471794541629303,0.7304 ± 0.0215,0.3257379485245884,0.030542797883953685,0.3257 ± 0.0305,0.3776454634781782,0.04543547001639276,0.3776 ± 0.0454,0.05613268966581614,0.00920211352859315,0.0561 ± 0.0092,0.7293419384472765,0.019366260536267332,0.7293 ± 0.0194,0.32758809659911636,0.022278108969016944,0.3276 ± 0.0223,0.37497272742419485,0.08772791041598466,0.3750 ± 0.0877,0.05693003504639295,0.004952277094512204,0.0569 ± 0.0050
nas_best_vit3d_3d,ViT 3D,vit3d,3d_level_stack,spinal_canal_stenosis,5,0.8809767805583475,0.0026029603059048332,0.8810 ± 0.0026,0.8765377983451602,0.008125285192550886,0.8765 ± 0.0081,0.881327415316167,0.008787462607563995,0.8813 ± 0.0088,0.404859156090944,0.06359078137315019,0.4049 ± 0.0636,0.40072515884945165,0.038869015263581955,0.4007 ± 0.0389,0.3935636544459425,0.037445212886998085,0.3936 ± 0.0374,0.8813695947207579,0.002465860412999608,0.8814 ± 0.0025,0.8765377998230791,0.00812527843461483,0.8765 ± 0.0081,0.8813274066007137,0.008787461376666068,0.8813 ± 0.0088,0.3569235306797354,0.010350181474143513,0.3569 ± 0.0104,0.3590748001112365,0.013694095137315516,0.3591 ± 0.0137,0.3491368234197853,0.01593183488902718,0.3491 ± 0.0159,0.4015478859482746,0.04309213120398062,0.4015 ± 0.0431,0.40278127427723065,0.04840245735544678,0.4028 ± 0.0484,0.37197497440712307,0.050383464685666214,0.3720 ± 0.0504,0.3642254975817343,0.008849313151240837,0.3642 ± 0.0088,0.36792792267953167,0.013644361862923804,0.3679 ± 0.0136,0.35828698349608107,0.011618884225819425,0.3583 ± 0.0116,0.8813695947207577,0.002465860412999627,0.8814 ± 0.0025,0.876537799823079,0.008125278434614804,0.8765 ± 0.0081,0.8813274066007135,0.008787461376666124,0.8813 ± 0.0088,0.4297525994690652,0.023997618663050866,0.4298 ± 0.0240,0.43023459568921824,0.038049894611281325,0.4302 ± 0.0380,0.4174805393675136,0.03746500898925447,0.4175 ± 0.0375,0.5741926368576374,0.02444437165094554,0.5742 ± 0.0244,0.555846033881395,0.04665491225070131,0.5558 ± 0.0467,0.5207202613370929,0.08722444514364008,0.5207 ± 0.0872,0.41056978582425474,0.02172496182357833,0.4106 ± 0.0217,0.4120773044813563,0.03042513874733258,0.4121 ± 0.0304,0.4040576727821093,0.03127967278033892,0.4041 ± 0.0313,0.8813695947207577,0.002465860412999627,0.8814 ± 0.0025,0.16097126356921176,0.004244981266425874,0.1610 ± 0.0042,0.2758626344357625,0.05327244423159096,0.2759 ± 0.0533,0.0423408582899695,0.002258683352976123,0.0423 ± 0.0023,0.876537799823079,0.008125278434614804,0.8765 ± 0.0081,0.16723883739747206,0.012385896739929703,0.1672 ± 0.0124,0.29157618134289637,0.07835827260754899,0.2916 ± 0.0784,0.04377663722055116,0.005160791309350971,0.0438 ± 0.0052,0.8813274066007135,0.008787461376666124,0.8813 ± 0.0088,0.16164608527575025,0.016004490186892623,0.1616 ± 0.0160,0.26394466949925277,0.10402816242071308,0.2639 ± 0.1040,0.04297349187646396,0.007974958151251241,0.0430 ± 0.0080
nas_best_vit_2d,ViT 2D,vit,2d,left_neural_foraminal_narrowing,5,0.6328686935081315,0.09605057728023178,0.6329 ± 0.0961,0.7726436362777671,0.004901930391931899,0.7726 ± 0.0049,0.772001292190913,0.008220815932591894,0.7720 ± 0.0082,3.6930385214640986,2.689270165870619,3.6930 ± 2.6893,1.9090596221359397,1.5598678872566327,1.9091 ± 1.5599,1.9518813439032727,1.6216103387897238,1.9519 ± 1.6216,0.7804206105035123,0.002353776797947772,0.7804 ± 0.0024,0.7726436097114062,0.004901928649407712,0.7726 ± 0.0049,0.7720012870012869,0.008220812019228762,0.7720 ± 0.0082,0.28982863808035586,0.0005656699260844061,0.2898 ± 0.0006,0.2879356719599627,0.0010394557966560457,0.2879 ± 0.0010,0.2880074333080924,0.002037723957898178,0.2880 ± 0.0020,0.26014020350117073,0.0007845922659825817,0.2601 ± 0.0008,0.257547869903802,0.0016339762164692328,0.2575 ± 0.0016,0.25733376233376226,0.0027402706730762253,0.2573 ± 0.0027,0.3333333333333333,0.0,0.3333 ± 0.0000,0.3333333333333333,0.0,0.3333 ± 0.0000,0.3333333333333333,0.0,0.3333 ± 0.0000,0.7804206105035122,0.0023537767979477904,0.7804 ± 0.0024,0.7726436097114062,0.004901928649407727,0.7726 ± 0.0049,0.7720012870012869,0.008220812019228703,0.7720 ± 0.0082,0.2922227879823922,0.0004951721866624042,0.2922 ± 0.0005,0.2905782330099923,0.001043452699355803,0.2906 ± 0.0010,0.29043774311065756,0.0017440657675032321,0.2904 ± 0.0017,0.26014020350117073,0.0007845922659826058,0.2601 ± 0.0008,0.25754786990380213,0.0016339762164692588,0.2575 ± 0.0016,0.25733376233376226,0.0027402706730762253,0.2573 ± 0.0027,0.3333333333333333,0.0,0.3333 ± 0.0000,0.3333333333333333,0.0,0.3333 ± 0.0000,0.3333333333333333,0.0,0.3333 ± 0.0000,0.7804206105035122,0.0023537767979477904,0.7804 ± 0.0024,0.2598111559140091,0.0021643978673524487,0.2598 ± 0.0022,0.0,0.0,0.0000 ± 0.0000,0.0402317664175213,0.0007228779187544955,0.0402 ± 0.0007,0.7726436097114062,0.004901928649407727,0.7726 ± 0.0049,0.2678419606046724,0.005041537870522753,0.2678 ± 0.0050,0.0,0.0,0.0000 ± 0.0000,0.04048557031607876,0.0019471888114780357,0.0405 ± 0.0019,0.7720012870012869,0.008220812019228703,0.7720 ± 0.0082,0.268189924618496,0.007783514071973228,0.2682 ± 0.0078,0.0,0.0,0.0000 ± 0.0000,0.040191211619783,0.0014595864783141026,0.0402 ± 0.0015
nas_best_vit_2d,ViT 2D,vit,2d,left_subarticular_stenosis,5,0.8447298323037629,0.01320669996071568,0.8447 ± 0.0132,0.829444984621191,0.01259202054877614,0.8294 ± 0.0126,0.8187331190297625,0.016669967030520753,0.8187 ± 0.0167,0.36751223379768805,0.029561577521689142,0.3675 ± 0.0296,0.4022325316409997,0.02554383883946167,0.4022 ± 0.0255,0.41311963081678293,0.01993079983941864,0.4131 ± 0.0199,0.8473135675420407,0.0077013436906924835,0.8473 ± 0.0077,0.8294449724015133,0.012592014661677234,0.8294 ± 0.0126,0.8187331183312525,0.01666996710262181,0.8187 ± 0.0167,0.6861962846178887,0.03520336336129414,0.6862 ± 0.0352,0.6510078869168664,0.029405765024454907,0.6510 ± 0.0294,0.6406058854244706,0.031062932166343527,0.6406 ± 0.0311,0.720019285385252,0.028065605880739846,0.7200 ± 0.0281,0.6718759495024168,0.037426854056958704,0.6719 ± 0.0374,0.6688127928106363,0.020143317844354774,0.6688 ± 0.0201,0.6696764416083425,0.0508794324206934,0.6697 ± 0.0509,0.6430855481115437,0.029522013193744426,0.6431 ± 0.0295,0.6323106289018038,0.04512216380258478,0.6323 ± 0.0451,0.8473135675420407,0.007701343690692518,0.8473 ± 0.0077,0.8294449724015133,0.012592014661677222,0.8294 ± 0.0126,0.8187331183312525,0.016669967102621766,0.8187 ± 0.0167,0.738097327043844,0.017671890895533286,0.7381 ± 0.0177,0.712793876446714,0.014126753255962693,0.7128 ± 0.0141,0.7015073860917055,0.01882290136375369,0.7015 ± 0.0188,0.7603175470478939,0.01513812791701652,0.7603 ± 0.0151,0.7235099070896431,0.021194663899311614,0.7235 ± 0.0212,0.7158526146807604,0.02134067304599389,0.7159 ± 0.0213,0.7228621497716567,0.034942087520067514,0.7229 ± 0.0349,0.7069327057569862,0.0272363307344346,0.7069 ± 0.0272,0.6928125407662299,0.02974632261928433,0.6928 ± 0.0297,0.8473135675420407,0.007701343690692518,0.8473 ± 0.0077,0.15717320376345262,0.007412966611233857,0.1572 ± 0.0074,0.7902169307960762,0.01588019798555859,0.7902 ± 0.0159,0.0044867713054933,0.0009876312206850916,0.0045 ± 0.0010,0.8294449724015133,0.012592014661677222,0.8294 ± 0.0126,0.17660757353075174,0.013564343567981012,0.1766 ± 0.0136,0.7630989141842945,0.016294944903417766,0.7631 ± 0.0163,0.00605254593226492,0.0012454657859899282,0.0061 ± 0.0012,0.8187331183312525,0.016669967102621766,0.8187 ± 0.0167,0.1874989404756166,0.014791713740401849,0.1875 ± 0.0148,0.7547046568588799,0.013406198511708907,0.7547 ± 0.0134,0.00623205880686906,0.002136638074060908,0.0062 ± 0.0021
nas_best_vit_2d,ViT 2D,vit,2d,right_neural_foraminal_narrowing,5,0.828748349552278,0.06604517841381666,0.8287 ± 0.0660,0.8286786243103652,0.03544730253285227,0.8287 ± 0.0354,0.8245642685642529,0.027396952964464073,0.8246 ± 0.0274,0.4191644053264804,0.1672733910717529,0.4192 ± 0.1673,0.42274465704298114,0.09821401149967396,0.4227 ± 0.0982,0.42222533184150757,0.088046758361033,0.4222 ± 0.0880,0.8472714727091027,0.03545766873641695,0.8473 ± 0.0355,0.8286786018117738,0.03544731046730966,0.8287 ± 0.0354,0.8245642581356867,0.027396960449306725,0.8246 ± 0.0274,0.5215293386575122,0.1330075612415529,0.5215 ± 0.1330,0.4968389348262061,0.12365457284146443,0.4968 ± 0.1237,0.4783191135540202,0.10891653119641022,0.4783 ± 0.1089,0.5806515272455788,0.18036389023424854,0.5807 ± 0.1804,0.5323941361521788,0.15897947915924854,0.5324 ± 0.1590,0.511396766486401,0.14337298915555505,0.5114 ± 0.1434,0.510819602597401,0.10432231878005246,0.5108 ± 0.1043,0.49587789466744026,0.1008444253123941,0.4959 ± 0.1008,0.4772840708167041,0.08488340064125759,0.4773 ± 0.0849,0.8472714727091029,0.035457668736416974,0.8473 ± 0.0355,0.8286786018117738,0.03544731046730963,0.8287 ± 0.0354,0.8245642581356867,0.02739696044930669,0.8246 ± 0.0274,0.6039562016899527,0.17627090342728516,0.6040 ± 0.1763,0.5683355313789706,0.1611528106948483,0.5683 ± 0.1612,0.556269586971492,0.15241550688570882,0.5563 ± 0.1524,0.6480044212155458,0.21676772185857987,0.6480 ± 0.2168,0.6020391587926849,0.19533384647815452,0.6020 ± 0.1953,0.6102779347684673,0.1992953767760933,0.6103 ± 0.1993,0.5835708569683402,0.14475489060046487,0.5836 ± 0.1448,0.5550044938115962,0.13101069236457452,0.5550 ± 0.1310,0.5400543554562809,0.12098225875765851,0.5401 ± 0.1210,0.8472714727091029,0.035457668736416974,0.8473 ± 0.0355,0.16276206385917474,0.0507890599377301,0.1628 ± 0.0508,0.5534160205161733,0.31051805365796814,0.5534 ± 0.3105,0.010033536568277619,0.01568004967433576,0.0100 ± 0.0157,0.8286786018117738,0.03544731046730963,0.8287 ± 0.0354,0.1818912686467166,0.0506416247327128,0.1819 ± 0.0506,0.5258889883481227,0.2969205072541244,0.5259 ± 0.2969,0.010569870458490258,0.015377873569814649,0.0106 ± 0.0154,0.8245642581356867,0.02739696044930669,0.8246 ± 0.0274,0.1867071152785438,0.04381725073669152,0.1867 ± 0.0438,0.5130077411729447,0.28834153888533404,0.5130 ± 0.2883,0.011271373414230521,0.016628904994947107,0.0113 ± 0.0166
nas_best_vit_2d,ViT 2D,vit,2d,right_subarticular_stenosis,5,0.8241652389569085,0.015079044771781609,0.8242 ± 0.0151,0.824193798766748,0.005963545317803327,0.8242 ± 0.0060,0.8125002331539275,0.006269747561559523,0.8125 ± 0.0063,0.41797417090726274,0.03051490559782167,0.4180 ± 0.0305,0.42456427093142324,0.012363782469586611,0.4246 ± 0.0124,0.4368689102512421,0.014582764193413469,0.4369 ± 0.0146,0.8286201712749038,0.00942978496329305,0.8286 ± 0.0094,0.8241937892948596,0.005963545578146993,0.8242 ± 0.0060,0.8125002247591115,0.006269736407736246,0.8125 ± 0.0063,0.624071551620852,0.046037301414660975,0.6241 ± 0.0460,0.6192368586434606,0.03701854960671064,0.6192 ± 0.0370,0.6073533730909468,0.036041217978193624,0.6074 ± 0.0360,0.6569522137490289,0.0621282030919459,0.6570 ± 0.0621,0.6395350231517206,0.04739405463324131,0.6395 ± 0.0474,0.6311558242583895,0.03955897194311126,0.6312 ± 0.0396,0.6107175410264103,0.04578857285352739,0.6107 ± 0.0458,0.6111418703653542,0.032319160915742356,0.6111 ± 0.0323,0.5998755211046087,0.03429844825992249,0.5999 ± 0.0343,0.8286201712749038,0.009429784963293008,0.8286 ± 0.0094,0.8241937892948596,0.005963545578147037,0.8242 ± 0.0060,0.8125002247591115,0.006269736407736275,0.8125 ± 0.0063,0.6921254363568099,0.02710251335599924,0.6921 ± 0.0271,0.6974210348913935,0.018481440119346926,0.6974 ± 0.0185,0.6789915767501709,0.012584529697003449,0.6790 ± 0.0126,0.7210698343255761,0.014242503234648018,0.7211 ± 0.0142,0.7243890027527777,0.02253335886976987,0.7244 ± 0.0225,0.7041730817318947,0.012129401432026439,0.7042 ± 0.0121,0.6726102707047235,0.03686680084405499,0.6726 ± 0.0369,0.6770956118858572,0.019528005376446417,0.6771 ± 0.0195,0.6613838307590129,0.021058895848568352,0.6614 ± 0.0211,0.8286201712749038,0.009429784963293008,0.8286 ± 0.0094,0.17804795951166558,0.010761519204942718,0.1780 ± 0.0108,0.7556219749189754,0.026885523548778302,0.7556 ± 0.0269,0.00666813078656942,0.0016372848169712133,0.0067 ± 0.0016,0.8241937892948596,0.005963545578147037,0.8242 ± 0.0060,0.18381074144857362,0.005706432096014052,0.1838 ± 0.0057,0.7430678916108118,0.016169062098518542,0.7431 ± 0.0162,0.00800453074343344,0.0019212521681830947,0.0080 ± 0.0019,0.8125002247591115,0.006269736407736275,0.8125 ± 0.0063,0.19610578090294456,0.005801655770463537,0.1961 ± 0.0058,0.73205948374315,0.012927941366448807,0.7321 ± 0.0129,0.00860600566205612,0.0017485489386227181,0.0086 ± 0.0017
nas_best_vit_2d,ViT 2D,vit,2d,spinal_canal_stenosis,5,0.9281948748571713,0.008891738504775749,0.9282 ± 0.0089,0.9200210628330874,0.005944900487756307,0.9200 ± 0.0059,0.9196867799915232,0.005681564423271561,0.9197 ± 0.0057,0.2919171766949738,0.07856504199200307,0.2919 ± 0.0786,0.33823595926790095,0.10222335568889158,0.3382 ± 0.1022,0.3497678670842296,0.10051434075972138,0.3498 ± 0.1005,0.9304813030284738,0.008972408720486678,0.9305 ± 0.0090,0.9200210474707694,0.005944908664264834,0.9200 ± 0.0059,0.9196867792648387,0.005681565211622874,0.9197 ± 0.0057,0.6730696190349833,0.05133935899964678,0.6731 ± 0.0513,0.6241942310064459,0.01992150390860083,0.6242 ± 0.0199,0.5948786029508584,0.01581269519752939,0.5949 ± 0.0158,0.7382096403276462,0.021197632540016335,0.7382 ± 0.0212,0.6622963653471389,0.021281068026413927,0.6623 ± 0.0213,0.6383174084982772,0.03659505215633123,0.6383 ± 0.0366,0.6542102107439428,0.06549823815214638,0.6542 ± 0.0655,0.6192201919308824,0.03677760990069251,0.6192 ± 0.0368,0.5983377155010674,0.032070592373849835,0.5983 ± 0.0321,0.930481303028474,0.008972408720486774,0.9305 ± 0.0090,0.9200210474707694,0.005944908664264764,0.9200 ± 0.0059,0.9196867792648387,0.005681565211622927,0.9197 ± 0.0057,0.7329121374326762,0.04668199276818177,0.7329 ± 0.0467,0.6967809787232939,0.014233427979807017,0.6968 ± 0.0142,0.6817133127509163,0.02396485207807109,0.6817 ± 0.0240,0.7743465887807606,0.03152314126704394,0.7743 ± 0.0315,0.7295895463650901,0.03981547478975408,0.7296 ± 0.0398,0.7076776514045415,0.032165588789383345,0.7077 ± 0.0322,0.705217816269844,0.057984568264217766,0.7052 ± 0.0580,0.676151388914966,0.025339567235263302,0.6762 ± 0.0253,0.6634189457056048,0.031049358304611727,0.6634 ± 0.0310,0.930481303028474,0.008972408720486774,0.9305 ± 0.0090,0.07634903630492358,0.010902282001355937,0.0763 ± 0.0109,0.7953469035440758,0.04163657833289502,0.7953 ± 0.0416,0.0068303393333975,0.002126367288189491,0.0068 ± 0.0021,0.9200210474707694,0.005944908664264764,0.9200 ± 0.0059,0.08587061729297271,0.005330909942109295,0.0859 ± 0.0053,0.7882554214531023,0.021092116490319526,0.7883 ± 0.0211,0.00589166476374198,0.001445704239318022,0.0059 ± 0.0014,0.9196867792648387,0.005681565211622927,0.9197 ± 0.0057,0.08761182874149445,0.008363106696050697,0.0876 ± 0.0084,0.7686778244038222,0.032843065406775736,0.7687 ± 0.0328,0.00729860800633318,0.0028466156969007748,0.0073 ± 0.0028
