architecture,representation,metric,split,condition_macro_mean,best_condition,worst_condition,condition_range,condition_std,n_conditions,n_runs,status
ConvNeXt,2.5D-to-3D,accuracy_overall,train,0.7751627818984679,SCS,RSS,0.17159379003256303,0.06687265505139176,5,25,complete
ConvNeXt,2.5D-to-3D,precision_macro_overall,train,0.26829862925075804,SCS,LSS,0.05085786217602539,0.020552399074906892,5,25,complete
ConvNeXt,2.5D-to-3D,recall_macro_overall,train,0.34103608495074555,RSS,SCS,0.038513758087061145,0.017223876230330195,5,25,complete
ConvNeXt,2.5D-to-3D,f1_macro_overall,train,0.29955402658148433,RSS,LSS,0.039990088595094675,0.016156503610594924,5,25,complete
ConvNeXt,2.5D-to-3D,oa_overall,train,0.7751627818984679,SCS,RSS,0.17159379003256303,0.06687265505139176,5,25,complete
ConvNeXt,2.5D-to-3D,omae_overall,train,0.28652254362674334,SCS,RSS,0.21603582073625655,0.08873370193496496,5,25,complete
ConvNeXt,2.5D-to-3D,qwk_overall,train,0.022113151017841375,RSS,SCS,0.11056575508920688,0.049446508872611976,5,25,complete
ConvNeXt,2.5D-to-3D,ser_overall,train,0.061685325525211124,RFN,RSS,0.05429175362180303,0.027357984084398396,5,25,complete
ConvNeXt,2.5D-to-3D,accuracy_overall,validation,0.7702311655161109,SCS,RSS,0.1672725337999198,0.06529045506214692,5,25,complete
ConvNeXt,2.5D-to-3D,precision_macro_overall,validation,0.2666914520111529,SCS,LSS,0.050153345774899244,0.020826631410026154,5,25,complete
ConvNeXt,2.5D-to-3D,recall_macro_overall,validation,0.34052139449999497,RSS,SCS,0.03594030583330826,0.0160729933950819,5,25,complete
ConvNeXt,2.5D-to-3D,f1_macro_overall,validation,0.2982799662279276,RSS,LSS,0.039278812816688435,0.016071209065141805,5,25,complete
ConvNeXt,2.5D-to-3D,oa_overall,validation,0.7702311655161109,SCS,RSS,0.1672725337999198,0.06529045506214692,5,25,complete
ConvNeXt,2.5D-to-3D,omae_overall,validation,0.29129788164257286,SCS,RSS,0.2077786852423659,0.08455590753308304,5,25,complete
ConvNeXt,2.5D-to-3D,qwk_overall,validation,0.022128501717368184,RSS,SCS,0.11064250858684092,0.0494808340802561,5,25,complete
ConvNeXt,2.5D-to-3D,ser_overall,validation,0.061529047158683736,RFN,RSS,0.051075675272401616,0.025338944694275143,5,25,complete
ConvNeXt,2.5D-to-3D,accuracy_overall,test,0.7701670067703155,SCS,RSS,0.17725368245862427,0.06886416393684434,5,25,complete
ConvNeXt,2.5D-to-3D,precision_macro_overall,test,0.26679928121968616,SCS,LSS,0.05279732702827658,0.021769650152396097,5,25,complete
ConvNeXt,2.5D-to-3D,recall_macro_overall,test,0.34116076288248454,RSS,SCS,0.03913714774575627,0.017502664560992736,5,25,complete
ConvNeXt,2.5D-to-3D,f1_macro_overall,test,0.2985947535408416,RSS,LSS,0.04070988669717007,0.016939129862445307,5,25,complete
ConvNeXt,2.5D-to-3D,oa_overall,test,0.7701670067703155,SCS,RSS,0.17725368245862427,0.06886416393684434,5,25,complete
ConvNeXt,2.5D-to-3D,omae_overall,test,0.29244321469225953,SCS,RSS,0.2211842928329535,0.08995874554818364,5,25,complete
ConvNeXt,2.5D-to-3D,qwk_overall,test,0.02373970506898921,RSS,SCS,0.11869852534494604,0.05308359430005621,5,25,complete
ConvNeXt,2.5D-to-3D,ser_overall,test,0.06261022146257503,LFN,LSS,0.053649197011685947,0.027417980298946692,5,25,complete
ConvNeXt,2D,accuracy_overall,train,0.8754724240705996,SCS,RSS,0.09854862580322443,0.036148979471083344,5,25,complete
ConvNeXt,2D,precision_macro_overall,train,0.7746853270682572,LSS,RSS,0.05778346906528964,0.022192910360561875,5,25,complete
ConvNeXt,2D,recall_macro_overall,train,0.7068658799022499,LSS,LFN,0.07762493240306767,0.03560215597123301,5,25,complete
ConvNeXt,2D,f1_macro_overall,train,0.7308734328660867,LSS,LFN,0.07305662451585948,0.030655280973613457,5,25,complete
ConvNeXt,2D,oa_overall,train,0.8754724240705996,SCS,RSS,0.09854862580322443,0.036148979471083344,5,25,complete
ConvNeXt,2D,omae_overall,train,0.12869611590377922,SCS,RSS,0.10041835586655412,0.03653158418420497,5,25,complete
ConvNeXt,2D,qwk_overall,train,0.7685068707136218,SCS,LFN,0.12295936393642548,0.052849791274696745,5,25,complete
ConvNeXt,2D,ser_overall,train,0.00416853997437878,LFN,RSS,0.0036630967335524603,0.0014524690674023448,5,25,complete
ConvNeXt,2D,accuracy_overall,validation,0.8591873383077898,SCS,RSS,0.09181837053293218,0.03566408813970306,5,25,complete
ConvNeXt,2D,precision_macro_overall,validation,0.7385141322835322,LSS,SCS,0.03592400167355514,0.013905060185046999,5,25,complete
ConvNeXt,2D,recall_macro_overall,validation,0.6726444085299622,LSS,LFN,0.09064424597367582,0.035379890685285666,5,25,complete
ConvNeXt,2D,f1_macro_overall,validation,0.6941487858073442,LSS,LFN,0.07884676144367819,0.028460243973426547,5,25,complete
ConvNeXt,2D,oa_overall,validation,0.8591873383077898,SCS,RSS,0.09181837053293218,0.03566408813970306,5,25,complete
ConvNeXt,2D,omae_overall,validation,0.14596421913792165,SCS,RSS,0.09245164024401857,0.03548109621995475,5,25,complete
ConvNeXt,2D,qwk_overall,validation,0.7360122243541263,SCS,LFN,0.13502632160613448,0.05712250211958178,5,25,complete
ConvNeXt,2D,ser_overall,validation,0.005151557445711392,RFN,RSS,0.0027734749776892,0.00121843662367221,5,25,complete
ConvNeXt,2D,accuracy_overall,test,0.8557045499448588,SCS,RSS,0.10257666256738573,0.039276970891208365,5,25,complete
ConvNeXt,2D,precision_macro_overall,test,0.7277993029375059,LSS,RFN,0.04767489942680525,0.017807896684463316,5,25,complete
ConvNeXt,2D,recall_macro_overall,test,0.663958082394694,LSS,LFN,0.08189239446375496,0.036623858426088604,5,25,complete
ConvNeXt,2D,f1_macro_overall,test,0.6852557142995923,LSS,LFN,0.07394661489436016,0.029851339911775642,5,25,complete
ConvNeXt,2D,oa_overall,test,0.8557045499448588,SCS,RSS,0.10257666256738573,0.039276970891208365,5,25,complete
ConvNeXt,2D,omae_overall,test,0.1494943117873297,SCS,RSS,0.10471745132060858,0.0394884969980522,5,25,complete
ConvNeXt,2D,qwk_overall,test,0.7324331206931392,SCS,LFN,0.12251321429986128,0.05596723957007526,5,25,complete
ConvNeXt,2D,ser_overall,test,0.005198861732188439,LFN,RSS,0.0047724097312860795,0.0018872213287285838,5,25,complete
EfficientNet,2.5D-to-3D,accuracy_overall,train,0.7999904521715339,SCS,LSS,0.13004175593207679,0.04775094823406967,5,25,complete
EfficientNet,2.5D-to-3D,precision_macro_overall,train,0.4197538135880644,RSS,RFN,0.4125861071039556,0.16650632761365483,5,25,complete
EfficientNet,2.5D-to-3D,recall_macro_overall,train,0.4140143091099124,RSS,SCS,0.2683991814577819,0.1115353225071844,5,25,complete
EfficientNet,2.5D-to-3D,f1_macro_overall,train,0.3992541653474887,RSS,RFN,0.32403047209291963,0.13143679913504527,5,25,complete
EfficientNet,2.5D-to-3D,oa_overall,train,0.7999904521715339,SCS,LSS,0.13004175593207679,0.04775094823406967,5,25,complete
EfficientNet,2.5D-to-3D,omae_overall,train,0.23891667950316586,SCS,LSS,0.14203856424093142,0.05168219214710762,5,25,complete
EfficientNet,2.5D-to-3D,qwk_overall,train,0.21942747025126508,RSS,SCS,0.6710071505466496,0.2808041959677383,5,25,complete
EfficientNet,2.5D-to-3D,ser_overall,train,0.03890713167469971,RSS,LSS,0.043060565823750445,0.01613927784971001,5,25,complete
EfficientNet,2.5D-to-3D,accuracy_overall,validation,0.7956417834181703,SCS,LSS,0.12414616818729918,0.046521314151341066,5,25,complete
EfficientNet,2.5D-to-3D,precision_macro_overall,validation,0.42460114816711536,RSS,RFN,0.42358514583734036,0.1702501602737829,5,25,complete
EfficientNet,2.5D-to-3D,recall_macro_overall,validation,0.4165904789681146,RSS,SCS,0.2821763381340174,0.11903741725052794,5,25,complete
EfficientNet,2.5D-to-3D,f1_macro_overall,validation,0.40036173329625874,RSS,RFN,0.33725693899361764,0.13897685381880515,5,25,complete
EfficientNet,2.5D-to-3D,oa_overall,validation,0.7956417834181703,SCS,LSS,0.12414616818729918,0.046521314151341066,5,25,complete
EfficientNet,2.5D-to-3D,omae_overall,validation,0.24372900736489417,SCS,LSS,0.1291357700124223,0.04781383689769418,5,25,complete
EfficientNet,2.5D-to-3D,qwk_overall,validation,0.21962650870193817,RSS,SCS,0.6614562807259016,0.2804377750461694,5,25,complete
EfficientNet,2.5D-to-3D,ser_overall,validation,0.03937079078306432,RSS,LSS,0.03615704863760701,0.014234952915055839,5,25,complete
EfficientNet,2.5D-to-3D,accuracy_overall,test,0.7932505035528375,SCS,LSS,0.1349494948498905,0.05126460041417586,5,25,complete
EfficientNet,2.5D-to-3D,precision_macro_overall,test,0.41405439642848896,RSS,RFN,0.4002116799804768,0.16216973525106212,5,25,complete
EfficientNet,2.5D-to-3D,recall_macro_overall,test,0.41210176267317034,RSS,SCS,0.25872194870151516,0.10851158413347259,5,25,complete
EfficientNet,2.5D-to-3D,f1_macro_overall,test,0.3952209226349989,RSS,RFN,0.31004000298766016,0.12649988087928205,5,25,complete
EfficientNet,2.5D-to-3D,oa_overall,test,0.7932505035528375,SCS,LSS,0.1349494948498905,0.05126460041417586,5,25,complete
EfficientNet,2.5D-to-3D,omae_overall,test,0.24682523517554045,SCS,LSS,0.1490246474034177,0.05436568834038656,5,25,complete
EfficientNet,2.5D-to-3D,qwk_overall,test,0.2154721378389235,RSS,SCS,0.6579209696961392,0.27708029598101985,5,25,complete
EfficientNet,2.5D-to-3D,ser_overall,test,0.04007573872837793,RSS,LSS,0.04360910005742188,0.01616227547165105,5,25,complete
EfficientNet,2D,accuracy_overall,train,0.8810327611345421,SCS,RSS,0.07815904272602514,0.03068651797331498,5,25,complete
EfficientNet,2D,precision_macro_overall,train,0.7588746047334284,RFN,LFN,0.05980902746784644,0.022374821475032728,5,25,complete
EfficientNet,2D,recall_macro_overall,train,0.7477634139066721,LSS,SCS,0.057622208201952074,0.022898573798278758,5,25,complete
EfficientNet,2D,f1_macro_overall,train,0.744390903380214,LSS,SCS,0.03824694811672957,0.01402348182721996,5,25,complete
EfficientNet,2D,oa_overall,train,0.8810327611345421,SCS,RSS,0.07815904272602514,0.03068651797331498,5,25,complete
EfficientNet,2D,omae_overall,train,0.1239953496735285,SCS,RSS,0.07953530916720003,0.03117865365408634,5,25,complete
EfficientNet,2D,qwk_overall,train,0.7913330367326473,LSS,LFN,0.06306113176839323,0.028284086185951768,5,25,complete
EfficientNet,2D,ser_overall,train,0.005028110808070776,RFN,RSS,0.005266858755042241,0.0020129941202563623,5,25,complete
EfficientNet,2D,accuracy_overall,validation,0.8433865388622863,SCS,RSS,0.10096862008393392,0.039444501154555354,5,25,complete
EfficientNet,2D,precision_macro_overall,validation,0.684979427060665,RFN,LFN,0.030274555134563674,0.01155388838091194,5,25,complete
EfficientNet,2D,recall_macro_overall,validation,0.6694977741056981,LSS,RFN,0.07264924935803607,0.027374593951020522,5,25,complete
EfficientNet,2D,f1_macro_overall,validation,0.6691243739585355,LSS,RFN,0.0381070365616486,0.014194315238408547,5,25,complete
EfficientNet,2D,oa_overall,validation,0.8433865388622863,SCS,RSS,0.10096862008393392,0.039444501154555354,5,25,complete
EfficientNet,2D,omae_overall,validation,0.16466934487958734,SCS,RSS,0.1057170764898795,0.04055289827994803,5,25,complete
EfficientNet,2D,qwk_overall,validation,0.7181622029493463,SCS,RFN,0.1091894093929241,0.04872462918666506,5,25,complete
EfficientNet,2D,ser_overall,validation,0.008055883741873642,RFN,RSS,0.008827027211377781,0.0035955130028051956,5,25,complete
EfficientNet,2D,accuracy_overall,test,0.8385732209550258,SCS,RSS,0.11792340542658264,0.047025497384285894,5,25,complete
EfficientNet,2D,precision_macro_overall,test,0.6807298404170827,SCS,LFN,0.05086165328478731,0.0207812721047908,5,25,complete
EfficientNet,2D,recall_macro_overall,test,0.6628641607989986,LSS,RFN,0.06142442354330169,0.021922087090137536,5,25,complete
EfficientNet,2D,f1_macro_overall,test,0.6640981897714628,LSS,RFN,0.029373468852617823,0.014031229400699036,5,25,complete
EfficientNet,2D,oa_overall,test,0.8385732209550258,SCS,RSS,0.11792340542658264,0.047025497384285894,5,25,complete
EfficientNet,2D,omae_overall,test,0.16952801466660333,SCS,RSS,0.1237123909079273,0.04794471210820431,5,25,complete
EfficientNet,2D,qwk_overall,test,0.7124949650735652,SCS,RFN,0.13402003358644932,0.05829566184279329,5,25,complete
EfficientNet,2D,ser_overall,test,0.008101235621629151,RFN,RSS,0.009602595613725158,0.003656892126094994,5,25,complete
MaxViT,2.5D-to-3D,accuracy_overall,train,0.8850652547347077,SCS,LSS,0.11293572981486955,0.04045527966258722,5,25,complete
MaxViT,2.5D-to-3D,precision_macro_overall,train,0.7837776678030355,RSS,LSS,0.11855983809722681,0.046486515145049805,5,25,complete
MaxViT,2.5D-to-3D,recall_macro_overall,train,0.7186327564402861,RSS,LSS,0.11561549594278875,0.04370075408393116,5,25,complete
MaxViT,2.5D-to-3D,f1_macro_overall,train,0.7396636687707979,RSS,LSS,0.1205596717758547,0.045066685597511244,5,25,complete
MaxViT,2.5D-to-3D,oa_overall,train,0.8850652547347077,SCS,LSS,0.11293572981486955,0.04045527966258722,5,25,complete
MaxViT,2.5D-to-3D,omae_overall,train,0.12304825059577121,SCS,LSS,0.1237059872899968,0.04486481009727112,5,25,complete
MaxViT,2.5D-to-3D,qwk_overall,train,0.76361569385228,RSS,LSS,0.13746004060180783,0.05573750575477828,5,25,complete
MaxViT,2.5D-to-3D,ser_overall,train,0.008113505330478872,RSS,LSS,0.01489809154472654,0.006168099927277674,5,25,complete
MaxViT,2.5D-to-3D,accuracy_overall,validation,0.8216727559851214,SCS,LSS,0.112614613693644,0.04579416778798075,5,25,complete
MaxViT,2.5D-to-3D,precision_macro_overall,validation,0.6581162172213744,SCS,LSS,0.04561505242648756,0.01685869966440879,5,25,complete
MaxViT,2.5D-to-3D,recall_macro_overall,validation,0.5977085634726823,RSS,LFN,0.05525004124468136,0.02216664690204609,5,25,complete
MaxViT,2.5D-to-3D,f1_macro_overall,validation,0.6156424164206318,RSS,LFN,0.042921295405800364,0.01631637453663044,5,25,complete
MaxViT,2.5D-to-3D,oa_overall,validation,0.8216727559851214,SCS,LSS,0.112614613693644,0.04579416778798075,5,25,complete
MaxViT,2.5D-to-3D,omae_overall,validation,0.1939155856818495,SCS,LSS,0.12211164711407613,0.04853982208102755,5,25,complete
MaxViT,2.5D-to-3D,qwk_overall,validation,0.620131318210541,SCS,LFN,0.08842970354794055,0.03877624363134842,5,25,complete
MaxViT,2.5D-to-3D,ser_overall,validation,0.01558834166697084,RFN,LSS,0.01847926089442586,0.007206702334822373,5,25,complete
MaxViT,2.5D-to-3D,accuracy_overall,test,0.8135581862745976,SCS,LSS,0.13230509904707732,0.052374081874876174,5,25,complete
MaxViT,2.5D-to-3D,precision_macro_overall,test,0.6326904432107211,SCS,LFN,0.056866075197550936,0.0259352499210872,5,25,complete
MaxViT,2.5D-to-3D,recall_macro_overall,test,0.5772633349898606,SCS,LFN,0.058533857346251494,0.023996685239829514,5,25,complete
MaxViT,2.5D-to-3D,f1_macro_overall,test,0.5913686180713688,SCS,LFN,0.054144742309144345,0.02126988093587192,5,25,complete
MaxViT,2.5D-to-3D,oa_overall,test,0.8135581862745976,SCS,LSS,0.13230509904707732,0.052374081874876174,5,25,complete
MaxViT,2.5D-to-3D,omae_overall,test,0.2035760939740512,SCS,LSS,0.1465988348068764,0.05648771053646541,5,25,complete
MaxViT,2.5D-to-3D,qwk_overall,test,0.6024182992030382,SCS,LFN,0.09757579002084893,0.04068732008490662,5,25,complete
MaxViT,2.5D-to-3D,ser_overall,test,0.01713428024864893,RFN,LSS,0.02354955986214878,0.008890137123252604,5,25,complete
MaxViT,2D,accuracy_overall,train,0.8729545177609765,SCS,LSS,0.08886949205288353,0.03505452898996898,5,25,complete
MaxViT,2D,precision_macro_overall,train,0.7672720855608895,SCS,LFN,0.0863061072543535,0.033440740358088146,5,25,complete
MaxViT,2D,recall_macro_overall,train,0.6969397400150561,RSS,RFN,0.08434719600493423,0.0324127806633169,5,25,complete
MaxViT,2D,f1_macro_overall,train,0.7191239925045618,RSS,LFN,0.07058291246476078,0.030702000767302524,5,25,complete
MaxViT,2D,oa_overall,train,0.8729545177609765,SCS,LSS,0.08886949205288353,0.03505452898996898,5,25,complete
MaxViT,2D,omae_overall,train,0.1313972536210804,SCS,LSS,0.08764744005321064,0.034250414614216795,5,25,complete
MaxViT,2D,qwk_overall,train,0.7600942865435123,RSS,RFN,0.11598231578632379,0.053641099514306866,5,25,complete
MaxViT,2D,ser_overall,train,0.004351771382056925,LFN,SCS,0.0030662119494804007,0.0012136166862273948,5,25,complete
MaxViT,2D,accuracy_overall,validation,0.8446390776241943,SCS,RSS,0.09930186373228567,0.041555706178747334,5,25,complete
MaxViT,2D,precision_macro_overall,validation,0.6981594854942189,SCS,RFN,0.06383764777419032,0.026668724785769697,5,25,complete
MaxViT,2D,recall_macro_overall,validation,0.6490811088010354,LSS,RFN,0.06505557735654588,0.02463649240865613,5,25,complete
MaxViT,2D,f1_macro_overall,validation,0.6625422100738951,LSS,RFN,0.04806577519242361,0.023305753462178246,5,25,complete
MaxViT,2D,oa_overall,validation,0.8446390776241943,SCS,RSS,0.09930186373228567,0.041555706178747334,5,25,complete
MaxViT,2D,omae_overall,validation,0.1625556286977301,SCS,RSS,0.0995001120691094,0.04128010352238732,5,25,complete
MaxViT,2D,qwk_overall,validation,0.7085902005883886,SCS,RFN,0.11139428420964814,0.0501495945361766,5,25,complete
MaxViT,2D,ser_overall,validation,0.007194706321924383,LFN,LSS,0.005393186348358141,0.00246925322800734,5,25,complete
MaxViT,2D,accuracy_overall,test,0.8420603852648625,SCS,RSS,0.11349885882136124,0.04636877368424234,5,25,complete
MaxViT,2D,precision_macro_overall,test,0.6942286825550636,SCS,LFN,0.09428270437837205,0.03407447072359011,5,25,complete
MaxViT,2D,recall_macro_overall,test,0.6425950218799008,LSS,RFN,0.07966591574904036,0.030468772827880537,5,25,complete
MaxViT,2D,f1_macro_overall,test,0.6570001241044514,LSS,LFN,0.05998266816921849,0.02968778881064886,5,25,complete
MaxViT,2D,oa_overall,test,0.8420603852648625,SCS,RSS,0.11349885882136124,0.04636877368424234,5,25,complete
MaxViT,2D,omae_overall,test,0.1652958066929794,SCS,RSS,0.11512875218307364,0.04659916456500758,5,25,complete
MaxViT,2D,qwk_overall,test,0.7050993417009598,SCS,RFN,0.13356744877007698,0.05917142295617703,5,25,complete
MaxViT,2D,ser_overall,test,0.00735619195784204,LFN,RSS,0.004064628686555722,0.0018423465929038698,5,25,complete
ViT,2.5D-to-3D,accuracy_overall,train,0.7873301930683336,SCS,RSS,0.143012579719748,0.05595906534888554,5,25,complete
ViT,2.5D-to-3D,precision_macro_overall,train,0.5023148126350512,LSS,LFN,0.2829807708766293,0.11834263049935878,5,25,complete
ViT,2.5D-to-3D,recall_macro_overall,train,0.39808681527298584,LSS,LFN,0.12487905905652463,0.058009421002173496,5,25,complete
ViT,2.5D-to-3D,f1_macro_overall,train,0.39266762952380585,LSS,LFN,0.17860664886197652,0.08356487834622638,5,25,complete
ViT,2.5D-to-3D,oa_overall,train,0.7873301930683336,SCS,RSS,0.143012579719748,0.05595906534888554,5,25,complete
ViT,2.5D-to-3D,omae_overall,train,0.25926172231528033,SCS,RSS,0.1619593557579358,0.062062603282172425,5,25,complete
ViT,2.5D-to-3D,qwk_overall,train,0.20925540741387483,LSS,LFN,0.39233375940529325,0.18254304484325648,5,25,complete
ViT,2.5D-to-3D,ser_overall,train,0.046591915383613805,RFN,RSS,0.024170059381550257,0.009985648398191533,5,25,complete
ViT,2.5D-to-3D,accuracy_overall,validation,0.7818757232443776,SCS,RSS,0.1461430586818513,0.05627284220258438,5,25,complete
ViT,2.5D-to-3D,precision_macro_overall,validation,0.4935293769037581,LSS,RFN,0.18790567097654648,0.09185877041467115,5,25,complete
ViT,2.5D-to-3D,recall_macro_overall,validation,0.4040904881685865,LSS,LFN,0.13922713522857294,0.06329774492456343,5,25,complete
ViT,2.5D-to-3D,f1_macro_overall,validation,0.39797681709061616,LSS,LFN,0.18813597674982468,0.08742691838321316,5,25,complete
ViT,2.5D-to-3D,oa_overall,validation,0.7818757232443776,SCS,RSS,0.1461430586818513,0.05627284220258438,5,25,complete
ViT,2.5D-to-3D,omae_overall,validation,0.26267948403411595,SCS,RSS,0.15849911112711637,0.05934147556412088,5,25,complete
ViT,2.5D-to-3D,qwk_overall,validation,0.23076356878757168,LSS,LFN,0.43410782843111073,0.19800735410001272,5,25,complete
ViT,2.5D-to-3D,ser_overall,validation,0.04455520727849353,RFN,RSS,0.01807935857616548,0.006995772453420193,5,25,complete
ViT,2.5D-to-3D,accuracy_overall,test,0.7777990585759782,SCS,RSS,0.15198546815343705,0.06040289130465171,5,25,complete
ViT,2.5D-to-3D,precision_macro_overall,test,0.480916363888688,LSS,RFN,0.22637365178382374,0.10462445169738936,5,25,complete
ViT,2.5D-to-3D,recall_macro_overall,test,0.400772087979136,LSS,LFN,0.13061232024885455,0.06409916657792368,5,25,complete
ViT,2.5D-to-3D,f1_macro_overall,test,0.39410443981352306,LSS,LFN,0.18319801812443876,0.09000619003667068,5,25,complete
ViT,2.5D-to-3D,oa_overall,test,0.7777990585759782,SCS,RSS,0.15198546815343705,0.06040289130465171,5,25,complete
ViT,2.5D-to-3D,omae_overall,test,0.2680805169549484,SCS,RSS,0.1659420113233661,0.06436656483682308,5,25,complete
ViT,2.5D-to-3D,qwk_overall,test,0.21538414583052665,LSS,LFN,0.4078575912672493,0.19411129740125418,5,25,complete
ViT,2.5D-to-3D,ser_overall,test,0.0458795755309266,LFN,RSS,0.01728120254041763,0.007484687547398039,5,25,complete
ViT,2D,accuracy_overall,train,0.8468214250116066,SCS,LFN,0.1500606925249618,0.05417511823227433,5,25,complete
ViT,2D,precision_macro_overall,train,0.6327757189741894,SCS,LFN,0.5142063852795898,0.21400596992587245,5,25,complete
ViT,2D,recall_macro_overall,train,0.6035188854095794,LSS,LFN,0.38952881643832343,0.1602788688490766,5,25,complete
ViT,2D,f1_macro_overall,train,0.611862778101135,LSS,LFN,0.4458745390614518,0.18658941575372712,5,25,complete
ViT,2D,oa_overall,train,0.8468214250116066,SCS,LFN,0.1500606925249618,0.05417511823227433,5,25,complete
ViT,2D,omae_overall,train,0.16682868387064512,SCS,LFN,0.18346211960908554,0.06532217190824151,5,25,complete
ViT,2D,qwk_overall,train,0.5789203659550601,SCS,LFN,0.7953469035440758,0.3385666126667788,5,25,complete
ViT,2D,ser_overall,train,0.013650108882251826,LSS,LFN,0.035744995112028,0.014990731661582244,5,25,complete
ViT,2D,accuracy_overall,validation,0.8349964041380644,SCS,LFN,0.14737743775936318,0.05316128867577678,5,25,complete
ViT,2D,precision_macro_overall,validation,0.6074150969807997,SCS,LFN,0.472041676461288,0.2028074659264695,5,25,complete
ViT,2D,recall_macro_overall,validation,0.5897035067405477,LSS,LFN,0.3735993724236529,0.15474413461202285,5,25,complete
ViT,2D,f1_macro_overall,validation,0.5931819308900729,LSS,LFN,0.4222156434367217,0.17894965253819117,5,25,complete
ViT,2D,oa_overall,validation,0.8349964041380644,SCS,LFN,0.14737743775936318,0.05316128867577678,5,25,complete
ViT,2D,omae_overall,validation,0.1792044323047374,SCS,LFN,0.1819713433116997,0.06442630149387998,5,25,complete
ViT,2D,qwk_overall,validation,0.5640622431192662,SCS,LFN,0.7882554214531023,0.3322441163228158,5,25,complete
ViT,2D,ser_overall,validation,0.01420083644280187,SCS,LFN,0.03459390555233678,0.014814708276949301,5,25,complete
ViT,2D,accuracy_overall,test,0.8294971334984353,SCS,LFN,0.14768549226355177,0.054472554457381625,5,25,complete
ViT,2D,precision_macro_overall,test,0.5990630089838852,LSS,LFN,0.4585188523469982,0.19582500639378564,5,25,complete
ViT,2D,recall_macro_overall,test,0.5782006012040923,LSS,LFN,0.3594792074328966,0.148940111746385,5,25,complete
ViT,2D,f1_macro_overall,test,0.5817839211349884,LSS,LFN,0.4110696429810479,0.1727009672652149,5,25,complete
ViT,2D,oa_overall,test,0.8294971334984353,SCS,LFN,0.14768549226355177,0.054472554457381625,5,25,complete
ViT,2D,omae_overall,test,0.18522271800341908,SCS,LFN,0.18057809587700155,0.06429865620310611,5,25,complete
ViT,2D,qwk_overall,test,0.5536899412357593,SCS,LFN,0.7686778244038222,0.3265999050551125,5,25,complete
ViT,2D,ser_overall,test,0.014719851501854375,LSS,LFN,0.03395915281291394,0.014362962596411882,5,25,complete
