architecture,representation,metric,split,condition_macro_mean,condition_macro_std,mean_pm_std,best_condition,worst_condition,condition_range,n_conditions,n_runs,status
ConvNeXt,2.5D-to-3D,accuracy_overall,validation,0.7702311655161109,0.06529045506214692,0.7702 ± 0.0653,SCS,RSS,0.1672725337999198,5,25,complete
ConvNeXt,2.5D-to-3D,f1_macro_overall,validation,0.2982799662279276,0.016071209065141805,0.2983 ± 0.0161,RSS,LSS,0.039278812816688435,5,25,complete
ConvNeXt,2.5D-to-3D,oa_overall,validation,0.7702311655161109,0.06529045506214692,0.7702 ± 0.0653,SCS,RSS,0.1672725337999198,5,25,complete
ConvNeXt,2.5D-to-3D,omae_overall,validation,0.29129788164257286,0.08455590753308304,0.2913 ± 0.0846,SCS,RSS,0.2077786852423659,5,25,complete
ConvNeXt,2.5D-to-3D,qwk_overall,validation,0.022128501717368184,0.0494808340802561,0.0221 ± 0.0495,RSS,SCS,0.11064250858684092,5,25,complete
ConvNeXt,2.5D-to-3D,ser_overall,validation,0.061529047158683736,0.025338944694275143,0.0615 ± 0.0253,RFN,RSS,0.051075675272401616,5,25,complete
ConvNeXt,2.5D-to-3D,accuracy_overall,test,0.7701670067703155,0.06886416393684434,0.7702 ± 0.0689,SCS,RSS,0.17725368245862427,5,25,complete
ConvNeXt,2.5D-to-3D,f1_macro_overall,test,0.2985947535408416,0.016939129862445307,0.2986 ± 0.0169,RSS,LSS,0.04070988669717007,5,25,complete
ConvNeXt,2.5D-to-3D,oa_overall,test,0.7701670067703155,0.06886416393684434,0.7702 ± 0.0689,SCS,RSS,0.17725368245862427,5,25,complete
ConvNeXt,2.5D-to-3D,omae_overall,test,0.29244321469225953,0.08995874554818364,0.2924 ± 0.0900,SCS,RSS,0.2211842928329535,5,25,complete
ConvNeXt,2.5D-to-3D,qwk_overall,test,0.02373970506898921,0.05308359430005621,0.0237 ± 0.0531,RSS,SCS,0.11869852534494604,5,25,complete
ConvNeXt,2.5D-to-3D,ser_overall,test,0.06261022146257503,0.027417980298946692,0.0626 ± 0.0274,LFN,LSS,0.053649197011685947,5,25,complete
ConvNeXt,2D,accuracy_overall,validation,0.8591873383077898,0.03566408813970306,0.8592 ± 0.0357,SCS,RSS,0.09181837053293218,5,25,complete
ConvNeXt,2D,f1_macro_overall,validation,0.6941487858073442,0.028460243973426547,0.6941 ± 0.0285,LSS,LFN,0.07884676144367819,5,25,complete
ConvNeXt,2D,oa_overall,validation,0.8591873383077898,0.03566408813970306,0.8592 ± 0.0357,SCS,RSS,0.09181837053293218,5,25,complete
ConvNeXt,2D,omae_overall,validation,0.14596421913792165,0.03548109621995475,0.1460 ± 0.0355,SCS,RSS,0.09245164024401857,5,25,complete
ConvNeXt,2D,qwk_overall,validation,0.7360122243541263,0.05712250211958178,0.7360 ± 0.0571,SCS,LFN,0.13502632160613448,5,25,complete
ConvNeXt,2D,ser_overall,validation,0.005151557445711392,0.00121843662367221,0.0052 ± 0.0012,RFN,RSS,0.0027734749776892,5,25,complete
ConvNeXt,2D,accuracy_overall,test,0.8557045499448588,0.039276970891208365,0.8557 ± 0.0393,SCS,RSS,0.10257666256738573,5,25,complete
ConvNeXt,2D,f1_macro_overall,test,0.6852557142995923,0.029851339911775642,0.6853 ± 0.0299,LSS,LFN,0.07394661489436016,5,25,complete
ConvNeXt,2D,oa_overall,test,0.8557045499448588,0.039276970891208365,0.8557 ± 0.0393,SCS,RSS,0.10257666256738573,5,25,complete
ConvNeXt,2D,omae_overall,test,0.1494943117873297,0.0394884969980522,0.1495 ± 0.0395,SCS,RSS,0.10471745132060858,5,25,complete
ConvNeXt,2D,qwk_overall,test,0.7324331206931392,0.05596723957007526,0.7324 ± 0.0560,SCS,LFN,0.12251321429986128,5,25,complete
ConvNeXt,2D,ser_overall,test,0.005198861732188439,0.0018872213287285838,0.0052 ± 0.0019,LFN,RSS,0.0047724097312860795,5,25,complete
EfficientNet,2.5D-to-3D,accuracy_overall,validation,0.7956417834181703,0.046521314151341066,0.7956 ± 0.0465,SCS,LSS,0.12414616818729918,5,25,complete
EfficientNet,2.5D-to-3D,f1_macro_overall,validation,0.40036173329625874,0.13897685381880515,0.4004 ± 0.1390,RSS,RFN,0.33725693899361764,5,25,complete
EfficientNet,2.5D-to-3D,oa_overall,validation,0.7956417834181703,0.046521314151341066,0.7956 ± 0.0465,SCS,LSS,0.12414616818729918,5,25,complete
EfficientNet,2.5D-to-3D,omae_overall,validation,0.24372900736489417,0.04781383689769418,0.2437 ± 0.0478,SCS,LSS,0.1291357700124223,5,25,complete
EfficientNet,2.5D-to-3D,qwk_overall,validation,0.21962650870193817,0.2804377750461694,0.2196 ± 0.2804,RSS,SCS,0.6614562807259016,5,25,complete
EfficientNet,2.5D-to-3D,ser_overall,validation,0.03937079078306432,0.014234952915055839,0.0394 ± 0.0142,RSS,LSS,0.03615704863760701,5,25,complete
EfficientNet,2.5D-to-3D,accuracy_overall,test,0.7932505035528375,0.05126460041417586,0.7933 ± 0.0513,SCS,LSS,0.1349494948498905,5,25,complete
EfficientNet,2.5D-to-3D,f1_macro_overall,test,0.3952209226349989,0.12649988087928205,0.3952 ± 0.1265,RSS,RFN,0.31004000298766016,5,25,complete
EfficientNet,2.5D-to-3D,oa_overall,test,0.7932505035528375,0.05126460041417586,0.7933 ± 0.0513,SCS,LSS,0.1349494948498905,5,25,complete
EfficientNet,2.5D-to-3D,omae_overall,test,0.24682523517554045,0.05436568834038656,0.2468 ± 0.0544,SCS,LSS,0.1490246474034177,5,25,complete
EfficientNet,2.5D-to-3D,qwk_overall,test,0.2154721378389235,0.27708029598101985,0.2155 ± 0.2771,RSS,SCS,0.6579209696961392,5,25,complete
EfficientNet,2.5D-to-3D,ser_overall,test,0.04007573872837793,0.01616227547165105,0.0401 ± 0.0162,RSS,LSS,0.04360910005742188,5,25,complete
EfficientNet,2D,accuracy_overall,validation,0.8433865388622863,0.039444501154555354,0.8434 ± 0.0394,SCS,RSS,0.10096862008393392,5,25,complete
EfficientNet,2D,f1_macro_overall,validation,0.6691243739585355,0.014194315238408547,0.6691 ± 0.0142,LSS,RFN,0.0381070365616486,5,25,complete
EfficientNet,2D,oa_overall,validation,0.8433865388622863,0.039444501154555354,0.8434 ± 0.0394,SCS,RSS,0.10096862008393392,5,25,complete
EfficientNet,2D,omae_overall,validation,0.16466934487958734,0.04055289827994803,0.1647 ± 0.0406,SCS,RSS,0.1057170764898795,5,25,complete
EfficientNet,2D,qwk_overall,validation,0.7181622029493463,0.04872462918666506,0.7182 ± 0.0487,SCS,RFN,0.1091894093929241,5,25,complete
EfficientNet,2D,ser_overall,validation,0.008055883741873642,0.0035955130028051956,0.0081 ± 0.0036,RFN,RSS,0.008827027211377781,5,25,complete
EfficientNet,2D,accuracy_overall,test,0.8385732209550258,0.047025497384285894,0.8386 ± 0.0470,SCS,RSS,0.11792340542658264,5,25,complete
EfficientNet,2D,f1_macro_overall,test,0.6640981897714628,0.014031229400699036,0.6641 ± 0.0140,LSS,RFN,0.029373468852617823,5,25,complete
EfficientNet,2D,oa_overall,test,0.8385732209550258,0.047025497384285894,0.8386 ± 0.0470,SCS,RSS,0.11792340542658264,5,25,complete
EfficientNet,2D,omae_overall,test,0.16952801466660333,0.04794471210820431,0.1695 ± 0.0479,SCS,RSS,0.1237123909079273,5,25,complete
EfficientNet,2D,qwk_overall,test,0.7124949650735652,0.05829566184279329,0.7125 ± 0.0583,SCS,RFN,0.13402003358644932,5,25,complete
EfficientNet,2D,ser_overall,test,0.008101235621629151,0.003656892126094994,0.0081 ± 0.0037,RFN,RSS,0.009602595613725158,5,25,complete
MaxViT,2.5D-to-3D,accuracy_overall,validation,0.8216727559851214,0.04579416778798075,0.8217 ± 0.0458,SCS,LSS,0.112614613693644,5,25,complete
MaxViT,2.5D-to-3D,f1_macro_overall,validation,0.6156424164206318,0.01631637453663044,0.6156 ± 0.0163,RSS,LFN,0.042921295405800364,5,25,complete
MaxViT,2.5D-to-3D,oa_overall,validation,0.8216727559851214,0.04579416778798075,0.8217 ± 0.0458,SCS,LSS,0.112614613693644,5,25,complete
MaxViT,2.5D-to-3D,omae_overall,validation,0.1939155856818495,0.04853982208102755,0.1939 ± 0.0485,SCS,LSS,0.12211164711407613,5,25,complete
MaxViT,2.5D-to-3D,qwk_overall,validation,0.620131318210541,0.03877624363134842,0.6201 ± 0.0388,SCS,LFN,0.08842970354794055,5,25,complete
MaxViT,2.5D-to-3D,ser_overall,validation,0.01558834166697084,0.007206702334822373,0.0156 ± 0.0072,RFN,LSS,0.01847926089442586,5,25,complete
MaxViT,2.5D-to-3D,accuracy_overall,test,0.8135581862745976,0.052374081874876174,0.8136 ± 0.0524,SCS,LSS,0.13230509904707732,5,25,complete
MaxViT,2.5D-to-3D,f1_macro_overall,test,0.5913686180713688,0.02126988093587192,0.5914 ± 0.0213,SCS,LFN,0.054144742309144345,5,25,complete
MaxViT,2.5D-to-3D,oa_overall,test,0.8135581862745976,0.052374081874876174,0.8136 ± 0.0524,SCS,LSS,0.13230509904707732,5,25,complete
MaxViT,2.5D-to-3D,omae_overall,test,0.2035760939740512,0.05648771053646541,0.2036 ± 0.0565,SCS,LSS,0.1465988348068764,5,25,complete
MaxViT,2.5D-to-3D,qwk_overall,test,0.6024182992030382,0.04068732008490662,0.6024 ± 0.0407,SCS,LFN,0.09757579002084893,5,25,complete
MaxViT,2.5D-to-3D,ser_overall,test,0.01713428024864893,0.008890137123252604,0.0171 ± 0.0089,RFN,LSS,0.02354955986214878,5,25,complete
MaxViT,2D,accuracy_overall,validation,0.8446390776241943,0.041555706178747334,0.8446 ± 0.0416,SCS,RSS,0.09930186373228567,5,25,complete
MaxViT,2D,f1_macro_overall,validation,0.6625422100738951,0.023305753462178246,0.6625 ± 0.0233,LSS,RFN,0.04806577519242361,5,25,complete
MaxViT,2D,oa_overall,validation,0.8446390776241943,0.041555706178747334,0.8446 ± 0.0416,SCS,RSS,0.09930186373228567,5,25,complete
MaxViT,2D,omae_overall,validation,0.1625556286977301,0.04128010352238732,0.1626 ± 0.0413,SCS,RSS,0.0995001120691094,5,25,complete
MaxViT,2D,qwk_overall,validation,0.7085902005883886,0.0501495945361766,0.7086 ± 0.0501,SCS,RFN,0.11139428420964814,5,25,complete
MaxViT,2D,ser_overall,validation,0.007194706321924383,0.00246925322800734,0.0072 ± 0.0025,LFN,LSS,0.005393186348358141,5,25,complete
MaxViT,2D,accuracy_overall,test,0.8420603852648625,0.04636877368424234,0.8421 ± 0.0464,SCS,RSS,0.11349885882136124,5,25,complete
MaxViT,2D,f1_macro_overall,test,0.6570001241044514,0.02968778881064886,0.6570 ± 0.0297,LSS,LFN,0.05998266816921849,5,25,complete
MaxViT,2D,oa_overall,test,0.8420603852648625,0.04636877368424234,0.8421 ± 0.0464,SCS,RSS,0.11349885882136124,5,25,complete
MaxViT,2D,omae_overall,test,0.1652958066929794,0.04659916456500758,0.1653 ± 0.0466,SCS,RSS,0.11512875218307364,5,25,complete
MaxViT,2D,qwk_overall,test,0.7050993417009598,0.05917142295617703,0.7051 ± 0.0592,SCS,RFN,0.13356744877007698,5,25,complete
MaxViT,2D,ser_overall,test,0.00735619195784204,0.0018423465929038698,0.0074 ± 0.0018,LFN,RSS,0.004064628686555722,5,25,complete
ViT,2.5D-to-3D,accuracy_overall,validation,0.7818757232443776,0.05627284220258438,0.7819 ± 0.0563,SCS,RSS,0.1461430586818513,5,25,complete
ViT,2.5D-to-3D,f1_macro_overall,validation,0.39797681709061616,0.08742691838321316,0.3980 ± 0.0874,LSS,LFN,0.18813597674982468,5,25,complete
ViT,2.5D-to-3D,oa_overall,validation,0.7818757232443776,0.05627284220258438,0.7819 ± 0.0563,SCS,RSS,0.1461430586818513,5,25,complete
ViT,2.5D-to-3D,omae_overall,validation,0.26267948403411595,0.05934147556412088,0.2627 ± 0.0593,SCS,RSS,0.15849911112711637,5,25,complete
ViT,2.5D-to-3D,qwk_overall,validation,0.23076356878757168,0.19800735410001272,0.2308 ± 0.1980,LSS,LFN,0.43410782843111073,5,25,complete
ViT,2.5D-to-3D,ser_overall,validation,0.04455520727849353,0.006995772453420193,0.0446 ± 0.0070,RFN,RSS,0.01807935857616548,5,25,complete
ViT,2.5D-to-3D,accuracy_overall,test,0.7777990585759782,0.06040289130465171,0.7778 ± 0.0604,SCS,RSS,0.15198546815343705,5,25,complete
ViT,2.5D-to-3D,f1_macro_overall,test,0.39410443981352306,0.09000619003667068,0.3941 ± 0.0900,LSS,LFN,0.18319801812443876,5,25,complete
ViT,2.5D-to-3D,oa_overall,test,0.7777990585759782,0.06040289130465171,0.7778 ± 0.0604,SCS,RSS,0.15198546815343705,5,25,complete
ViT,2.5D-to-3D,omae_overall,test,0.2680805169549484,0.06436656483682308,0.2681 ± 0.0644,SCS,RSS,0.1659420113233661,5,25,complete
ViT,2.5D-to-3D,qwk_overall,test,0.21538414583052665,0.19411129740125418,0.2154 ± 0.1941,LSS,LFN,0.4078575912672493,5,25,complete
ViT,2.5D-to-3D,ser_overall,test,0.0458795755309266,0.007484687547398039,0.0459 ± 0.0075,LFN,RSS,0.01728120254041763,5,25,complete
ViT,2D,accuracy_overall,validation,0.8349964041380644,0.05316128867577678,0.8350 ± 0.0532,SCS,LFN,0.14737743775936318,5,25,complete
ViT,2D,f1_macro_overall,validation,0.5931819308900729,0.17894965253819117,0.5932 ± 0.1789,LSS,LFN,0.4222156434367217,5,25,complete
ViT,2D,oa_overall,validation,0.8349964041380644,0.05316128867577678,0.8350 ± 0.0532,SCS,LFN,0.14737743775936318,5,25,complete
ViT,2D,omae_overall,validation,0.1792044323047374,0.06442630149387998,0.1792 ± 0.0644,SCS,LFN,0.1819713433116997,5,25,complete
ViT,2D,qwk_overall,validation,0.5640622431192662,0.3322441163228158,0.5641 ± 0.3322,SCS,LFN,0.7882554214531023,5,25,complete
ViT,2D,ser_overall,validation,0.01420083644280187,0.014814708276949301,0.0142 ± 0.0148,SCS,LFN,0.03459390555233678,5,25,complete
ViT,2D,accuracy_overall,test,0.8294971334984353,0.054472554457381625,0.8295 ± 0.0545,SCS,LFN,0.14768549226355177,5,25,complete
ViT,2D,f1_macro_overall,test,0.5817839211349884,0.1727009672652149,0.5818 ± 0.1727,LSS,LFN,0.4110696429810479,5,25,complete
ViT,2D,oa_overall,test,0.8294971334984353,0.054472554457381625,0.8295 ± 0.0545,SCS,LFN,0.14768549226355177,5,25,complete
ViT,2D,omae_overall,test,0.18522271800341908,0.06429865620310611,0.1852 ± 0.0643,SCS,LFN,0.18057809587700155,5,25,complete
ViT,2D,qwk_overall,test,0.5536899412357593,0.3265999050551125,0.5537 ± 0.3266,SCS,LFN,0.7686778244038222,5,25,complete
ViT,2D,ser_overall,test,0.014719851501854375,0.014362962596411882,0.0147 ± 0.0144,LSS,LFN,0.03395915281291394,5,25,complete
