architecture,representation,split,metric,l1_l2_mean,l2_l3_mean,l3_l4_mean,l4_l5_mean,l5_s1_mean,macro_level_mean,best_level,best_level_value,worst_level,worst_level_value,level_range,level_std,n_conditions,status
ConvNeXt,2.5D-to-3D,train,accuracy,0.9499178500356097,0.8759287880512092,0.7462007906843711,0.567885213739431,0.735881266981718,0.7751627818984678,L1/L2,0.9499178500356097,L4/L5,0.567885213739431,0.3820326362961787,0.1466619807983274,5,complete
ConvNeXt,2.5D-to-3D,train,precision_macro,0.31663928334520325,0.2919762626837364,0.2487335968947903,0.18929507124647693,0.24529375566057263,0.25838759396615585,L1/L2,0.31663928334520325,L4/L5,0.18929507124647693,0.12734421209872632,0.04888732693277583,5,complete
ConvNeXt,2.5D-to-3D,train,recall_macro,0.3333333333333333,0.3333333333333333,0.3333333333333333,0.3333333333333333,0.3333333333333333,0.3333333333333333,L1/L2,0.3333333333333333,L1/L2,0.3333333333333333,0.0,0.0,5,complete
ConvNeXt,2.5D-to-3D,train,f1_macro,0.32474731570672155,0.3111300255336305,0.28445787422512353,0.23807989585801673,0.2809098030944554,0.2878649828835896,L1/L2,0.32474731570672155,L4/L5,0.23807989585801673,0.08666741984870482,0.03331706203073036,5,complete
ConvNeXt,2.5D-to-3D,train,oa,0.9499178500356097,0.8759287880512092,0.7462007906843711,0.567885213739431,0.735881266981718,0.7751627818984678,L1/L2,0.9499178500356097,L4/L5,0.567885213739431,0.3820326362961787,0.1466619807983274,5,complete
ConvNeXt,2.5D-to-3D,train,omae,0.059141905745579225,0.14670092814941776,0.31295467040451164,0.5746592589131662,0.3391559549210418,0.28652254362674334,L1/L2,0.059141905745579225,L4/L5,0.5746592589131662,0.515517353167587,0.19858482988665957,5,complete
ConvNeXt,2.5D-to-3D,train,qwk,0.0,0.0,0.0,0.0,0.0,0.0,L1/L2,0.0,L1/L2,0.0,0.0,0.0,5,complete
ConvNeXt,2.5D-to-3D,train,ser,0.009059755781188963,0.022629716200627047,0.059155461088882734,0.14254447265259707,0.07503722190275972,0.06168532552521111,L1/L2,0.009059755781188963,L4/L5,0.14254447265259707,0.13348471687140812,0.05248253575168772,5,complete
ConvNeXt,2.5D-to-3D,validation,accuracy,0.9485705189329833,0.874927518962002,0.7391806499036505,0.5577492082927206,0.730727931489198,0.7702311655161109,L1/L2,0.9485705189329833,L4/L5,0.5577492082927206,0.3908213106402627,0.15036578198337083,5,complete
ConvNeXt,2.5D-to-3D,validation,precision_macro,0.3161901729776611,0.29164250632066724,0.2463935499678834,0.1859164027642402,0.24357597716306598,0.2567437218387036,L1/L2,0.3161901729776611,L4/L5,0.1859164027642402,0.1302737702134209,0.05012192732779027,5,complete
ConvNeXt,2.5D-to-3D,validation,recall_macro,0.3333333333333333,0.3333333333333333,0.3333333333333333,0.3333333333333333,0.3333333333333333,0.3333333333333333,L1/L2,0.3333333333333333,L1/L2,0.3333333333333333,0.0,0.0,5,complete
ConvNeXt,2.5D-to-3D,validation,f1_macro,0.32451006899134055,0.3109750581257978,0.2829167101557113,0.23505482988563925,0.27979201893525235,0.28664973721874826,L1/L2,0.32451006899134055,L4/L5,0.23505482988563925,0.0894552391057013,0.03445331701368886,5,complete
ConvNeXt,2.5D-to-3D,validation,oa,0.9485705189329833,0.874927518962002,0.7391806499036505,0.5577492082927206,0.730727931489198,0.7702311655161109,L1/L2,0.9485705189329833,L4/L5,0.5577492082927206,0.3908213106402627,0.15036578198337083,5,complete
ConvNeXt,2.5D-to-3D,validation,omae,0.06133618248150411,0.1479498202032175,0.31649662036786363,0.5851371992127451,0.345569585947534,0.2912978816425729,L1/L2,0.06133618248150411,L4/L5,0.5851371992127451,0.523801016731241,0.20208475243761106,5,complete
ConvNeXt,2.5D-to-3D,validation,qwk,0.0,0.0,0.0,0.0,0.0,0.0,L1/L2,0.0,L1/L2,0.0,0.0,0.0,5,complete
ConvNeXt,2.5D-to-3D,validation,ser,0.009906701414487504,0.02287733916521944,0.055677270271514,0.14288640750546566,0.07629751743673205,0.06152904715868372,L1/L2,0.009906701414487504,L4/L5,0.14288640750546566,0.13297970609097814,0.052512360927290974,5,complete
ConvNeXt,2.5D-to-3D,test,accuracy,0.945653088434414,0.873625814695745,0.7390053018609638,0.5617875600678657,0.7307632687925891,0.7701670067703155,L1/L2,0.945653088434414,L4/L5,0.5617875600678657,0.3838655283665483,0.14785532626748984,5,complete
ConvNeXt,2.5D-to-3D,test,precision_macro,0.31521769614480466,0.2912086048985816,0.24633510062032124,0.1872625200226219,0.24358775626419638,0.25672233559010516,L1/L2,0.31521769614480466,L4/L5,0.1872625200226219,0.12795517612218277,0.04928510875582994,5,complete
ConvNeXt,2.5D-to-3D,test,recall_macro,0.3333333333333333,0.3333333333333333,0.3333333333333333,0.3333333333333333,0.3333333333333333,0.3333333333333333,L1/L2,0.3333333333333333,L1/L2,0.3333333333333333,0.0,0.0,5,complete
ConvNeXt,2.5D-to-3D,test,f1_macro,0.32398594911058265,0.31070154983503756,0.2829005471225265,0.23642142574161737,0.2797607306532493,0.28675404049260267,L1/L2,0.32398594911058265,L4/L5,0.23642142574161737,0.08756452336896528,0.03375213372654068,5,complete
ConvNeXt,2.5D-to-3D,test,oa,0.945653088434414,0.873625814695745,0.7390053018609638,0.5617875600678657,0.7307632687925891,0.7701670067703155,L1/L2,0.945653088434414,L4/L5,0.5617875600678657,0.3838655283665483,0.14785532626748984,5,complete
ConvNeXt,2.5D-to-3D,test,omae,0.0640722240511897,0.15038655784778882,0.3188568843627032,0.5898155942161898,0.3390848129834262,0.29244321469225953,L1/L2,0.0640722240511897,L4/L5,0.5898155942161898,0.5257433701650001,0.20226026294143246,5,complete
ConvNeXt,2.5D-to-3D,test,qwk,0.0,0.0,0.0,0.0,0.0,0.0,L1/L2,0.0,L1/L2,0.0,0.0,0.0,5,complete
ConvNeXt,2.5D-to-3D,test,ser,0.009725312485603632,0.024012372543533677,0.057862186223667,0.15160315428405552,0.06984808177601529,0.06261022146257503,L1/L2,0.009725312485603632,L4/L5,0.15160315428405552,0.1418778417984519,0.055410468531214875,5,complete
ConvNeXt,2D,train,accuracy,0.9639475498312049,0.9190170626637275,0.8544200888099762,0.8003999808949673,0.8395774381531218,0.8754724240705997,L1/L2,0.9639475498312049,L4/L5,0.8003999808949673,0.16354756893623756,0.06536724330056531,5,complete
ConvNeXt,2D,train,precision_macro,0.6776508408265085,0.6963435801844631,0.7494483508380777,0.7680866828209247,0.7306656172655053,0.7244390143870959,L4/L5,0.7680866828209247,L1/L2,0.6776508408265085,0.09043584199441623,0.03724192214763962,5,complete
ConvNeXt,2D,train,recall_macro,0.5586435130219563,0.6080483566556882,0.683876873560689,0.7318944095277928,0.6442453003610714,0.6453416906254396,L4/L5,0.7318944095277928,L1/L2,0.5586435130219563,0.17325089650583658,0.06686722347906945,5,complete
ConvNeXt,2D,train,f1_macro,0.5807300572236553,0.6293108254179643,0.701495911461459,0.7405682736112963,0.6633040827573466,0.6630818300943442,L4/L5,0.7405682736112963,L1/L2,0.5807300572236553,0.15983821638764095,0.062052669612654314,5,complete
ConvNeXt,2D,train,oa,0.9639475498312049,0.9190170626637275,0.8544200888099762,0.8003999808949673,0.8395774381531218,0.8754724240705997,L1/L2,0.9639475498312049,L4/L5,0.8003999808949673,0.16354756893623756,0.06536724330056531,5,complete
ConvNeXt,2D,train,omae,0.03714481706356385,0.0827947789006408,0.14794872309267187,0.20569511369292623,0.16989714676909343,0.12869611590377922,L1/L2,0.03714481706356385,L4/L5,0.20569511369292623,0.16855029662936238,0.06798089170214221,5,complete
ConvNeXt,2D,train,qwk,0.6335007194324878,0.6719986064622462,0.7255639301350777,0.7704037412588625,0.6895772946498828,0.6982088583877115,L4/L5,0.7704037412588625,L1/L2,0.6335007194324878,0.1369030218263747,0.05222314024617789,5,complete
ConvNeXt,2D,train,ser,0.0010923668947686802,0.0018118415643682921,0.002368811902647992,0.0060950945878935755,0.009474584922215404,0.004168539974378789,L1/L2,0.0010923668947686802,L5/S1,0.009474584922215404,0.008382218027446724,0.003539831034490113,5,complete
ConvNeXt,2D,validation,accuracy,0.9604746031396406,0.9106763918597924,0.8414340145177602,0.772176270471858,0.8111754115498974,0.8591873383077898,L1/L2,0.9604746031396406,L4/L5,0.772176270471858,0.18829833266778262,0.07599586205074994,5,complete
ConvNeXt,2D,validation,precision_macro,0.5606544388747444,0.6438733053911836,0.7158309745324402,0.7346796298266919,0.6765070783642674,0.6663090853978655,L4/L5,0.7346796298266919,L1/L2,0.5606544388747444,0.17402519095194746,0.0687335734301802,5,complete
ConvNeXt,2D,validation,recall_macro,0.5237721914064453,0.5828702807271291,0.6537173073925551,0.6980020001562011,0.5814040416403403,0.607953164264534,L4/L5,0.6980020001562011,L1/L2,0.5237721914064453,0.1742298087497558,0.06823414246490929,5,complete
ConvNeXt,2D,validation,f1_macro,0.5201409195255916,0.5898998205300536,0.6671289123150898,0.7014486419708156,0.6028454741141895,0.616292753691148,L4/L5,0.7014486419708156,L1/L2,0.5201409195255916,0.18130772244522397,0.0706371569972301,5,complete
ConvNeXt,2D,validation,oa,0.9604746031396406,0.9106763918597924,0.8414340145177602,0.772176270471858,0.8111754115498974,0.8591873383077898,L1/L2,0.9604746031396406,L4/L5,0.772176270471858,0.18829833266778262,0.07599586205074994,5,complete
ConvNeXt,2D,validation,omae,0.04125617596694386,0.09179338621402075,0.16098127871879658,0.23485222829436228,0.20093802649548476,0.14596421913792162,L1/L2,0.04125617596694386,L4/L5,0.23485222829436228,0.19359605232741842,0.07913116198755395,5,complete
ConvNeXt,2D,validation,qwk,0.5644500608116695,0.6282817313056095,0.7013705955895118,0.735518236204783,0.6081838471988346,0.6475608942220817,L4/L5,0.735518236204783,L1/L2,0.5644500608116695,0.17106817539311348,0.06975246690103162,5,complete
ConvNeXt,2D,validation,ser,0.0017307791065844882,0.0024697780738132035,0.00241529323655682,0.007028498766220287,0.01211343804538224,0.005151557445711408,L1/L2,0.0017307791065844882,L5/S1,0.01211343804538224,0.010382658938797753,0.004426383881679993,5,complete
ConvNeXt,2D,test,accuracy,0.9577310231316407,0.905709281048807,0.8353528999556653,0.7650033105303111,0.8147262350578697,0.8557045499448588,L1/L2,0.9577310231316407,L4/L5,0.7650033105303111,0.1927277126013296,0.07620695693850113,5,complete
ConvNeXt,2D,test,precision_macro,0.6151247879535571,0.6341590096502419,0.7166316317173393,0.7202781558544521,0.6467429893085426,0.6665873148968267,L4/L5,0.7202781558544521,L1/L2,0.6151247879535571,0.10515336790089502,0.04868501814566554,5,complete
ConvNeXt,2D,test,recall_macro,0.5187693555864881,0.5635446593220685,0.6588830077179493,0.6845593229703779,0.5703550975473373,0.5992222886288442,L4/L5,0.6845593229703779,L1/L2,0.5187693555864881,0.16578996738388985,0.06967907365458259,5,complete
ConvNeXt,2D,test,f1_macro,0.5313460802528807,0.5767499730828058,0.6711596884631683,0.6921353754878024,0.5866672508406856,0.6116116736254685,L4/L5,0.6921353754878024,L1/L2,0.5313460802528807,0.1607892952349217,0.06765752084020454,5,complete
ConvNeXt,2D,test,oa,0.9577310231316407,0.905709281048807,0.8353528999556653,0.7650033105303111,0.8147262350578697,0.8557045499448588,L1/L2,0.9577310231316407,L4/L5,0.7650033105303111,0.1927277126013296,0.07620695693850113,5,complete
ConvNeXt,2D,test,omae,0.04354613681821209,0.09760086595774019,0.16762604652520535,0.2417022223770849,0.19699628725840587,0.1494943117873297,L1/L2,0.04354613681821209,L4/L5,0.2417022223770849,0.19815608555887282,0.07906554520292483,5,complete
ConvNeXt,2D,test,qwk,0.5866944486047744,0.6258459594953021,0.6960914853614507,0.737857096716277,0.5760729906080493,0.6445123961571707,L4/L5,0.737857096716277,L5/S1,0.5760729906080493,0.1617841061082277,0.07026545864497115,5,complete
ConvNeXt,2D,test,ser,0.001277159949852792,0.0033101470065471593,0.002978946480870776,0.0067055329073960595,0.011722522316275488,0.005198861732188455,L1/L2,0.001277159949852792,L5/S1,0.011722522316275488,0.010445362366422696,0.004144370198052838,5,complete
EfficientNet,2.5D-to-3D,train,accuracy,0.9507469141583524,0.8820064705987203,0.7703511726292447,0.6473283540632578,0.7495193494080941,0.7999904521715339,L1/L2,0.9507469141583524,L4/L5,0.6473283540632578,0.3034185600950946,0.11851758668463112,5,complete
EfficientNet,2.5D-to-3D,train,precision_macro,0.36018788006863744,0.35777295958167893,0.3899416199728246,0.3744347661521778,0.3386046591743742,0.3641883769899386,L3/L4,0.3899416199728246,L5/S1,0.3386046591743742,0.051336960798450404,0.01923477442294027,5,complete
EfficientNet,2.5D-to-3D,train,recall_macro,0.33895164789868804,0.36825740857788214,0.4083262633612703,0.4327655568730181,0.37814031924531566,0.3852882391912349,L4/L5,0.4327655568730181,L1/L2,0.33895164789868804,0.09381390897433006,0.0363079464286491,5,complete
EfficientNet,2.5D-to-3D,train,f1_macro,0.3340893439148357,0.35384004595727275,0.37779335925661195,0.38507134339079485,0.34171128447820126,0.35850107539954335,L4/L5,0.38507134339079485,L1/L2,0.3340893439148357,0.05098199947595916,0.022235817200376266,5,complete
EfficientNet,2.5D-to-3D,train,oa,0.9507469141583524,0.8820064705987203,0.7703511726292447,0.6473283540632578,0.7495193494080941,0.7999904521715339,L1/L2,0.9507469141583524,L4/L5,0.6473283540632578,0.3034185600950946,0.11851758668463112,5,complete
EfficientNet,2.5D-to-3D,train,omae,0.05799522941202069,0.13546331011341886,0.2635748452079321,0.427663979419462,0.30988603336299575,0.23891667950316592,L1/L2,0.05799522941202069,L4/L5,0.427663979419462,0.3696687500074413,0.14552095063089016,5,complete
EfficientNet,2.5D-to-3D,train,qwk,0.024247930623380827,0.12851931446378256,0.20792015895812002,0.23613717717077848,0.1309534562898648,0.14555560750118535,L4/L5,0.23613717717077848,L1/L2,0.024247930623380827,0.21188924654739766,0.08263378336397342,5,complete
EfficientNet,2.5D-to-3D,train,ser,0.008742143570373164,0.01746978071213919,0.03392601783717664,0.07499233348271986,0.059405382771089664,0.03890713167469971,L1/L2,0.008742143570373164,L4/L5,0.07499233348271986,0.0662501899123467,0.027913339580855928,5,complete
EfficientNet,2.5D-to-3D,validation,accuracy,0.9485705189329833,0.8794563417857203,0.7616267876455849,0.641043635507278,0.747511633219284,0.7956417834181702,L1/L2,0.9485705189329833,L4/L5,0.641043635507278,0.3075268834257052,0.12019379868940987,5,complete
EfficientNet,2.5D-to-3D,validation,precision_macro,0.3229925785898538,0.3533276110434576,0.38823282448543095,0.36710287846843787,0.33483166327093283,0.3532975111716226,L3/L4,0.38823282448543095,L1/L2,0.3229925785898538,0.06524024589557714,0.02583815814843028,5,complete
EfficientNet,2.5D-to-3D,validation,recall_macro,0.3339136091595108,0.3685468040183588,0.4060574133798907,0.4354927666502242,0.3834317265261318,0.38548846394682323,L4/L5,0.4354927666502242,L1/L2,0.3339136091595108,0.10157915749071339,0.038323385895283356,5,complete
EfficientNet,2.5D-to-3D,validation,f1_macro,0.3257168535959151,0.35238750682184383,0.37516820660889316,0.38506168546106767,0.3458296875329582,0.35683278800413565,L4/L5,0.38506168546106767,L1/L2,0.3257168535959151,0.05934483186515255,0.02367534765273161,5,complete
EfficientNet,2.5D-to-3D,validation,oa,0.9485705189329833,0.8794563417857203,0.7616267876455849,0.641043635507278,0.747511633219284,0.7956417834181702,L1/L2,0.9485705189329833,L4/L5,0.641043635507278,0.3075268834257052,0.12019379868940987,5,complete
EfficientNet,2.5D-to-3D,validation,omae,0.061038147183468804,0.13883230563291935,0.2707525759505144,0.4347880469430995,0.3132339611144688,0.24372900736489417,L1/L2,0.061038147183468804,L4/L5,0.4347880469430995,0.37374989975963074,0.14700683392911915,5,complete
EfficientNet,2.5D-to-3D,validation,qwk,0.01344474642919338,0.11939027219101421,0.2006665961867574,0.2344996923082352,0.12865534287210817,0.13933132999746167,L4/L5,0.2344996923082352,L1/L2,0.01344474642919338,0.22105494587904181,0.08540797163242113,5,complete
EfficientNet,2.5D-to-3D,validation,ser,0.009608666116452202,0.018288647418639677,0.03237936359609929,0.07583168245037768,0.06074559433375278,0.03937079078306433,L1/L2,0.009608666116452202,L4/L5,0.07583168245037768,0.06622301633392548,0.028130942641626116,5,complete
EfficientNet,2.5D-to-3D,test,accuracy,0.9457892737828736,0.8758076830488584,0.7626233616526596,0.6380689381341837,0.7439632611456123,0.7932505035528375,L1/L2,0.9457892737828736,L4/L5,0.6380689381341837,0.30772033564868984,0.11992949662249075,5,complete
EfficientNet,2.5D-to-3D,test,precision_macro,0.34538903198111215,0.34130289548771947,0.36821222054835945,0.3737083619160939,0.33265178069409396,0.35225285812547574,L4/L5,0.3737083619160939,L5/S1,0.33265178069409396,0.041056581221999955,0.01779224493588088,5,complete
EfficientNet,2.5D-to-3D,test,recall_macro,0.336177574059927,0.3654243815533049,0.40729555876052714,0.4275512325851576,0.3781298086713011,0.3829157111260435,L4/L5,0.4275512325851576,L1/L2,0.336177574059927,0.0913736585252306,0.035707183015281516,5,complete
EfficientNet,2.5D-to-3D,test,f1_macro,0.3292984298230936,0.3437795650378792,0.3739467162668292,0.3790402332027949,0.33945234924166334,0.35310345871445203,L4/L5,0.3790402332027949,L1/L2,0.3292984298230936,0.0497418033797013,0.022063118772639476,5,complete
EfficientNet,2.5D-to-3D,test,oa,0.9457892737828736,0.8758076830488584,0.7626233616526596,0.6380689381341837,0.7439632611456123,0.7932505035528375,L1/L2,0.9457892737828736,L4/L5,0.6380689381341837,0.30772033564868984,0.11992949662249075,5,complete
EfficientNet,2.5D-to-3D,test,omae,0.06379163437060001,0.14278705155512492,0.2715169039540012,0.4443599049964117,0.31167068100156425,0.2468252351755404,L1/L2,0.06379163437060001,L4/L5,0.4443599049964117,0.38056827062581167,0.14845857907791926,5,complete
EfficientNet,2.5D-to-3D,test,qwk,0.014412914143219342,0.12071713526576407,0.20480839171832263,0.22731184439747648,0.1286243335957047,0.13917492382409744,L4/L5,0.22731184439747648,L1/L2,0.014412914143219342,0.21289893025425713,0.08380547841314363,5,complete
EfficientNet,2.5D-to-3D,test,ser,0.009580908153473667,0.018594734603983205,0.034140265606660815,0.08242884313059541,0.05563394214717652,0.04007573872837793,L1/L2,0.009580908153473667,L4/L5,0.08242884313059541,0.07284793497712175,0.029421255994981143,5,complete
EfficientNet,2D,train,accuracy,0.9588038896478073,0.9222637135965538,0.8710105551250693,0.7976568816009925,0.8554287657022881,0.8810327611345421,L1/L2,0.9588038896478073,L4/L5,0.7976568816009925,0.1611470080468148,0.06216085254108017,5,complete
EfficientNet,2D,train,precision_macro,0.6549066434899457,0.7116034317773112,0.7501519495830576,0.7467065262908912,0.7008607354868237,0.712845857325606,L3/L4,0.7501519495830576,L1/L2,0.6549066434899457,0.09524530609311199,0.038860097429516335,5,complete
EfficientNet,2D,train,recall_macro,0.46038186321697055,0.5791072344871548,0.7184109243495408,0.7684973621327461,0.6833799756228058,0.6419554719618435,L4/L5,0.7684973621327461,L1/L2,0.46038186321697055,0.30811549891577555,0.12297677831373326,5,complete
EfficientNet,2D,train,f1_macro,0.4934724473662442,0.6179287967352098,0.7238283980044462,0.7471121232755039,0.6825426448390902,0.6529768820440989,L4/L5,0.7471121232755039,L1/L2,0.4934724473662442,0.25363967590925973,0.1017663356063107,5,complete
EfficientNet,2D,train,oa,0.9588038896478073,0.9222637135965538,0.8710105551250693,0.7976568816009925,0.8554287657022881,0.8810327611345421,L1/L2,0.9588038896478073,L4/L5,0.7976568816009925,0.1611470080468148,0.06216085254108017,5,complete
EfficientNet,2D,train,omae,0.044864277844120976,0.08096174994590692,0.13068567109787782,0.21026654809453538,0.1531985013852015,0.12399534967352852,L1/L2,0.044864277844120976,L4/L5,0.21026654809453538,0.1654022702504144,0.06413641980583427,5,complete
EfficientNet,2D,train,qwk,0.43495990142174723,0.6591385561640497,0.7639995175345043,0.7854235384572835,0.694920078800689,0.6676883184756547,L4/L5,0.7854235384572835,L1/L2,0.43495990142174723,0.3504636370355363,0.13974495733181075,5,complete
EfficientNet,2D,train,ser,0.003668167491928292,0.0032254635424607755,0.001696226222947312,0.007923429695527971,0.008627267087489532,0.005028110808070777,L3/L4,0.001696226222947312,L5/S1,0.008627267087489532,0.00693104086454222,0.003063381924428499,5,complete
EfficientNet,2D,validation,accuracy,0.9535663913828225,0.9042322213075972,0.8296035837713814,0.7354121800309222,0.7941183178187081,0.8433865388622863,L1/L2,0.9535663913828225,L4/L5,0.7354121800309222,0.21815421135190027,0.08677209602539815,5,complete
EfficientNet,2D,validation,precision_macro,0.4959390074316644,0.6443430789574307,0.6719903431427386,0.6740862642657313,0.6043480874610964,0.6181413562517324,L4/L5,0.6740862642657313,L1/L2,0.4959390074316644,0.17814725683406685,0.07389138095153786,5,complete
EfficientNet,2D,validation,recall_macro,0.40559545655813184,0.5121295631402851,0.6344659203737438,0.6989557525408175,0.5795011388262136,0.5661295662878384,L4/L5,0.6989557525408175,L1/L2,0.40559545655813184,0.2933602959826857,0.11311349689919811,5,complete
EfficientNet,2D,validation,f1_macro,0.4149208018890379,0.5429021555806333,0.6419923613300321,0.6758739157099247,0.5807745152877739,0.5712927499594803,L4/L5,0.6758739157099247,L1/L2,0.4149208018890379,0.2609531138208868,0.10159204095786635,5,complete
EfficientNet,2D,validation,oa,0.9535663913828225,0.9042322213075972,0.8296035837713814,0.7354121800309222,0.7941183178187081,0.8433865388622863,L1/L2,0.9535663913828225,L4/L5,0.7354121800309222,0.21815421135190027,0.08677209602539815,5,complete
EfficientNet,2D,validation,omae,0.05147058752834631,0.09954214457999275,0.17455962841593664,0.2774465058579137,0.2203278580157472,0.16466934487958731,L1/L2,0.05147058752834631,L4/L5,0.2774465058579137,0.22597591832956737,0.09078805912125429,5,complete
EfficientNet,2D,validation,qwk,0.3216232287122113,0.5470265496009542,0.6756702310333361,0.7121128821905248,0.5828568388504766,0.5678579460775006,L4/L5,0.7121128821905248,L1/L2,0.3216232287122113,0.39048965347831355,0.15307140921798001,5,complete
EfficientNet,2D,validation,ser,0.005036978911168983,0.003774365887590023,0.004163212187318124,0.012858685888835856,0.014446175834455243,0.008055883741873646,L2/L3,0.003774365887590023,L5/S1,0.014446175834455243,0.010671809946865219,0.005159961599576658,5,complete
EfficientNet,2D,test,accuracy,0.9496468038257376,0.8980539778894695,0.817701800871717,0.7374587284302184,0.7900047937579866,0.8385732209550258,L1/L2,0.9496468038257376,L4/L5,0.7374587284302184,0.2121880753955192,0.0849911026997365,5,complete
EfficientNet,2D,test,precision_macro,0.5305114798311001,0.622509896192953,0.666808777872362,0.6807279241206878,0.6040762876800022,0.620926873139421,L4/L5,0.6807279241206878,L1/L2,0.5305114798311001,0.1502164442895877,0.05946155568894555,5,complete
EfficientNet,2D,test,recall_macro,0.40810710130875405,0.49641689828471974,0.6407638740417095,0.6955389407004856,0.5873322340705853,0.5656318096812509,L4/L5,0.6955389407004856,L1/L2,0.40810710130875405,0.28743183939173156,0.11466945529527443,5,complete
EfficientNet,2D,test,f1_macro,0.42103878284769963,0.5225385553329052,0.6387209454827381,0.6784265326281245,0.5783381139335148,0.5678125860449963,L4/L5,0.6784265326281245,L1/L2,0.42103878284769963,0.25738774978042483,0.10120093195729132,5,complete
EfficientNet,2D,test,oa,0.9496468038257376,0.8980539778894695,0.817701800871717,0.7374587284302184,0.7900047937579866,0.8385732209550258,L1/L2,0.9496468038257376,L4/L5,0.7374587284302184,0.2121880753955192,0.0849911026997365,5,complete
EfficientNet,2D,test,omae,0.055360555109784146,0.10696664733580516,0.18572047678774356,0.2749435843419927,0.22464880975769122,0.16952801466660333,L1/L2,0.055360555109784146,L4/L5,0.2749435843419927,0.21958302923220852,0.08854529026854298,5,complete
EfficientNet,2D,test,qwk,0.2967426308878038,0.5155689159456933,0.6709208493189225,0.7203409618927892,0.5566318720524036,0.5520410460195225,L4/L5,0.7203409618927892,L1/L2,0.2967426308878038,0.4235983310049854,0.16506501903795862,5,complete
EfficientNet,2D,test,ser,0.005007358935521828,0.005020625225274508,0.0034222776594604563,0.012402312772211141,0.014653603515677826,0.008101235621629153,L3/L4,0.0034222776594604563,L5/S1,0.014653603515677826,0.01123132585621737,0.005059339646854294,5,complete
MaxViT,2.5D-to-3D,train,accuracy,0.9639425770025539,0.9225378725865976,0.8581596573492793,0.8149515480585656,0.8657346186765421,0.8850652547347077,L1/L2,0.9639425770025539,L4/L5,0.8149515480585656,0.1489910289439883,0.05839380442685584,5,complete
MaxViT,2.5D-to-3D,train,precision_macro,0.5748375340531015,0.6750435941755779,0.7087022961905675,0.7656570339810963,0.732490895743793,0.6913462708288272,L4/L5,0.7656570339810963,L1/L2,0.5748375340531015,0.19081949992799485,0.07306891320383617,5,complete
MaxViT,2.5D-to-3D,train,recall_macro,0.4922722693728023,0.5793019060273262,0.6535230383670485,0.7411008733788639,0.6694192098834533,0.6271234594058989,L4/L5,0.7411008733788639,L1/L2,0.4922722693728023,0.2488286040060616,0.09480040030853266,5,complete
MaxViT,2.5D-to-3D,train,f1_macro,0.5025967206242258,0.6062047681855756,0.6656842341927645,0.74003914758612,0.6805802583785284,0.6390210257934428,L4/L5,0.74003914758612,L1/L2,0.5025967206242258,0.23744242696189422,0.08990447045338822,5,complete
MaxViT,2.5D-to-3D,train,oa,0.9639425770025539,0.9225378725865976,0.8581596573492793,0.8149515480585656,0.8657346186765421,0.8850652547347077,L1/L2,0.9639425770025539,L4/L5,0.8149515480585656,0.1489910289439883,0.05839380442685584,5,complete
MaxViT,2.5D-to-3D,train,omae,0.039671274660942044,0.08192467950305397,0.1479009535587701,0.1983663569730434,0.1473779882830464,0.12304825059577118,L1/L2,0.039671274660942044,L4/L5,0.1983663569730434,0.15869508231210133,0.06230023744780515,5,complete
MaxViT,2.5D-to-3D,train,qwk,0.4537636435441625,0.6396198761529932,0.7171684894698107,0.7652965331824522,0.6560606177829563,0.6463818320264749,L4/L5,0.7652965331824522,L1/L2,0.4537636435441625,0.3115328896382897,0.1187356586057638,5,complete
MaxViT,2.5D-to-3D,train,ser,0.003613851663496012,0.0044625520896515915,0.006060610908049404,0.01331790503160891,0.013112606959588494,0.008113505330478882,L1/L2,0.003613851663496012,L4/L5,0.01331790503160891,0.009704053368112898,0.004739923827089166,5,complete
MaxViT,2.5D-to-3D,validation,accuracy,0.9514875532206295,0.8820016347341049,0.7805116012324819,0.7110770714469353,0.783285919291455,0.8216727559851214,L1/L2,0.9514875532206295,L4/L5,0.7110770714469353,0.24041048177369417,0.09472413964084413,5,complete
MaxViT,2.5D-to-3D,validation,precision_macro,0.4497290835332697,0.5364385223184444,0.5670527574431408,0.6364367741030222,0.5475828743132268,0.5474480023422208,L4/L5,0.6364367741030222,L1/L2,0.4497290835332697,0.18670769056975256,0.06703275664944702,5,complete
MaxViT,2.5D-to-3D,validation,recall_macro,0.411692195614902,0.45611585946623884,0.5266441713928559,0.6169856573153124,0.5234071033389073,0.5069689974256433,L4/L5,0.6169856573153124,L1/L2,0.411692195614902,0.2052934617004104,0.07814201791215848,5,complete
MaxViT,2.5D-to-3D,validation,f1_macro,0.41356569967575496,0.47506859297325504,0.5318212183698916,0.6122997499424476,0.5202788296598829,0.5106068181242465,L4/L5,0.6122997499424476,L1/L2,0.41356569967575496,0.19873405026669266,0.07342512356701544,5,complete
MaxViT,2.5D-to-3D,validation,oa,0.9514875532206295,0.8820016347341049,0.7805116012324819,0.7110770714469353,0.783285919291455,0.8216727559851214,L1/L2,0.9514875532206295,L4/L5,0.7110770714469353,0.24041048177369417,0.09472413964084413,5,complete
MaxViT,2.5D-to-3D,validation,omae,0.0548532241437492,0.1272270586584728,0.23217844693783313,0.3146956084008982,0.2406235902682941,0.19391558568184947,L1/L2,0.0548532241437492,L4/L5,0.3146956084008982,0.259842384257149,0.10249292434731394,5,complete
MaxViT,2.5D-to-3D,validation,qwk,0.27914422782123227,0.39449075724243526,0.5279783357636298,0.6165941931435303,0.45120983252166996,0.45388346929849954,L4/L5,0.6165941931435303,L1/L2,0.27914422782123227,0.337449965322298,0.12848470140613924,5,complete
MaxViT,2.5D-to-3D,validation,ser,0.0063407773643788246,0.009228693392577734,0.012690048170315025,0.025772679847833668,0.02390950955974901,0.01558834166697085,L1/L2,0.0063407773643788246,L4/L5,0.025772679847833668,0.019431902483454843,0.008765347343079244,5,complete
MaxViT,2.5D-to-3D,test,accuracy,0.9476318112785792,0.8768912811587274,0.7693746915128401,0.7002106888945859,0.7736824585282558,0.8135581862745976,L1/L2,0.9476318112785792,L4/L5,0.7002106888945859,0.24742112238399327,0.09794989518152233,5,complete
MaxViT,2.5D-to-3D,test,precision_macro,0.4648068680093651,0.5119741243433241,0.5371470119539696,0.6136865664142149,0.5321532565272666,0.5319535654496281,L4/L5,0.6136865664142149,L1/L2,0.4648068680093651,0.14887969840484983,0.05388680787969257,5,complete
MaxViT,2.5D-to-3D,test,recall_macro,0.4145675308997605,0.4462871718193403,0.5159250151700111,0.599001464299221,0.5136422597968686,0.49788468839704036,L4/L5,0.599001464299221,L1/L2,0.4145675308997605,0.18443393339946046,0.07141850121950305,5,complete
MaxViT,2.5D-to-3D,test,f1_macro,0.4137779464660191,0.4618215132741478,0.5173838033743833,0.5935970366752285,0.5061499639299577,0.4985460527439473,L4/L5,0.5935970366752285,L1/L2,0.4137779464660191,0.17981909020920933,0.0670479185017307,5,complete
MaxViT,2.5D-to-3D,test,oa,0.9476318112785792,0.8768912811587274,0.7693746915128401,0.7002106888945859,0.7736824585282558,0.8135581862745976,L1/L2,0.9476318112785792,L4/L5,0.7002106888945859,0.24742112238399327,0.09794989518152233,5,complete
MaxViT,2.5D-to-3D,test,omae,0.058375624792359714,0.13582555772725374,0.24519618436532262,0.32676764188530055,0.25171546110001947,0.20357609397405124,L1/L2,0.058375624792359714,L4/L5,0.32676764188530055,0.26839201709294086,0.10594703804324587,5,complete
MaxViT,2.5D-to-3D,test,qwk,0.25387188080197853,0.3719813662594871,0.5162450683198369,0.613496076540738,0.44365422605322247,0.4398497235950526,L4/L5,0.613496076540738,L1/L2,0.25387188080197853,0.3596241957387595,0.13711095029510204,5,complete
MaxViT,2.5D-to-3D,test,ser,0.0060074360709390165,0.01271683888598123,0.01457087587816266,0.0269783307798864,0.02539791962827531,0.017134280248648926,L1/L2,0.0060074360709390165,L4/L5,0.0269783307798864,0.020970894708947384,0.00887531067304606,5,complete
MaxViT,2D,train,accuracy,0.9573507109312347,0.9151783105861009,0.8568154444448666,0.7956568778752617,0.8397712449674188,0.8729545177609765,L1/L2,0.9573507109312347,L4/L5,0.7956568778752617,0.16169383305597296,0.06372223025535641,5,complete
MaxViT,2D,train,precision_macro,0.6215539781909986,0.7297124400126473,0.7591982345889384,0.75455419704488,0.7422221082791631,0.7214481916233255,L3/L4,0.7591982345889384,L1/L2,0.6215539781909986,0.13764425639793987,0.05700829025414857,5,complete
MaxViT,2D,train,recall_macro,0.4233221929375236,0.5420212404779923,0.6588622010766975,0.7368426943570033,0.6343813076748754,0.5990859273048184,L4/L5,0.7368426943570033,L1/L2,0.4233221929375236,0.31352050141947974,0.12035900719469264,5,complete
MaxViT,2D,train,f1_macro,0.45746941227380233,0.5867861550845174,0.686758470843486,0.735307773280529,0.653698518356206,0.6240040659677081,L4/L5,0.735307773280529,L1/L2,0.45746941227380233,0.27783836100672665,0.10761895147579975,5,complete
MaxViT,2D,train,oa,0.9573507109312347,0.9151783105861009,0.8568154444448666,0.7956568778752617,0.8397712449674188,0.8729545177609765,L1/L2,0.9573507109312347,L4/L5,0.7956568778752617,0.16169383305597296,0.06372223025535641,5,complete
MaxViT,2D,train,omae,0.04598378940512736,0.0879860633911554,0.14512800241367985,0.20965910561083959,0.16822930728459976,0.1313972536210804,L1/L2,0.04598378940512736,L4/L5,0.20965910561083959,0.16367531620571224,0.06490385663212442,5,complete
MaxViT,2D,train,qwk,0.3964380298522741,0.5710238845596342,0.7106847221452754,0.7715098807254284,0.6704051808731627,0.624012339631155,L4/L5,0.7715098807254284,L1/L2,0.3964380298522741,0.37507185087315426,0.14664392680932753,5,complete
MaxViT,2D,train,ser,0.0033345003363620916,0.0031643739772563837,0.0019434468585463479,0.005315983486101344,0.008000552252018456,0.004351771382056924,L3/L4,0.0019434468585463479,L5/S1,0.008000552252018456,0.0060571053934721075,0.0023710802815626866,5,complete
MaxViT,2D,validation,accuracy,0.9547479014256857,0.9030410463898496,0.8253302159045187,0.7431531346694684,0.7969230897314492,0.8446390776241943,L1/L2,0.9547479014256857,L4/L5,0.7431531346694684,0.21159476675621725,0.08438570271905141,5,complete
MaxViT,2D,validation,precision_macro,0.4755768713493348,0.6695184598604585,0.653742843889176,0.6865239480311441,0.614379052056981,0.6199482350374189,L4/L5,0.6865239480311441,L1/L2,0.4755768713493348,0.21094707668180934,0.0850084036864878,5,complete
MaxViT,2D,validation,recall_macro,0.40858740910628494,0.4982505508113649,0.6015162716054836,0.6844980210477535,0.5677197491841574,0.5521144003510088,L4/L5,0.6844980210477535,L1/L2,0.40858740910628494,0.27591061194146854,0.1045356474216092,5,complete
MaxViT,2D,validation,f1_macro,0.4172561516018692,0.5332660130854121,0.6149519653230471,0.6746880982346793,0.5706057758840635,0.5621536008258141,L4/L5,0.6746880982346793,L1/L2,0.4172561516018692,0.25743194663281016,0.09663447001578808,5,complete
MaxViT,2D,validation,oa,0.9547479014256857,0.9030410463898496,0.8253302159045187,0.7431531346694684,0.7969230897314492,0.8446390776241943,L1/L2,0.9547479014256857,L4/L5,0.7431531346694684,0.21159476675621725,0.08438570271905141,5,complete
MaxViT,2D,validation,omae,0.04969415798553344,0.10214039566731456,0.17847378261548524,0.26704533106505385,0.21542447615526336,0.16255562869773008,L1/L2,0.04969415798553344,L4/L5,0.26704533106505385,0.2173511730795204,0.08711244530761464,5,complete
MaxViT,2D,validation,qwk,0.3268626340433209,0.5051065370527574,0.6520957552142839,0.7115687911799401,0.5960704538336916,0.5583408342647987,L4/L5,0.7115687911799401,L1/L2,0.3268626340433209,0.3847061571366192,0.15009027596156965,5,complete
MaxViT,2D,validation,ser,0.004442059411218961,0.005181442057164312,0.0038039985200040045,0.010198465734522207,0.012347565886712512,0.007194706321924399,L3/L4,0.0038039985200040045,L5/S1,0.012347565886712512,0.008543567366708507,0.0038308527025969776,5,complete
MaxViT,2D,test,accuracy,0.9507947263071413,0.9001160197092248,0.818946191628022,0.7457612041639382,0.794683784515987,0.8420603852648627,L1/L2,0.9507947263071413,L4/L5,0.7457612041639382,0.20503352214320314,0.08253174258935825,5,complete
MaxViT,2D,test,precision_macro,0.5653189422017884,0.6210042423280336,0.6937576952585344,0.6912365196054757,0.6070291136775113,0.6356693026142687,L3/L4,0.6937576952585344,L1/L2,0.5653189422017884,0.128438753056746,0.055781884581466525,5,complete
MaxViT,2D,test,recall_macro,0.40393796823830536,0.48372556162186137,0.6169166439138654,0.6801232974538439,0.5675938426994438,0.550459462785464,L4/L5,0.6801232974538439,L1/L2,0.40393796823830536,0.27618532921553857,0.10890915462935752,5,complete
MaxViT,2D,test,f1_macro,0.42463445600091126,0.5131525615615742,0.6319305196575618,0.6735977320772086,0.5658364795568962,0.5618303497708304,L4/L5,0.6735977320772086,L1/L2,0.42463445600091126,0.24896327607629737,0.09825257117997428,5,complete
MaxViT,2D,test,oa,0.9507947263071413,0.9001160197092248,0.818946191628022,0.7457612041639382,0.794683784515987,0.8420603852648627,L1/L2,0.9507947263071413,L4/L5,0.7457612041639382,0.20503352214320314,0.08253174258935825,5,complete
MaxViT,2D,test,omae,0.05420388898427634,0.1047627474616338,0.18503273063938386,0.2636584759982619,0.21882119038134085,0.16529580669297936,L1/L2,0.05420388898427634,L4/L5,0.2636584759982619,0.2094545870139856,0.08505203263123062,5,complete
MaxViT,2D,test,qwk,0.3015089193970589,0.509144763206758,0.6527709835913594,0.7228933017475179,0.5562773758957589,0.5485190687676906,L4/L5,0.7228933017475179,L1/L2,0.3015089193970589,0.42138438235045894,0.16116713066852797,5,complete
MaxViT,2D,test,ser,0.004998615291417921,0.00487876717085862,0.00397892226740582,0.009419680162200092,0.013504974897327751,0.00735619195784204,L3/L4,0.00397892226740582,L5/S1,0.013504974897327751,0.00952605262992193,0.004036312273647872,5,complete
ViT,2.5D-to-3D,train,accuracy,0.94850128934634,0.8757431210239103,0.7560723271510187,0.6196814246979903,0.736652803122408,0.7873301930683334,L1/L2,0.94850128934634,L4/L5,0.6196814246979903,0.3288198646483498,0.1279104468707127,5,complete
ViT,2.5D-to-3D,train,precision_macro,0.3551082569450538,0.3989471659692405,0.442410416628164,0.43482968465982663,0.3343170517284242,0.39312251518614183,L3/L4,0.442410416628164,L5/S1,0.3343170517284242,0.10809336489973981,0.047712362477945115,5,complete
ViT,2.5D-to-3D,train,recall_macro,0.33682244261611566,0.3478882058078344,0.38234593244316095,0.42027650155641005,0.3410203087742558,0.36567067823955535,L4/L5,0.42027650155641005,L1/L2,0.33682244261611566,0.0834540589402944,0.03541164279588212,5,complete
ViT,2.5D-to-3D,train,f1_macro,0.33189701116975134,0.33661903069324217,0.36553636416955093,0.38111532242585905,0.29839615270709824,0.3427127762331003,L4/L5,0.38111532242585905,L5/S1,0.29839615270709824,0.08271916971876081,0.0320692584484556,5,complete
ViT,2.5D-to-3D,train,oa,0.94850128934634,0.8757431210239103,0.7560723271510187,0.6196814246979903,0.736652803122408,0.7873301930683334,L1/L2,0.94850128934634,L4/L5,0.6196814246979903,0.3288198646483498,0.1279104468707127,5,complete
ViT,2.5D-to-3D,train,omae,0.0610653175067238,0.14442455900787537,0.2835725725118496,0.47213790669503436,0.3351082558549184,0.25926172231528033,L1/L2,0.0610653175067238,L4/L5,0.47213790669503436,0.4110725891883106,0.1613454158931013,5,complete
ViT,2.5D-to-3D,train,qwk,0.017047388172820137,0.060244233609239604,0.1638768719789957,0.23791220152944142,0.029559837740561624,0.1017281066062117,L4/L5,0.23791220152944142,L1/L2,0.017047388172820137,0.22086481335662128,0.09553608162849994,5,complete
ViT,2.5D-to-3D,train,ser,0.009566606853063955,0.020167680031785727,0.03964489966286834,0.09181933139302463,0.07176105897732635,0.0465919153836138,L1/L2,0.009566606853063955,L4/L5,0.09181933139302463,0.08225272453996067,0.03462794991500625,5,complete
ViT,2.5D-to-3D,validation,accuracy,0.947424617717284,0.8746895472746067,0.7463953494066295,0.6104108176354768,0.7304582841878908,0.7818757232443776,L1/L2,0.947424617717284,L4/L5,0.6104108176354768,0.33701380008180726,0.13164693902117416,5,complete
ViT,2.5D-to-3D,validation,precision_macro,0.33591116447092795,0.37330557423826033,0.416605337858398,0.44700294353629566,0.30768631800990337,0.3761022676227571,L4/L5,0.44700294353629566,L5/S1,0.30768631800990337,0.1393166255263923,0.056945792143463694,5,complete
ViT,2.5D-to-3D,validation,recall_macro,0.3387628358991758,0.3508512484954099,0.3840791705799809,0.42706413998077525,0.34123142796241146,0.36839776458355067,L4/L5,0.42706413998077525,L1/L2,0.3387628358991758,0.08830130408159947,0.0374558712575391,5,complete
ViT,2.5D-to-3D,validation,f1_macro,0.3332310721545177,0.33949728988810646,0.3655482572922052,0.38561526226184434,0.29878630660892813,0.3445356376411204,L4/L5,0.38561526226184434,L5/S1,0.29878630660892813,0.0868289556529162,0.03307281807767159,5,complete
ViT,2.5D-to-3D,validation,oa,0.947424617717284,0.8746895472746067,0.7463953494066295,0.6104108176354768,0.7304582841878908,0.7818757232443776,L1/L2,0.947424617717284,L4/L5,0.6104108176354768,0.33701380008180726,0.13164693902117416,5,complete
ViT,2.5D-to-3D,validation,omae,0.062343225628143394,0.14462697550648462,0.2859152261886388,0.47875565213177645,0.34175634071553657,0.26267948403411595,L1/L2,0.062343225628143394,L4/L5,0.47875565213177645,0.4164124265036331,0.16397634783530893,5,complete
ViT,2.5D-to-3D,validation,qwk,0.03222541508060038,0.0810765760058616,0.1897226001565171,0.2538809750216949,0.033432846026766085,0.11806768245828803,L4/L5,0.2538809750216949,L1/L2,0.03222541508060038,0.22165555994109448,0.09934783594794751,5,complete
ViT,2.5D-to-3D,validation,ser,0.009767843345427508,0.019316522781091288,0.03231057559526834,0.08916646976725313,0.07221462490342742,0.04455520727849354,L1/L2,0.009767843345427508,L4/L5,0.08916646976725313,0.07939862642182563,0.034468431258980844,5,complete
ViT,2.5D-to-3D,test,accuracy,0.9422186742063356,0.872746504480458,0.7430135321237921,0.603097013527712,0.7279195685415932,0.7777990585759782,L1/L2,0.9422186742063356,L4/L5,0.603097013527712,0.3391216606786237,0.13254020937861752,5,complete
ViT,2.5D-to-3D,test,precision_macro,0.3520985574300591,0.3705645019905718,0.4091927155327856,0.41112944203762625,0.3455811107436578,0.3777132655469401,L4/L5,0.41112944203762625,L5/S1,0.3455811107436578,0.06554833129396842,0.031013263643431654,5,complete
ViT,2.5D-to-3D,test,recall_macro,0.3371261975073219,0.35299344544546163,0.38558942569613763,0.412875833539165,0.34129290408020135,0.36597556125365754,L4/L5,0.412875833539165,L1/L2,0.3371261975073219,0.07574963603184309,0.032382070283533786,5,complete
ViT,2.5D-to-3D,test,f1_macro,0.33233628185777997,0.34071806894855283,0.3677418556732717,0.3754080256197933,0.29942334887241534,0.34312551619436266,L4/L5,0.3754080256197933,L5/S1,0.29942334887241534,0.07598467674737797,0.030332356455567575,5,complete
ViT,2.5D-to-3D,test,oa,0.9422186742063356,0.872746504480458,0.7430135321237921,0.603097013527712,0.7279195685415932,0.7777990585759782,L1/L2,0.9422186742063356,L4/L5,0.603097013527712,0.3391216606786237,0.13254020937861752,5,complete
ViT,2.5D-to-3D,test,omae,0.06866515058381555,0.1469456912430999,0.2931202958145314,0.4938423735947513,0.337829073538544,0.26808051695494844,L1/L2,0.06866515058381555,L4/L5,0.4938423735947513,0.42517722301093575,0.16650855978706908,5,complete
ViT,2.5D-to-3D,test,qwk,0.009599909958713357,0.07924087071650529,0.17197929611073218,0.22376477739053388,0.029804871344885558,0.10287794510427403,L4/L5,0.22376477739053388,L1/L2,0.009599909958713357,0.21416486743182053,0.09217890236653727,5,complete
ViT,2.5D-to-3D,test,ser,0.01088382479015114,0.01969219572355795,0.03613382793832351,0.09693938712246317,0.06574864208013724,0.0458795755309266,L1/L2,0.01088382479015114,L4/L5,0.09693938712246317,0.08605556233231203,0.03538129870611298,5,complete
ViT,2D,train,accuracy,0.9598491299400866,0.9092995801270429,0.8277210648612415,0.7456359887598196,0.7916013613698426,0.8468214250116066,L1/L2,0.9598491299400866,L4/L5,0.7456359887598196,0.21421314118026702,0.08707949477914798,5,complete
ViT,2D,train,precision_macro,0.5563159115276779,0.5940222617764461,0.6280531903614198,0.6113709502595318,0.5662105562836006,0.5911945740417354,L3/L4,0.6280531903614198,L1/L2,0.5563159115276779,0.07173727883374192,0.03005978132953197,5,complete
ViT,2D,train,recall_macro,0.4924414488652685,0.5366893061475337,0.5898148173044231,0.6167738079960703,0.5430377489961341,0.555751425861886,L4/L5,0.6167738079960703,L1/L2,0.4924414488652685,0.12433235913080176,0.04852113182073664,5,complete
ViT,2D,train,f1_macro,0.5049011117372819,0.5537934710267021,0.5926404569300943,0.6049977346560357,0.5383626576614778,0.5589390864023184,L4/L5,0.6049977346560357,L1/L2,0.5049011117372819,0.10009662291875376,0.0407036575065125,5,complete
ViT,2D,train,oa,0.9598491299400866,0.9092995801270429,0.8277210648612415,0.7456359887598196,0.7916013613698426,0.8468214250116066,L1/L2,0.9598491299400866,L4/L5,0.7456359887598196,0.21421314118026702,0.08707949477914798,5,complete
ViT,2D,train,omae,0.04189306429236146,0.09434721455190188,0.1792912789355237,0.2776526067677699,0.24095925480566854,0.16682868387064512,L1/L2,0.04189306429236146,L4/L5,0.2776526067677699,0.23575954247540848,0.09848232346876401,5,complete
ViT,2D,train,qwk,0.4795863845919974,0.49964417365962766,0.5611330351466923,0.5834848727254727,0.4814329555980034,0.5210562843443587,L4/L5,0.5834848727254727,L1/L2,0.4795863845919974,0.1038984881334753,0.04809291489533236,5,complete
ViT,2D,train,ser,0.001742194232448132,0.003646794678944932,0.007012343796765285,0.023288595527589634,0.032560616175511134,0.013650108882251825,L1/L2,0.001742194232448132,L5/S1,0.032560616175511134,0.030818421943063,0.013568643655391312,5,complete
ViT,2D,validation,accuracy,0.9563119214954672,0.9017042936528282,0.8149419286659267,0.7292276788383784,0.772796198037722,0.8349964041380644,L1/L2,0.9563119214954672,L4/L5,0.7292276788383784,0.22708424265708882,0.09303959930066917,5,complete
ViT,2D,validation,precision_macro,0.4946283367854455,0.5691432451377564,0.5958510720991658,0.5988722963187506,0.5051543937161389,0.5527298688114514,L4/L5,0.5988722963187506,L1/L2,0.4946283367854455,0.10424395953330512,0.049742272178674524,5,complete
ViT,2D,validation,recall_macro,0.4694659877469219,0.5293483036087325,0.5869722296300252,0.6085289378632233,0.5083433795596509,0.5405317676817107,L4/L5,0.6085289378632233,L1/L2,0.4694659877469219,0.13906295011630138,0.056990874126859575,5,complete
ViT,2D,validation,f1_macro,0.4739599604505159,0.5348510143906074,0.5834090845481709,0.5924331563986897,0.49456036756495775,0.5358427166705884,L4/L5,0.5924331563986897,L1/L2,0.4739599604505159,0.11847319594817374,0.052439795385207155,5,complete
ViT,2D,validation,oa,0.9563119214954672,0.9017042936528282,0.8149419286659267,0.7292276788383784,0.772796198037722,0.8349964041380644,L1/L2,0.9563119214954672,L4/L5,0.7292276788383784,0.22708424265708882,0.09303959930066917,5,complete
ViT,2D,validation,omae,0.04610961798861872,0.10195647949323985,0.1909728933346481,0.29158062864338097,0.2654025420637995,0.17920443230473743,L1/L2,0.04610961798861872,L4/L5,0.29158062864338097,0.24547101065476223,0.1047359729462598,5,complete
ViT,2D,validation,qwk,0.45072050363206373,0.4916540841007033,0.5525859236319356,0.5771967763506802,0.42362043976943403,0.49915554549696334,L4/L5,0.5771967763506802,L5/S1,0.42362043976943403,0.1535763365812462,0.06529359926825225,5,complete
ViT,2D,validation,ser,0.00242153948408576,0.003660773146068136,0.005914822000574741,0.020808307481759165,0.03819874010152163,0.014200836442801887,L1/L2,0.00242153948408576,L5/S1,0.03819874010152163,0.035777200617435875,0.015313889610590638,5,complete
ViT,2D,test,accuracy,0.9525227229545532,0.8930077501339394,0.8069574345194438,0.7255154310796158,0.7694823288046243,0.8294971334984351,L1/L2,0.9525227229545532,L4/L5,0.7255154310796158,0.2270072918749374,0.09231861044348398,5,complete
ViT,2D,test,precision_macro,0.46320718427238605,0.5471826341887116,0.5814588038948754,0.5906108975504891,0.5245570344810042,0.5414033108774932,L4/L5,0.5906108975504891,L1/L2,0.46320718427238605,0.12740371327810307,0.05113135273354891,5,complete
ViT,2D,test,recall_macro,0.46285092999764943,0.514214060101551,0.5727209769299209,0.5986058758491966,0.49274942677919925,0.5282282539315034,L4/L5,0.5986058758491966,L1/L2,0.46285092999764943,0.13575494585154713,0.05626266825383039,5,complete
ViT,2D,test,f1_macro,0.45321749420039614,0.5165223536695251,0.5665862283531581,0.5834664926495996,0.48937183945570906,0.5218328816656777,L4/L5,0.5834664926495996,L1/L2,0.45321749420039614,0.13024899844920346,0.0538320453090286,5,complete
ViT,2D,test,oa,0.9525227229545532,0.8930077501339394,0.8069574345194438,0.7255154310796158,0.7694823288046243,0.8294971334984351,L1/L2,0.9525227229545532,L4/L5,0.7255154310796158,0.2270072918749374,0.09231861044348398,5,complete
ViT,2D,test,omae,0.0496203316799864,0.11124211890106772,0.2025713492601159,0.2998199593137123,0.26285983086221315,0.1852227180034191,L1/L2,0.0496203316799864,L4/L5,0.2998199593137123,0.2501996276337259,0.10406988065191083,5,complete
ViT,2D,test,qwk,0.4315199255124867,0.4757774832242214,0.5321714364612703,0.5697814721275936,0.3978526799831333,0.481420599461741,L4/L5,0.5697814721275936,L5/S1,0.3978526799831333,0.17192879214446027,0.07051384697679387,5,complete
ViT,2D,test,ser,0.002143054634539596,0.004249869035007064,0.009528783779559674,0.02533539039332819,0.03234215966683738,0.01471985150185438,L1/L2,0.002143054634539596,L5/S1,0.03234215966683738,0.030199105032297783,0.013397564586644643,5,complete
