split,representation,architecture,metric,l1_l2,l2_l3,l3_l4,l4_l5,l5_s1,macro_level_mean,best_level,worst_level,level_range,level_std,status
validation,2.5D-to-3D,ConvNeXt,accuracy,0.9485705189329833,0.874927518962002,0.7391806499036505,0.5577492082927206,0.730727931489198,0.7702311655161109,L1/L2,L4/L5,0.3908213106402627,0.15036578198337083,complete
validation,2.5D-to-3D,ConvNeXt,f1_macro,0.32451006899134055,0.3109750581257978,0.2829167101557113,0.23505482988563925,0.27979201893525235,0.28664973721874826,L1/L2,L4/L5,0.0894552391057013,0.03445331701368886,complete
validation,2.5D-to-3D,ConvNeXt,oa,0.9485705189329833,0.874927518962002,0.7391806499036505,0.5577492082927206,0.730727931489198,0.7702311655161109,L1/L2,L4/L5,0.3908213106402627,0.15036578198337083,complete
validation,2.5D-to-3D,ConvNeXt,omae,0.06133618248150411,0.1479498202032175,0.31649662036786363,0.5851371992127451,0.345569585947534,0.2912978816425729,L1/L2,L4/L5,0.523801016731241,0.20208475243761106,complete
validation,2.5D-to-3D,ConvNeXt,qwk,0.0,0.0,0.0,0.0,0.0,0.0,L1/L2,L1/L2,0.0,0.0,complete
validation,2.5D-to-3D,ConvNeXt,ser,0.009906701414487504,0.02287733916521944,0.055677270271514,0.14288640750546566,0.07629751743673205,0.06152904715868372,L1/L2,L4/L5,0.13297970609097814,0.052512360927290974,complete
test,2.5D-to-3D,ConvNeXt,accuracy,0.945653088434414,0.873625814695745,0.7390053018609638,0.5617875600678657,0.7307632687925891,0.7701670067703155,L1/L2,L4/L5,0.3838655283665483,0.14785532626748984,complete
test,2.5D-to-3D,ConvNeXt,f1_macro,0.32398594911058265,0.31070154983503756,0.2829005471225265,0.23642142574161737,0.2797607306532493,0.28675404049260267,L1/L2,L4/L5,0.08756452336896528,0.03375213372654068,complete
test,2.5D-to-3D,ConvNeXt,oa,0.945653088434414,0.873625814695745,0.7390053018609638,0.5617875600678657,0.7307632687925891,0.7701670067703155,L1/L2,L4/L5,0.3838655283665483,0.14785532626748984,complete
test,2.5D-to-3D,ConvNeXt,omae,0.0640722240511897,0.15038655784778882,0.3188568843627032,0.5898155942161898,0.3390848129834262,0.29244321469225953,L1/L2,L4/L5,0.5257433701650001,0.20226026294143246,complete
test,2.5D-to-3D,ConvNeXt,qwk,0.0,0.0,0.0,0.0,0.0,0.0,L1/L2,L1/L2,0.0,0.0,complete
test,2.5D-to-3D,ConvNeXt,ser,0.009725312485603632,0.024012372543533677,0.057862186223667,0.15160315428405552,0.06984808177601529,0.06261022146257503,L1/L2,L4/L5,0.1418778417984519,0.055410468531214875,complete
validation,2D,ConvNeXt,accuracy,0.9604746031396406,0.9106763918597924,0.8414340145177602,0.772176270471858,0.8111754115498974,0.8591873383077898,L1/L2,L4/L5,0.18829833266778262,0.07599586205074994,complete
validation,2D,ConvNeXt,f1_macro,0.5201409195255916,0.5898998205300536,0.6671289123150898,0.7014486419708156,0.6028454741141895,0.616292753691148,L4/L5,L1/L2,0.18130772244522397,0.0706371569972301,complete
validation,2D,ConvNeXt,oa,0.9604746031396406,0.9106763918597924,0.8414340145177602,0.772176270471858,0.8111754115498974,0.8591873383077898,L1/L2,L4/L5,0.18829833266778262,0.07599586205074994,complete
validation,2D,ConvNeXt,omae,0.04125617596694386,0.09179338621402075,0.16098127871879658,0.23485222829436228,0.20093802649548476,0.14596421913792162,L1/L2,L4/L5,0.19359605232741842,0.07913116198755395,complete
validation,2D,ConvNeXt,qwk,0.5644500608116695,0.6282817313056095,0.7013705955895118,0.735518236204783,0.6081838471988346,0.6475608942220817,L4/L5,L1/L2,0.17106817539311348,0.06975246690103162,complete
validation,2D,ConvNeXt,ser,0.0017307791065844882,0.0024697780738132035,0.00241529323655682,0.007028498766220287,0.01211343804538224,0.005151557445711408,L1/L2,L5/S1,0.010382658938797753,0.004426383881679993,complete
test,2D,ConvNeXt,accuracy,0.9577310231316407,0.905709281048807,0.8353528999556653,0.7650033105303111,0.8147262350578697,0.8557045499448588,L1/L2,L4/L5,0.1927277126013296,0.07620695693850113,complete
test,2D,ConvNeXt,f1_macro,0.5313460802528807,0.5767499730828058,0.6711596884631683,0.6921353754878024,0.5866672508406856,0.6116116736254685,L4/L5,L1/L2,0.1607892952349217,0.06765752084020454,complete
test,2D,ConvNeXt,oa,0.9577310231316407,0.905709281048807,0.8353528999556653,0.7650033105303111,0.8147262350578697,0.8557045499448588,L1/L2,L4/L5,0.1927277126013296,0.07620695693850113,complete
test,2D,ConvNeXt,omae,0.04354613681821209,0.09760086595774019,0.16762604652520535,0.2417022223770849,0.19699628725840587,0.1494943117873297,L1/L2,L4/L5,0.19815608555887282,0.07906554520292483,complete
test,2D,ConvNeXt,qwk,0.5866944486047744,0.6258459594953021,0.6960914853614507,0.737857096716277,0.5760729906080493,0.6445123961571707,L4/L5,L5/S1,0.1617841061082277,0.07026545864497115,complete
test,2D,ConvNeXt,ser,0.001277159949852792,0.0033101470065471593,0.002978946480870776,0.0067055329073960595,0.011722522316275488,0.005198861732188455,L1/L2,L5/S1,0.010445362366422696,0.004144370198052838,complete
validation,2.5D-to-3D,EfficientNet,accuracy,0.9485705189329833,0.8794563417857203,0.7616267876455849,0.641043635507278,0.747511633219284,0.7956417834181702,L1/L2,L4/L5,0.3075268834257052,0.12019379868940987,complete
validation,2.5D-to-3D,EfficientNet,f1_macro,0.3257168535959151,0.35238750682184383,0.37516820660889316,0.38506168546106767,0.3458296875329582,0.35683278800413565,L4/L5,L1/L2,0.05934483186515255,0.02367534765273161,complete
validation,2.5D-to-3D,EfficientNet,oa,0.9485705189329833,0.8794563417857203,0.7616267876455849,0.641043635507278,0.747511633219284,0.7956417834181702,L1/L2,L4/L5,0.3075268834257052,0.12019379868940987,complete
validation,2.5D-to-3D,EfficientNet,omae,0.061038147183468804,0.13883230563291935,0.2707525759505144,0.4347880469430995,0.3132339611144688,0.24372900736489417,L1/L2,L4/L5,0.37374989975963074,0.14700683392911915,complete
validation,2.5D-to-3D,EfficientNet,qwk,0.01344474642919338,0.11939027219101421,0.2006665961867574,0.2344996923082352,0.12865534287210817,0.13933132999746167,L4/L5,L1/L2,0.22105494587904181,0.08540797163242113,complete
validation,2.5D-to-3D,EfficientNet,ser,0.009608666116452202,0.018288647418639677,0.03237936359609929,0.07583168245037768,0.06074559433375278,0.03937079078306433,L1/L2,L4/L5,0.06622301633392548,0.028130942641626116,complete
test,2.5D-to-3D,EfficientNet,accuracy,0.9457892737828736,0.8758076830488584,0.7626233616526596,0.6380689381341837,0.7439632611456123,0.7932505035528375,L1/L2,L4/L5,0.30772033564868984,0.11992949662249075,complete
test,2.5D-to-3D,EfficientNet,f1_macro,0.3292984298230936,0.3437795650378792,0.3739467162668292,0.3790402332027949,0.33945234924166334,0.35310345871445203,L4/L5,L1/L2,0.0497418033797013,0.022063118772639476,complete
test,2.5D-to-3D,EfficientNet,oa,0.9457892737828736,0.8758076830488584,0.7626233616526596,0.6380689381341837,0.7439632611456123,0.7932505035528375,L1/L2,L4/L5,0.30772033564868984,0.11992949662249075,complete
test,2.5D-to-3D,EfficientNet,omae,0.06379163437060001,0.14278705155512492,0.2715169039540012,0.4443599049964117,0.31167068100156425,0.2468252351755404,L1/L2,L4/L5,0.38056827062581167,0.14845857907791926,complete
test,2.5D-to-3D,EfficientNet,qwk,0.014412914143219342,0.12071713526576407,0.20480839171832263,0.22731184439747648,0.1286243335957047,0.13917492382409744,L4/L5,L1/L2,0.21289893025425713,0.08380547841314363,complete
test,2.5D-to-3D,EfficientNet,ser,0.009580908153473667,0.018594734603983205,0.034140265606660815,0.08242884313059541,0.05563394214717652,0.04007573872837793,L1/L2,L4/L5,0.07284793497712175,0.029421255994981143,complete
validation,2D,EfficientNet,accuracy,0.9535663913828225,0.9042322213075972,0.8296035837713814,0.7354121800309222,0.7941183178187081,0.8433865388622863,L1/L2,L4/L5,0.21815421135190027,0.08677209602539815,complete
validation,2D,EfficientNet,f1_macro,0.4149208018890379,0.5429021555806333,0.6419923613300321,0.6758739157099247,0.5807745152877739,0.5712927499594803,L4/L5,L1/L2,0.2609531138208868,0.10159204095786635,complete
validation,2D,EfficientNet,oa,0.9535663913828225,0.9042322213075972,0.8296035837713814,0.7354121800309222,0.7941183178187081,0.8433865388622863,L1/L2,L4/L5,0.21815421135190027,0.08677209602539815,complete
validation,2D,EfficientNet,omae,0.05147058752834631,0.09954214457999275,0.17455962841593664,0.2774465058579137,0.2203278580157472,0.16466934487958731,L1/L2,L4/L5,0.22597591832956737,0.09078805912125429,complete
validation,2D,EfficientNet,qwk,0.3216232287122113,0.5470265496009542,0.6756702310333361,0.7121128821905248,0.5828568388504766,0.5678579460775006,L4/L5,L1/L2,0.39048965347831355,0.15307140921798001,complete
validation,2D,EfficientNet,ser,0.005036978911168983,0.003774365887590023,0.004163212187318124,0.012858685888835856,0.014446175834455243,0.008055883741873646,L2/L3,L5/S1,0.010671809946865219,0.005159961599576658,complete
test,2D,EfficientNet,accuracy,0.9496468038257376,0.8980539778894695,0.817701800871717,0.7374587284302184,0.7900047937579866,0.8385732209550258,L1/L2,L4/L5,0.2121880753955192,0.0849911026997365,complete
test,2D,EfficientNet,f1_macro,0.42103878284769963,0.5225385553329052,0.6387209454827381,0.6784265326281245,0.5783381139335148,0.5678125860449963,L4/L5,L1/L2,0.25738774978042483,0.10120093195729132,complete
test,2D,EfficientNet,oa,0.9496468038257376,0.8980539778894695,0.817701800871717,0.7374587284302184,0.7900047937579866,0.8385732209550258,L1/L2,L4/L5,0.2121880753955192,0.0849911026997365,complete
test,2D,EfficientNet,omae,0.055360555109784146,0.10696664733580516,0.18572047678774356,0.2749435843419927,0.22464880975769122,0.16952801466660333,L1/L2,L4/L5,0.21958302923220852,0.08854529026854298,complete
test,2D,EfficientNet,qwk,0.2967426308878038,0.5155689159456933,0.6709208493189225,0.7203409618927892,0.5566318720524036,0.5520410460195225,L4/L5,L1/L2,0.4235983310049854,0.16506501903795862,complete
test,2D,EfficientNet,ser,0.005007358935521828,0.005020625225274508,0.0034222776594604563,0.012402312772211141,0.014653603515677826,0.008101235621629153,L3/L4,L5/S1,0.01123132585621737,0.005059339646854294,complete
validation,2.5D-to-3D,MaxViT,accuracy,0.9514875532206295,0.8820016347341049,0.7805116012324819,0.7110770714469353,0.783285919291455,0.8216727559851214,L1/L2,L4/L5,0.24041048177369417,0.09472413964084413,complete
validation,2.5D-to-3D,MaxViT,f1_macro,0.41356569967575496,0.47506859297325504,0.5318212183698916,0.6122997499424476,0.5202788296598829,0.5106068181242465,L4/L5,L1/L2,0.19873405026669266,0.07342512356701544,complete
validation,2.5D-to-3D,MaxViT,oa,0.9514875532206295,0.8820016347341049,0.7805116012324819,0.7110770714469353,0.783285919291455,0.8216727559851214,L1/L2,L4/L5,0.24041048177369417,0.09472413964084413,complete
validation,2.5D-to-3D,MaxViT,omae,0.0548532241437492,0.1272270586584728,0.23217844693783313,0.3146956084008982,0.2406235902682941,0.19391558568184947,L1/L2,L4/L5,0.259842384257149,0.10249292434731394,complete
validation,2.5D-to-3D,MaxViT,qwk,0.27914422782123227,0.39449075724243526,0.5279783357636298,0.6165941931435303,0.45120983252166996,0.45388346929849954,L4/L5,L1/L2,0.337449965322298,0.12848470140613924,complete
validation,2.5D-to-3D,MaxViT,ser,0.0063407773643788246,0.009228693392577734,0.012690048170315025,0.025772679847833668,0.02390950955974901,0.01558834166697085,L1/L2,L4/L5,0.019431902483454843,0.008765347343079244,complete
test,2.5D-to-3D,MaxViT,accuracy,0.9476318112785792,0.8768912811587274,0.7693746915128401,0.7002106888945859,0.7736824585282558,0.8135581862745976,L1/L2,L4/L5,0.24742112238399327,0.09794989518152233,complete
test,2.5D-to-3D,MaxViT,f1_macro,0.4137779464660191,0.4618215132741478,0.5173838033743833,0.5935970366752285,0.5061499639299577,0.4985460527439473,L4/L5,L1/L2,0.17981909020920933,0.0670479185017307,complete
test,2.5D-to-3D,MaxViT,oa,0.9476318112785792,0.8768912811587274,0.7693746915128401,0.7002106888945859,0.7736824585282558,0.8135581862745976,L1/L2,L4/L5,0.24742112238399327,0.09794989518152233,complete
test,2.5D-to-3D,MaxViT,omae,0.058375624792359714,0.13582555772725374,0.24519618436532262,0.32676764188530055,0.25171546110001947,0.20357609397405124,L1/L2,L4/L5,0.26839201709294086,0.10594703804324587,complete
test,2.5D-to-3D,MaxViT,qwk,0.25387188080197853,0.3719813662594871,0.5162450683198369,0.613496076540738,0.44365422605322247,0.4398497235950526,L4/L5,L1/L2,0.3596241957387595,0.13711095029510204,complete
test,2.5D-to-3D,MaxViT,ser,0.0060074360709390165,0.01271683888598123,0.01457087587816266,0.0269783307798864,0.02539791962827531,0.017134280248648926,L1/L2,L4/L5,0.020970894708947384,0.00887531067304606,complete
validation,2D,MaxViT,accuracy,0.9547479014256857,0.9030410463898496,0.8253302159045187,0.7431531346694684,0.7969230897314492,0.8446390776241943,L1/L2,L4/L5,0.21159476675621725,0.08438570271905141,complete
validation,2D,MaxViT,f1_macro,0.4172561516018692,0.5332660130854121,0.6149519653230471,0.6746880982346793,0.5706057758840635,0.5621536008258141,L4/L5,L1/L2,0.25743194663281016,0.09663447001578808,complete
validation,2D,MaxViT,oa,0.9547479014256857,0.9030410463898496,0.8253302159045187,0.7431531346694684,0.7969230897314492,0.8446390776241943,L1/L2,L4/L5,0.21159476675621725,0.08438570271905141,complete
validation,2D,MaxViT,omae,0.04969415798553344,0.10214039566731456,0.17847378261548524,0.26704533106505385,0.21542447615526336,0.16255562869773008,L1/L2,L4/L5,0.2173511730795204,0.08711244530761464,complete
validation,2D,MaxViT,qwk,0.3268626340433209,0.5051065370527574,0.6520957552142839,0.7115687911799401,0.5960704538336916,0.5583408342647987,L4/L5,L1/L2,0.3847061571366192,0.15009027596156965,complete
validation,2D,MaxViT,ser,0.004442059411218961,0.005181442057164312,0.0038039985200040045,0.010198465734522207,0.012347565886712512,0.007194706321924399,L3/L4,L5/S1,0.008543567366708507,0.0038308527025969776,complete
test,2D,MaxViT,accuracy,0.9507947263071413,0.9001160197092248,0.818946191628022,0.7457612041639382,0.794683784515987,0.8420603852648627,L1/L2,L4/L5,0.20503352214320314,0.08253174258935825,complete
test,2D,MaxViT,f1_macro,0.42463445600091126,0.5131525615615742,0.6319305196575618,0.6735977320772086,0.5658364795568962,0.5618303497708304,L4/L5,L1/L2,0.24896327607629737,0.09825257117997428,complete
test,2D,MaxViT,oa,0.9507947263071413,0.9001160197092248,0.818946191628022,0.7457612041639382,0.794683784515987,0.8420603852648627,L1/L2,L4/L5,0.20503352214320314,0.08253174258935825,complete
test,2D,MaxViT,omae,0.05420388898427634,0.1047627474616338,0.18503273063938386,0.2636584759982619,0.21882119038134085,0.16529580669297936,L1/L2,L4/L5,0.2094545870139856,0.08505203263123062,complete
test,2D,MaxViT,qwk,0.3015089193970589,0.509144763206758,0.6527709835913594,0.7228933017475179,0.5562773758957589,0.5485190687676906,L4/L5,L1/L2,0.42138438235045894,0.16116713066852797,complete
test,2D,MaxViT,ser,0.004998615291417921,0.00487876717085862,0.00397892226740582,0.009419680162200092,0.013504974897327751,0.00735619195784204,L3/L4,L5/S1,0.00952605262992193,0.004036312273647872,complete
validation,2.5D-to-3D,ViT,accuracy,0.947424617717284,0.8746895472746067,0.7463953494066295,0.6104108176354768,0.7304582841878908,0.7818757232443776,L1/L2,L4/L5,0.33701380008180726,0.13164693902117416,complete
validation,2.5D-to-3D,ViT,f1_macro,0.3332310721545177,0.33949728988810646,0.3655482572922052,0.38561526226184434,0.29878630660892813,0.3445356376411204,L4/L5,L5/S1,0.0868289556529162,0.03307281807767159,complete
validation,2.5D-to-3D,ViT,oa,0.947424617717284,0.8746895472746067,0.7463953494066295,0.6104108176354768,0.7304582841878908,0.7818757232443776,L1/L2,L4/L5,0.33701380008180726,0.13164693902117416,complete
validation,2.5D-to-3D,ViT,omae,0.062343225628143394,0.14462697550648462,0.2859152261886388,0.47875565213177645,0.34175634071553657,0.26267948403411595,L1/L2,L4/L5,0.4164124265036331,0.16397634783530893,complete
validation,2.5D-to-3D,ViT,qwk,0.03222541508060038,0.0810765760058616,0.1897226001565171,0.2538809750216949,0.033432846026766085,0.11806768245828803,L4/L5,L1/L2,0.22165555994109448,0.09934783594794751,complete
validation,2.5D-to-3D,ViT,ser,0.009767843345427508,0.019316522781091288,0.03231057559526834,0.08916646976725313,0.07221462490342742,0.04455520727849354,L1/L2,L4/L5,0.07939862642182563,0.034468431258980844,complete
test,2.5D-to-3D,ViT,accuracy,0.9422186742063356,0.872746504480458,0.7430135321237921,0.603097013527712,0.7279195685415932,0.7777990585759782,L1/L2,L4/L5,0.3391216606786237,0.13254020937861752,complete
test,2.5D-to-3D,ViT,f1_macro,0.33233628185777997,0.34071806894855283,0.3677418556732717,0.3754080256197933,0.29942334887241534,0.34312551619436266,L4/L5,L5/S1,0.07598467674737797,0.030332356455567575,complete
test,2.5D-to-3D,ViT,oa,0.9422186742063356,0.872746504480458,0.7430135321237921,0.603097013527712,0.7279195685415932,0.7777990585759782,L1/L2,L4/L5,0.3391216606786237,0.13254020937861752,complete
test,2.5D-to-3D,ViT,omae,0.06866515058381555,0.1469456912430999,0.2931202958145314,0.4938423735947513,0.337829073538544,0.26808051695494844,L1/L2,L4/L5,0.42517722301093575,0.16650855978706908,complete
test,2.5D-to-3D,ViT,qwk,0.009599909958713357,0.07924087071650529,0.17197929611073218,0.22376477739053388,0.029804871344885558,0.10287794510427403,L4/L5,L1/L2,0.21416486743182053,0.09217890236653727,complete
test,2.5D-to-3D,ViT,ser,0.01088382479015114,0.01969219572355795,0.03613382793832351,0.09693938712246317,0.06574864208013724,0.0458795755309266,L1/L2,L4/L5,0.08605556233231203,0.03538129870611298,complete
validation,2D,ViT,accuracy,0.9563119214954672,0.9017042936528282,0.8149419286659267,0.7292276788383784,0.772796198037722,0.8349964041380644,L1/L2,L4/L5,0.22708424265708882,0.09303959930066917,complete
validation,2D,ViT,f1_macro,0.4739599604505159,0.5348510143906074,0.5834090845481709,0.5924331563986897,0.49456036756495775,0.5358427166705884,L4/L5,L1/L2,0.11847319594817374,0.052439795385207155,complete
validation,2D,ViT,oa,0.9563119214954672,0.9017042936528282,0.8149419286659267,0.7292276788383784,0.772796198037722,0.8349964041380644,L1/L2,L4/L5,0.22708424265708882,0.09303959930066917,complete
validation,2D,ViT,omae,0.04610961798861872,0.10195647949323985,0.1909728933346481,0.29158062864338097,0.2654025420637995,0.17920443230473743,L1/L2,L4/L5,0.24547101065476223,0.1047359729462598,complete
validation,2D,ViT,qwk,0.45072050363206373,0.4916540841007033,0.5525859236319356,0.5771967763506802,0.42362043976943403,0.49915554549696334,L4/L5,L5/S1,0.1535763365812462,0.06529359926825225,complete
validation,2D,ViT,ser,0.00242153948408576,0.003660773146068136,0.005914822000574741,0.020808307481759165,0.03819874010152163,0.014200836442801887,L1/L2,L5/S1,0.035777200617435875,0.015313889610590638,complete
test,2D,ViT,accuracy,0.9525227229545532,0.8930077501339394,0.8069574345194438,0.7255154310796158,0.7694823288046243,0.8294971334984351,L1/L2,L4/L5,0.2270072918749374,0.09231861044348398,complete
test,2D,ViT,f1_macro,0.45321749420039614,0.5165223536695251,0.5665862283531581,0.5834664926495996,0.48937183945570906,0.5218328816656777,L4/L5,L1/L2,0.13024899844920346,0.0538320453090286,complete
test,2D,ViT,oa,0.9525227229545532,0.8930077501339394,0.8069574345194438,0.7255154310796158,0.7694823288046243,0.8294971334984351,L1/L2,L4/L5,0.2270072918749374,0.09231861044348398,complete
test,2D,ViT,omae,0.0496203316799864,0.11124211890106772,0.2025713492601159,0.2998199593137123,0.26285983086221315,0.1852227180034191,L1/L2,L4/L5,0.2501996276337259,0.10406988065191083,complete
test,2D,ViT,qwk,0.4315199255124867,0.4757774832242214,0.5321714364612703,0.5697814721275936,0.3978526799831333,0.481420599461741,L4/L5,L5/S1,0.17192879214446027,0.07051384697679387,complete
test,2D,ViT,ser,0.002143054634539596,0.004249869035007064,0.009528783779559674,0.02533539039332819,0.03234215966683738,0.01471985150185438,L1/L2,L5/S1,0.030199105032297783,0.013397564586644643,complete
